date,weekday,province_code,special,prize1,prize2,prize3_1,prize3_2,prize4_1,prize4_2,prize4_3,prize4_4,prize4_5,prize4_6,prize4_7,prize5,prize6_1,prize6_2,prize6_3,prize7,prize8,signature,source_url,qc_status
2020-01-01,Wednesday,KHANH_HOA,279765,06467,61368,00416,65695,55632,94435,62520,89162,71817,95961,03191,3430,6625,0305,5174,322,48,da08b8b0566e8271,https://xoso.com.vn/xsmt-01-01-2020.html,OK
2020-01-05,Sunday,KHANH_HOA,417146,80175,45960,19044,50598,84161,18498,34912,37461,02571,93695,59170,4528,4456,2277,6922,368,30,8de009196d127c2b,https://xoso.com.vn/xsmt-05-01-2020.html,OK
2020-01-05,Sunday,KON_TUM,706355,61472,60825,96808,63816,47336,91521,16757,61106,19075,70234,84476,1471,1658,1604,6818,611,19,f27dc1130dc72e37,https://xoso.com.vn/xsmt-05-01-2020.html,OK
2020-01-06,Monday,HUE,247502,93524,86152,67114,21218,32651,88412,39006,66241,65245,05344,25332,7307,0610,0783,4410,423,93,e10574512f2d9ce2,https://xoso.com.vn/xsmt-06-01-2020.html,OK
2020-01-08,Wednesday,KHANH_HOA,044140,31058,61284,46239,22375,22811,59327,65856,71349,69094,43962,63488,0383,7644,0092,5106,286,18,92b30c7ab594f5c3,https://xoso.com.vn/xsmt-08-01-2020.html,OK
2020-01-12,Sunday,KHANH_HOA,158570,09521,14839,38491,46869,89982,89942,35046,52268,89944,82097,62882,8275,2654,8654,6923,081,65,aaefdca32c00d85a,https://xoso.com.vn/xsmt-12-01-2020.html,OK
2020-01-12,Sunday,KON_TUM,126760,13214,91696,78844,82845,80574,11184,33769,45823,48439,74979,91024,7970,8642,5778,0139,947,73,613ff7b980a339e7,https://xoso.com.vn/xsmt-12-01-2020.html,OK
2020-01-13,Monday,HUE,060496,42134,79341,13153,07509,18590,19186,41338,17028,45085,34121,24277,3043,7709,9901,1735,614,03,aa875ff238313ccd,https://xoso.com.vn/xsmt-13-01-2020.html,OK
2020-01-15,Wednesday,KHANH_HOA,862898,30183,24915,53020,85050,92304,99993,21542,27978,30590,09393,68759,8365,4991,7644,8851,050,29,ab138a302d62f01c,https://xoso.com.vn/xsmt-15-01-2020.html,OK
2020-01-19,Sunday,KHANH_HOA,606142,19726,29756,66835,28543,64041,23718,94598,71639,67477,32510,61939,7154,6219,3637,2514,364,80,34fa4ed6dca38517,https://xoso.com.vn/xsmt-19-01-2020.html,OK
2020-01-19,Sunday,KON_TUM,333664,54229,68901,19704,49006,47627,86403,67540,12549,58644,12742,75360,3724,3502,3470,6242,214,89,8aad2cc5fcc639ff,https://xoso.com.vn/xsmt-19-01-2020.html,OK
2020-01-20,Monday,HUE,029735,67589,29179,94276,57102,40124,28100,12322,06990,78741,64731,88971,4406,7602,4752,3585,384,84,b152d363afe07f9b,https://xoso.com.vn/xsmt-20-01-2020.html,OK
2020-01-22,Wednesday,KHANH_HOA,808803,06879,92981,44030,84241,78728,37913,32568,85357,59453,11673,28946,1575,3998,2461,7808,116,81,d1d9af1996a8b99f,https://xoso.com.vn/xsmt-22-01-2020.html,OK
2020-01-26,Sunday,KHANH_HOA,521281,47108,44366,99921,19190,52184,30449,21512,85948,43049,87935,09106,3415,8170,8947,7875,284,56,a045c506c4864cf2,https://xoso.com.vn/xsmt-26-01-2020.html,OK
2020-01-26,Sunday,KON_TUM,768587,58483,25065,16415,80172,49831,30323,06614,29295,89221,34713,14328,0910,8761,2834,3368,121,91,6c898fd140ac4a2b,https://xoso.com.vn/xsmt-26-01-2020.html,OK
2020-01-27,Monday,HUE,467901,63677,11902,67637,54058,51169,74994,46319,51630,10600,21128,01592,8206,2087,1907,5025,872,70,c124ef8c4f09d14b,https://xoso.com.vn/xsmt-27-01-2020.html,OK
2020-01-29,Wednesday,KHANH_HOA,797386,02493,72188,28083,93736,23185,69580,96007,78495,89815,47199,07436,7248,1045,1760,1490,070,52,b0f0c952ffec80e3,https://xoso.com.vn/xsmt-29-01-2020.html,OK
2020-02-02,Sunday,KHANH_HOA,750166,52919,71224,19884,93125,26897,17420,51547,57112,61719,05154,84033,9066,3900,4261,2815,552,32,0c23c0ed3bd2912f,https://xoso.com.vn/xsmt-02-02-2020.html,OK
2020-02-02,Sunday,KON_TUM,488635,81776,78979,88017,05632,06147,34213,73753,31167,74360,19780,45024,7878,7397,4845,7002,897,99,8233629b78766965,https://xoso.com.vn/xsmt-02-02-2020.html,OK
2020-02-03,Monday,HUE,810522,28060,01391,60291,95587,16015,83955,38377,85836,55040,15638,95041,4019,1535,8540,2270,330,19,797d978a4ecfe63e,https://xoso.com.vn/xsmt-03-02-2020.html,OK
2020-02-05,Wednesday,KHANH_HOA,766997,64582,49365,96604,22847,93861,30353,18176,45091,46459,09953,41434,0104,9149,1411,6853,890,38,fea77cb259bdbba7,https://xoso.com.vn/xsmt-05-02-2020.html,OK
2020-02-09,Sunday,KHANH_HOA,441730,07948,95772,98914,48931,86315,68509,28877,19619,31743,72132,18304,3553,8212,2766,6960,702,29,805721e36eda69f8,https://xoso.com.vn/xsmt-09-02-2020.html,OK
2020-02-09,Sunday,KON_TUM,553673,89884,31519,74108,73779,11681,10324,57006,38036,99732,78312,73104,0395,3340,7262,5280,495,77,c826a0e8b817d215,https://xoso.com.vn/xsmt-09-02-2020.html,OK
2020-02-10,Monday,HUE,986281,63805,88382,49802,68191,77130,30171,79398,11844,54967,27449,23225,6325,7117,9928,8852,101,25,f31124b3025dcb61,https://xoso.com.vn/xsmt-10-02-2020.html,OK
2020-02-12,Wednesday,KHANH_HOA,857781,25171,31161,96994,80466,44934,55167,15790,60549,56023,36806,41269,2198,3315,6190,6793,964,56,21efbc30af879366,https://xoso.com.vn/xsmt-12-02-2020.html,OK
2020-02-16,Sunday,KHANH_HOA,862684,22380,99624,10308,80581,36502,42101,25076,27305,84935,06406,18418,3521,1862,9308,7707,012,04,76ae0ded816d3381,https://xoso.com.vn/xsmt-16-02-2020.html,OK
2020-02-16,Sunday,KON_TUM,082926,26059,82760,97797,21483,09125,48747,09446,85308,24964,47879,39922,9885,7222,5165,1447,422,89,cc86657a23f26b95,https://xoso.com.vn/xsmt-16-02-2020.html,OK
2020-02-17,Monday,HUE,658149,15356,36074,56762,47911,41445,19194,84050,20029,23429,76908,58146,0194,3000,3948,5545,000,96,d64d389879e33dbd,https://xoso.com.vn/xsmt-17-02-2020.html,OK
2020-02-19,Wednesday,KHANH_HOA,257147,84358,27050,80804,91199,77281,40978,62678,62506,43610,72490,75614,4953,5316,4099,4674,381,03,66644b742fd6cd0b,https://xoso.com.vn/xsmt-19-02-2020.html,OK
2020-02-23,Sunday,KHANH_HOA,961014,22160,31652,51159,10703,47816,42541,48558,79941,95217,02176,32189,4047,8108,9054,8672,024,77,e4dac5701fda1bfb,https://xoso.com.vn/xsmt-23-02-2020.html,OK
2020-02-23,Sunday,KON_TUM,390560,12141,68761,31084,56610,76277,50098,93160,22419,65224,16290,01801,1580,6295,0907,8936,345,72,7b1e08c5b4c103ae,https://xoso.com.vn/xsmt-23-02-2020.html,OK
2020-02-24,Monday,HUE,828017,07017,90330,55308,79455,61591,06317,72638,23625,60697,09763,11162,3441,0094,2568,0424,609,85,fa297acbcacfbf71,https://xoso.com.vn/xsmt-24-02-2020.html,OK
2020-02-26,Wednesday,KHANH_HOA,901455,22783,40777,34983,26191,53730,78600,17679,57825,18851,13995,41835,1487,8577,2132,1788,336,05,f7ad9d3b5c57a726,https://xoso.com.vn/xsmt-26-02-2020.html,OK
2020-03-01,Sunday,KHANH_HOA,185095,02375,30956,79014,52010,72138,05381,78511,63678,62880,19814,26422,2276,4703,1018,4522,219,82,0234bb10f1df3240,https://xoso.com.vn/xsmt-01-03-2020.html,OK
2020-03-01,Sunday,KON_TUM,605400,41648,50150,57714,06821,12743,48320,23690,96463,78602,85926,12938,0913,5644,3480,9152,268,94,6f1ee2041a87c2b0,https://xoso.com.vn/xsmt-01-03-2020.html,OK
2020-03-02,Monday,HUE,737783,04724,70971,19037,99877,50293,77665,51128,20866,04520,28185,63294,0708,5054,0869,0647,523,28,c58c7338226c3c31,https://xoso.com.vn/xsmt-02-03-2020.html,OK
2020-03-04,Wednesday,KHANH_HOA,001728,65723,51827,96971,45148,64469,67094,57891,15239,04136,02057,72703,4188,2845,2573,2203,469,93,cc4dd63557671a02,https://xoso.com.vn/xsmt-04-03-2020.html,OK
2020-03-08,Sunday,KHANH_HOA,692810,01724,97082,49030,93347,17272,56681,27120,19149,83742,96280,22865,4980,6288,7423,0629,849,07,0940bbaaf6a38d27,https://xoso.com.vn/xsmt-08-03-2020.html,OK
2020-03-08,Sunday,KON_TUM,184615,12669,15885,75157,49589,94435,43160,92149,42164,13879,11908,04005,0305,7747,6369,4595,261,94,7222465bdbe42caf,https://xoso.com.vn/xsmt-08-03-2020.html,OK
2020-03-09,Monday,HUE,745361,46948,99688,34277,05285,12186,58507,89869,72527,45195,38259,65209,2913,0968,5209,0361,632,39,781c5dcb512baf93,https://xoso.com.vn/xsmt-09-03-2020.html,OK
2020-03-11,Wednesday,KHANH_HOA,927785,69619,00546,60087,15316,39241,78944,82071,78186,66492,60516,67355,1627,9395,3830,7036,096,42,81b63852839a8385,https://xoso.com.vn/xsmt-11-03-2020.html,OK
2020-03-15,Sunday,KHANH_HOA,822730,13259,57918,80290,17465,42703,58230,41024,76249,05318,07901,88088,5323,1283,0805,4797,716,17,40bd827de5ed0abb,https://xoso.com.vn/xsmt-15-03-2020.html,OK
2020-03-15,Sunday,KON_TUM,275447,42912,59443,31822,59435,61716,14569,75091,35598,51605,72114,81137,7027,3799,0537,9306,898,97,70449c9220f65cbc,https://xoso.com.vn/xsmt-15-03-2020.html,OK
2020-03-16,Monday,HUE,690355,48928,94866,53341,80017,85795,18782,16869,87538,49636,20942,11579,4411,0439,0770,6755,341,96,bfc5f55613cfe2ba,https://xoso.com.vn/xsmt-16-03-2020.html,OK
2020-03-18,Wednesday,KHANH_HOA,351676,77197,58677,68231,22079,82015,73127,86369,65094,26304,88505,87110,7581,1921,2809,2709,264,42,63d95f1993a3bafc,https://xoso.com.vn/xsmt-18-03-2020.html,OK
2020-03-22,Sunday,KHANH_HOA,724248,74934,11168,77633,83456,50208,75099,90196,23962,00420,36249,24823,2346,1632,0505,6074,674,30,5e434a9236d2d89c,https://xoso.com.vn/xsmt-22-03-2020.html,OK
2020-03-22,Sunday,KON_TUM,561978,38074,15226,69728,71154,56545,67394,34939,26718,77745,73769,45285,1604,1432,0964,3494,435,54,956af9270bd46b5a,https://xoso.com.vn/xsmt-22-03-2020.html,OK
2020-03-23,Monday,HUE,524007,03770,60108,16402,30197,90634,23117,58143,29719,20247,34011,26904,1922,9608,1123,0723,759,11,a7166631dba3376a,https://xoso.com.vn/xsmt-23-03-2020.html,OK
2020-03-25,Wednesday,KHANH_HOA,856476,53271,20953,14722,16989,43372,65453,23596,82719,55772,27912,53996,2711,3657,1962,3199,498,12,1e4e739dccf58443,https://xoso.com.vn/xsmt-25-03-2020.html,OK
2020-03-29,Sunday,KHANH_HOA,048372,46260,12641,53371,83935,66893,81863,70253,02359,13759,31973,09708,1331,7333,3704,5382,148,12,595b6bf3bd0e9f84,https://xoso.com.vn/xsmt-29-03-2020.html,OK
2020-03-29,Sunday,KON_TUM,192597,04591,22266,16974,52344,45595,00515,17867,28206,79020,82790,70781,1789,6385,6306,5785,180,50,0799128bcb95803f,https://xoso.com.vn/xsmt-29-03-2020.html,OK
2020-03-30,Monday,HUE,381455,57756,46230,60537,64001,55403,24975,24225,24048,15461,79113,99176,4842,6016,2671,5692,924,17,2563f981f0e706f2,https://xoso.com.vn/xsmt-30-03-2020.html,OK
2020-04-26,Sunday,KHANH_HOA,493991,18824,92127,80550,70100,68814,40561,14216,33899,81201,78340,64965,5012,7517,7256,5190,795,09,8987c001ef2ef4f8,https://xoso.com.vn/xsmt-26-04-2020.html,OK
2020-04-26,Sunday,KON_TUM,155397,99128,64089,69986,67683,88078,66144,26147,55070,53944,27779,53680,8441,4676,5451,4213,823,67,b3c527f78812bdbd,https://xoso.com.vn/xsmt-26-04-2020.html,OK
2020-04-27,Monday,HUE,373307,48337,82598,33357,43735,54254,33814,97273,69323,82808,55474,49618,1393,1027,7974,7589,249,28,9415ce460ad4efc0,https://xoso.com.vn/xsmt-27-04-2020.html,OK
2020-04-29,Wednesday,KHANH_HOA,651785,16443,28359,72167,15052,58416,29579,06044,38372,26129,66993,33551,2328,6497,4745,4427,616,38,de4dd095a33c6069,https://xoso.com.vn/xsmt-29-04-2020.html,OK
2020-05-03,Sunday,KHANH_HOA,518683,00874,67313,85540,94753,14752,54378,96260,09850,43853,15182,72653,9387,2527,9740,4320,766,18,789f9466ec61914b,https://xoso.com.vn/xsmt-03-05-2020.html,OK
2020-05-03,Sunday,KON_TUM,191411,94894,51725,14130,27605,41993,13747,57764,78279,44837,89376,22829,5241,8899,8054,1018,167,42,4b8f0fce4c8299fb,https://xoso.com.vn/xsmt-03-05-2020.html,OK
2020-05-04,Monday,HUE,550668,14610,83146,34456,56496,00664,01100,32781,98902,25556,03671,87588,1955,0331,8686,2980,809,17,44f590d6e73fac1e,https://xoso.com.vn/xsmt-04-05-2020.html,OK
2020-05-06,Wednesday,KHANH_HOA,205099,99374,80961,48425,42363,41195,69796,05697,56120,76504,95609,10660,9232,0978,0331,9103,559,63,70dc2919bfa9bbef,https://xoso.com.vn/xsmt-06-05-2020.html,OK
2020-05-10,Sunday,KHANH_HOA,076507,33639,78404,55219,21126,16884,62870,16858,24948,54218,91950,35047,9651,3409,5294,1646,303,50,35162087649b03e2,https://xoso.com.vn/xsmt-10-05-2020.html,OK
2020-05-10,Sunday,KON_TUM,985588,35571,43041,36999,77165,92694,36591,84594,81848,91977,84412,72006,2358,2593,9032,0216,398,78,fa82e40513821388,https://xoso.com.vn/xsmt-10-05-2020.html,OK
2020-05-11,Monday,HUE,481192,09641,10094,85909,41756,15203,76005,95047,43729,21198,84835,30650,1579,3971,2623,2784,220,75,b27f694c6142f29f,https://xoso.com.vn/xsmt-11-05-2020.html,OK
2020-05-13,Wednesday,KHANH_HOA,328093,77980,15031,33841,91954,52386,99944,95444,88733,92811,59835,58787,5615,9892,2782,4585,729,30,da474079261a808e,https://xoso.com.vn/xsmt-13-05-2020.html,OK
2020-05-17,Sunday,KHANH_HOA,516671,88701,34401,63084,88429,57280,67532,62289,85113,06160,06165,34808,9816,0363,5189,7397,169,30,a89cf338fea544cb,https://xoso.com.vn/xsmt-17-05-2020.html,OK
2020-05-17,Sunday,KON_TUM,404759,39325,52795,53020,31946,59779,73625,33454,27721,91379,13052,94206,4084,5785,0851,7847,896,12,d76157e1f777644c,https://xoso.com.vn/xsmt-17-05-2020.html,OK
2020-05-18,Monday,HUE,059261,99576,98704,50217,89902,26582,39089,97587,01250,79080,98404,37191,7711,3838,7667,3565,029,38,c4173a4393a04497,https://xoso.com.vn/xsmt-18-05-2020.html,OK
2020-05-20,Wednesday,KHANH_HOA,123831,04224,29858,04894,80513,23960,49902,10252,27168,15164,70257,19477,1964,0073,9645,3232,660,99,aa841238e0c0e7ce,https://xoso.com.vn/xsmt-20-05-2020.html,OK
2020-05-24,Sunday,KHANH_HOA,003722,64024,50976,74600,87555,22499,04256,79419,52012,97968,18350,33529,4560,6516,1989,7069,726,23,c4855b9ae6005ac7,https://xoso.com.vn/xsmt-24-05-2020.html,OK
2020-05-24,Sunday,KON_TUM,151901,15370,68666,47363,70629,61842,85106,44537,61521,45884,79211,11495,4670,5870,7027,0349,668,65,edd3763ebf61bbc6,https://xoso.com.vn/xsmt-24-05-2020.html,OK
2020-05-25,Monday,HUE,006272,72068,02941,55851,21399,76915,93641,84418,13226,49106,21276,60171,5665,5937,2136,6111,040,98,bbe6536d47ffc8a1,https://xoso.com.vn/xsmt-25-05-2020.html,OK
2020-05-27,Wednesday,KHANH_HOA,757705,28377,84315,89798,49254,76171,28354,50621,13257,42624,72868,99270,9694,8430,1999,7809,333,79,beb156e3b9df8b47,https://xoso.com.vn/xsmt-27-05-2020.html,OK
2020-05-31,Sunday,KHANH_HOA,111540,50311,17029,94057,52482,51735,83166,22826,00232,52611,92883,66674,4755,0817,4798,7512,420,02,30f88ea70b62c412,https://xoso.com.vn/xsmt-31-05-2020.html,OK
2020-05-31,Sunday,KON_TUM,140266,18874,65940,61461,25841,27030,88830,82731,19700,23588,69457,89295,2787,0795,4763,4842,853,68,dfd7df77060d8503,https://xoso.com.vn/xsmt-31-05-2020.html,OK
2020-06-01,Monday,HUE,988336,13763,07783,80662,97482,23690,23216,39841,26782,04001,47795,19434,7787,5038,6667,6028,110,21,b8bf8e377aae5a13,https://xoso.com.vn/xsmt-01-06-2020.html,OK
2020-06-03,Wednesday,KHANH_HOA,862992,29744,56523,45358,44554,77317,65508,75785,34245,32060,14008,55288,6257,5580,2160,9203,967,10,0503a6f175edb690,https://xoso.com.vn/xsmt-03-06-2020.html,OK
2020-06-07,Sunday,KHANH_HOA,222523,18825,77627,42158,54657,80098,66804,53160,07183,99023,70401,15186,4318,0374,7245,3033,723,44,6a484cc41df61bc7,https://xoso.com.vn/xsmt-07-06-2020.html,OK
2020-06-07,Sunday,KON_TUM,415638,42439,29562,43014,17701,72146,42022,74613,20181,74854,32107,95034,8206,4027,5273,5672,860,90,ba645b9f4cc76a5f,https://xoso.com.vn/xsmt-07-06-2020.html,OK
2020-06-08,Monday,HUE,857592,87578,15893,26545,11786,08807,04891,60328,61278,36476,06786,77282,8739,3886,9117,9167,410,53,2f78c6b02d7ecea5,https://xoso.com.vn/xsmt-08-06-2020.html,OK
2020-06-10,Wednesday,KHANH_HOA,482640,96532,58361,20207,94442,71352,61287,58935,19179,23761,35757,46746,3731,3920,0289,7210,052,71,bab80576fe028bc5,https://xoso.com.vn/xsmt-10-06-2020.html,OK
2020-06-14,Sunday,KHANH_HOA,025619,29828,09302,65259,94184,02017,46788,33682,46544,64916,01137,26988,0356,9268,5921,8292,784,44,807246c61a439fb1,https://xoso.com.vn/xsmt-14-06-2020.html,OK
2020-06-14,Sunday,KON_TUM,482548,36681,28703,14627,73126,93810,13334,49316,96471,14069,75174,05027,3030,4140,6095,5017,073,51,f72d92d9f755c751,https://xoso.com.vn/xsmt-14-06-2020.html,OK
2020-06-15,Monday,HUE,301413,00083,39841,05125,40659,72197,48313,45616,77835,58618,82717,42085,8039,2581,7661,4000,700,19,e3976bf8dd930349,https://xoso.com.vn/xsmt-15-06-2020.html,OK
2020-06-17,Wednesday,KHANH_HOA,556547,22636,60267,67996,14343,02402,10684,55840,21204,90798,46373,17793,9112,0977,7388,6688,364,89,56c560153f0a92fa,https://xoso.com.vn/xsmt-17-06-2020.html,OK
2020-06-21,Sunday,KHANH_HOA,798817,64007,71295,91531,59824,81607,05139,76328,41881,23361,77735,89729,8888,5717,8507,0993,316,89,e5dc09fb57192380,https://xoso.com.vn/xsmt-21-06-2020.html,OK
2020-06-21,Sunday,KON_TUM,423701,90682,59350,75911,79453,16778,29697,84540,31341,38347,97494,25868,8960,4338,5094,2942,385,91,89b08e1a1aa5ad01,https://xoso.com.vn/xsmt-21-06-2020.html,OK
2020-06-22,Monday,HUE,702100,88577,29583,75105,56631,54917,86693,88691,31244,32120,21074,81646,5908,7559,6501,0699,374,73,125f7ab3016d92e0,https://xoso.com.vn/xsmt-22-06-2020.html,OK
2020-06-24,Wednesday,KHANH_HOA,046606,00823,70414,11222,80115,40797,24776,28234,88724,14609,71382,80453,4259,3892,9709,6100,719,98,47c16b73fd59d07c,https://xoso.com.vn/xsmt-24-06-2020.html,OK
2020-06-28,Sunday,KHANH_HOA,407133,03401,49246,27851,95172,90220,01170,45728,59191,58435,53804,74002,1152,9886,3992,0977,187,34,6f8be11f58849890,https://xoso.com.vn/xsmt-28-06-2020.html,OK
2020-06-28,Sunday,KON_TUM,551158,16502,78859,12326,36631,38778,85517,72681,65381,14692,54233,40073,9817,6650,7010,8286,606,00,240786643fa29485,https://xoso.com.vn/xsmt-28-06-2020.html,OK
2020-06-29,Monday,HUE,589406,50394,64804,77976,55384,42782,95585,77316,27970,24741,31382,28362,8370,0703,4815,8828,375,17,f986e003549b03df,https://xoso.com.vn/xsmt-29-06-2020.html,OK
2020-07-01,Wednesday,KHANH_HOA,428917,02265,34194,20161,92832,81441,72437,25064,09297,00301,60507,56928,4474,2668,0933,6264,274,20,0f1feef2c6292883,https://xoso.com.vn/xsmt-01-07-2020.html,OK
2020-07-05,Sunday,KHANH_HOA,497673,01653,19679,72035,43609,12575,03573,42249,18407,81525,62845,21899,9432,2783,0232,5031,255,44,dfa992af1e151662,https://xoso.com.vn/xsmt-05-07-2020.html,OK
2020-07-05,Sunday,KON_TUM,251470,24724,80921,10296,94225,41991,42807,01132,05809,46220,32387,43694,4329,9538,6349,1477,501,31,0d7e2ea8a3294812,https://xoso.com.vn/xsmt-05-07-2020.html,OK
2020-07-06,Monday,HUE,509906,38743,36437,28957,58646,16349,61327,10090,35527,18521,29929,38278,0321,3282,5483,4722,724,52,04e2acdf9d01636b,https://xoso.com.vn/xsmt-06-07-2020.html,OK
2020-07-08,Wednesday,KHANH_HOA,781342,82803,95904,12986,65712,38935,91635,22020,15592,30678,63596,38907,2151,8813,2815,9085,956,40,9b19c08b4a133d51,https://xoso.com.vn/xsmt-08-07-2020.html,OK
2020-07-12,Sunday,KHANH_HOA,643818,68541,27671,98308,24088,58236,31798,97906,32703,50045,65739,92984,4628,1787,3831,6550,041,69,b55d2e07c8dfe444,https://xoso.com.vn/xsmt-12-07-2020.html,OK
2020-07-12,Sunday,KON_TUM,547952,31682,77479,19433,85462,60196,69114,16782,66740,04604,34415,69786,0100,0888,5226,9221,811,56,13840ead0bf97d5c,https://xoso.com.vn/xsmt-12-07-2020.html,OK
2020-07-13,Monday,HUE,871213,42401,01396,51863,08730,69416,22047,52024,91052,47606,77224,14517,2170,0632,2424,5480,729,65,238ee6396fdb95f1,https://xoso.com.vn/xsmt-13-07-2020.html,OK
2020-07-15,Wednesday,KHANH_HOA,084934,76422,93769,03641,34458,14436,06424,56009,33259,69308,33952,41847,8143,5737,1584,5492,993,89,0c5e2ebcc9f4b86f,https://xoso.com.vn/xsmt-15-07-2020.html,OK
2020-07-19,Sunday,KHANH_HOA,354688,58328,70670,12377,43325,67940,18292,26725,59963,52749,25893,27102,2004,7965,7585,7347,591,84,c59ce7757bec84ae,https://xoso.com.vn/xsmt-19-07-2020.html,OK
2020-07-19,Sunday,KON_TUM,660492,78117,87669,85486,47462,73891,63577,10340,17592,73148,10128,93947,9238,9181,5318,0968,414,33,3c655f2f0326e002,https://xoso.com.vn/xsmt-19-07-2020.html,OK
2020-07-20,Monday,HUE,374369,22078,22601,38956,59915,48527,65014,99223,77405,93363,30688,92221,9491,0944,3855,7334,295,67,df82bae1f48ba08e,https://xoso.com.vn/xsmt-20-07-2020.html,OK
2020-07-22,Wednesday,KHANH_HOA,453120,85677,46278,62848,30717,68630,36409,96195,70172,63271,31924,40571,2545,9039,6121,0856,939,83,6911f2fdd51d1346,https://xoso.com.vn/xsmt-22-07-2020.html,OK
2020-07-26,Sunday,KHANH_HOA,213815,14326,36610,56285,34361,74174,84211,84684,52283,63040,07000,22232,6111,6901,0275,9250,904,86,4789a18b3aa57815,https://xoso.com.vn/xsmt-26-07-2020.html,OK
2020-07-26,Sunday,KON_TUM,109680,70396,07069,16118,73445,34841,00915,45568,37956,44910,63455,44226,0907,1901,4536,9302,245,30,57521c556850b8e8,https://xoso.com.vn/xsmt-26-07-2020.html,OK
2020-07-27,Monday,HUE,634422,38218,75310,39407,13458,81348,56872,05251,40228,53834,63664,40135,9173,1017,2256,4092,994,76,3786ce7f3893a716,https://xoso.com.vn/xsmt-27-07-2020.html,OK
2020-07-29,Wednesday,KHANH_HOA,112464,32182,67428,65963,39887,50602,16280,77092,14327,87314,69710,11893,8683,5499,4819,7774,215,97,99e93e71fea3e58e,https://xoso.com.vn/xsmt-29-07-2020.html,OK
2020-08-02,Sunday,KHANH_HOA,390591,00019,46466,73016,54589,40445,03527,26379,21831,46424,29295,29445,1746,6004,1321,5307,654,55,7855ca063bbd9db0,https://xoso.com.vn/xsmt-02-08-2020.html,OK
2020-08-02,Sunday,KON_TUM,796061,04318,07320,74907,14280,38443,46438,78382,19377,17477,30297,06073,3083,8926,7484,6434,990,59,18b822aba64144d1,https://xoso.com.vn/xsmt-02-08-2020.html,OK
2020-08-03,Monday,HUE,261151,67084,26384,30322,55041,40779,87717,86911,10328,45854,29487,60601,0262,5990,5993,7767,293,47,91d7ba28a2ec6c0a,https://xoso.com.vn/xsmt-03-08-2020.html,OK
2020-08-05,Wednesday,KHANH_HOA,849611,61552,86623,60449,65559,18649,28663,49479,45358,87164,39535,23474,2686,7154,3703,9704,980,99,3537f85acae92e5a,https://xoso.com.vn/xsmt-05-08-2020.html,OK
2020-08-09,Sunday,KHANH_HOA,819414,52328,00285,38956,41784,17485,74602,93334,92244,90133,81670,47067,1964,1550,4400,5941,386,83,a9dea8224cc01575,https://xoso.com.vn/xsmt-09-08-2020.html,OK
2020-08-09,Sunday,KON_TUM,108687,20455,24023,98881,49758,94968,53828,09139,71413,79731,26803,84528,4795,0147,8349,7765,992,34,2f6aa9eed506ceac,https://xoso.com.vn/xsmt-09-08-2020.html,OK
2020-08-10,Monday,HUE,274697,40705,47579,60200,19578,37131,23442,61654,31709,26011,12637,32539,6489,5811,3216,2003,516,25,2c2519599e4a2df3,https://xoso.com.vn/xsmt-10-08-2020.html,OK
2020-08-12,Wednesday,KHANH_HOA,484465,16368,58087,53769,89565,44195,70119,48478,86291,75709,26771,72947,3240,2494,4706,2043,336,76,bed0b77f6f13176b,https://xoso.com.vn/xsmt-12-08-2020.html,OK
2020-08-16,Sunday,KHANH_HOA,963227,04827,69913,26099,06539,66739,79337,73606,74880,19306,87078,24357,0927,2631,9132,2112,400,63,47144e052ffeffd0,https://xoso.com.vn/xsmt-16-08-2020.html,OK
2020-08-16,Sunday,KON_TUM,313970,67295,57308,56782,25554,51307,15321,12027,23347,84522,28777,11512,3154,3697,5705,2125,817,83,f90822e7def933ed,https://xoso.com.vn/xsmt-16-08-2020.html,OK
2020-08-17,Monday,HUE,968010,22894,98238,65493,29953,45067,03378,82367,75031,69373,55637,91833,7595,7409,4900,2810,549,67,9e629161eea4dd01,https://xoso.com.vn/xsmt-17-08-2020.html,OK
2020-08-19,Wednesday,KHANH_HOA,226918,60608,91400,68384,04977,68931,53719,73024,66688,86384,14355,34116,9184,6200,0476,5075,205,43,3ab8427a0b855b5a,https://xoso.com.vn/xsmt-19-08-2020.html,OK
2020-08-23,Sunday,KHANH_HOA,795997,20630,34289,15763,50091,99798,10831,53251,93012,51206,62043,75540,1874,3788,1990,4058,095,08,42fe73a9a218b8b8,https://xoso.com.vn/xsmt-23-08-2020.html,OK
2020-08-23,Sunday,KON_TUM,046258,19032,77570,86553,20678,25828,43703,73901,65153,59127,01296,91114,8607,2742,8235,3672,364,57,8837a4757eb98ea1,https://xoso.com.vn/xsmt-23-08-2020.html,OK
2020-08-24,Monday,HUE,087214,83830,28512,38469,12170,74396,65810,25968,84632,86864,41321,15862,3243,0932,7457,3663,724,81,9da07a9357bd9c04,https://xoso.com.vn/xsmt-24-08-2020.html,OK
2020-08-26,Wednesday,KHANH_HOA,202473,81445,83615,46090,65189,58473,87057,19122,02271,51505,17845,28039,4314,4523,0148,8809,451,51,390a0ed1e34d9922,https://xoso.com.vn/xsmt-26-08-2020.html,OK
2020-08-30,Sunday,KHANH_HOA,694076,13809,98931,02193,12402,42850,18593,32096,28004,75771,94833,86211,3459,8377,5925,1238,463,57,29adc340e045260e,https://xoso.com.vn/xsmt-30-08-2020.html,OK
2020-08-30,Sunday,KON_TUM,005981,70334,28277,84969,64754,81254,77223,40935,92180,76434,78813,38471,5244,1441,5981,6548,404,95,ec6db4218523aa3d,https://xoso.com.vn/xsmt-30-08-2020.html,OK
2020-08-31,Monday,HUE,441012,56518,07081,18588,48500,11191,50747,19314,61175,97245,31600,39094,7070,4445,1053,2882,187,28,c81b49e382078ac3,https://xoso.com.vn/xsmt-31-08-2020.html,OK
2020-09-02,Wednesday,KHANH_HOA,526932,18327,44748,06753,45955,85535,73697,91353,61474,73638,21242,52945,8471,9936,9820,1281,578,70,da733812673cd70c,https://xoso.com.vn/xsmt-02-09-2020.html,OK
2020-09-06,Sunday,KHANH_HOA,318092,61866,99546,93127,52070,46867,85245,22083,81206,56082,12556,87635,9564,0735,2738,8916,485,20,884b85fe6abf2071,https://xoso.com.vn/xsmt-06-09-2020.html,OK
2020-09-06,Sunday,KON_TUM,164281,13915,37362,54282,16145,76768,82736,95548,57118,85659,84582,47268,6716,5894,7986,2526,027,12,473167dbb1961cc9,https://xoso.com.vn/xsmt-06-09-2020.html,OK
2020-09-07,Monday,HUE,068129,11982,35423,74518,52175,44696,08911,77527,21477,08996,11220,13236,8884,2486,5164,0373,127,54,c3a1a23c281bd71d,https://xoso.com.vn/xsmt-07-09-2020.html,OK
2020-09-09,Wednesday,KHANH_HOA,116920,50847,04810,22942,80271,39134,90930,16946,40634,36261,29471,66260,7708,6267,3017,6953,417,78,3ca96b1a6766fe68,https://xoso.com.vn/xsmt-09-09-2020.html,OK
2020-09-13,Sunday,KHANH_HOA,734297,69715,28454,04571,06635,26274,36378,27684,24737,45266,22252,24852,1531,1732,2173,9479,154,28,dd462b2cc4104c87,https://xoso.com.vn/xsmt-13-09-2020.html,OK
2020-09-13,Sunday,KON_TUM,179663,80496,08815,25388,94400,85489,22566,25867,27900,47791,49194,29704,6029,3675,9822,8399,260,15,934004d9bd106f59,https://xoso.com.vn/xsmt-13-09-2020.html,OK
2020-09-14,Monday,HUE,830132,32014,59512,42682,55135,81959,49342,22420,51830,61329,67971,42853,0576,3554,3640,1072,549,08,da420e2645fedc57,https://xoso.com.vn/xsmt-14-09-2020.html,OK
2020-09-16,Wednesday,KHANH_HOA,817624,46590,56212,18491,45249,94436,70420,84868,72503,85232,01781,14633,0056,8648,8359,0051,112,80,57913b19c73fcd01,https://xoso.com.vn/xsmt-16-09-2020.html,OK
2020-09-20,Sunday,KHANH_HOA,795603,86678,58553,82844,25370,11717,12678,83044,25710,76925,19691,91689,9104,5605,7897,7925,994,89,5c1b1580e64cf729,https://xoso.com.vn/xsmt-20-09-2020.html,OK
2020-09-20,Sunday,KON_TUM,643965,00025,67482,61754,64989,15241,35712,53527,87608,41983,50456,38508,7988,5244,5675,5220,489,51,adcca4b575df442f,https://xoso.com.vn/xsmt-20-09-2020.html,OK
2020-09-21,Monday,HUE,465299,45727,74851,75466,26248,09262,97139,52445,73867,47238,04051,50376,0380,2056,6294,6794,742,22,01a2272685dfab44,https://xoso.com.vn/xsmt-21-09-2020.html,OK
2020-09-23,Wednesday,KHANH_HOA,907021,26027,28877,75414,42125,55204,98311,56895,64542,29359,14803,96547,1173,7102,0545,7716,810,93,faccb11e0ab7dddd,https://xoso.com.vn/xsmt-23-09-2020.html,OK
2020-09-27,Sunday,KHANH_HOA,017595,71882,07885,00947,09033,48394,90046,29307,33744,94948,91814,60810,9826,4284,2017,4027,847,59,7e3cef1ddc4c3a4a,https://xoso.com.vn/xsmt-27-09-2020.html,OK
2020-09-27,Sunday,KON_TUM,823535,41589,12170,20932,40464,85296,72125,45138,53378,42820,93062,61246,3562,2426,4311,3340,165,82,faeae2821fcc7e18,https://xoso.com.vn/xsmt-27-09-2020.html,OK
2020-09-28,Monday,HUE,100360,56660,41502,40655,89852,74220,74049,65810,53906,45549,53278,67371,6534,4353,2971,2900,380,17,e52e077975f0336c,https://xoso.com.vn/xsmt-28-09-2020.html,OK
2020-09-30,Wednesday,KHANH_HOA,451958,71610,62334,34699,61147,64567,02981,47914,26180,52048,18509,93128,9674,7898,2771,7865,340,16,48049a45e6328384,https://xoso.com.vn/xsmt-30-09-2020.html,OK
2020-10-04,Sunday,KHANH_HOA,454470,81892,04754,28845,43721,22884,82772,35032,25004,89666,94710,94596,2938,7121,6826,4819,964,22,1542862d2265a4fb,https://xoso.com.vn/xsmt-04-10-2020.html,OK
2020-10-04,Sunday,KON_TUM,749551,61325,43011,64463,31338,25897,08339,82962,67864,22614,89157,64922,5670,2746,8864,4767,311,54,14f6f1dae972a308,https://xoso.com.vn/xsmt-04-10-2020.html,OK
2020-10-05,Monday,HUE,499092,75794,00708,33993,97235,79807,45768,87152,55603,62503,84206,71378,0581,6827,0521,1711,236,62,e89ece909da2e374,https://xoso.com.vn/xsmt-05-10-2020.html,OK
2020-10-07,Wednesday,KHANH_HOA,298688,36973,94285,53062,16624,05527,49068,29872,92830,48265,94531,93064,5518,3591,4072,4618,249,57,eb554474a8543c71,https://xoso.com.vn/xsmt-07-10-2020.html,OK
2020-10-11,Sunday,KHANH_HOA,749657,40210,90628,08907,92866,10646,14266,73931,87036,35156,08604,40433,1429,4369,5018,4910,090,05,a479d49a6f81073f,https://xoso.com.vn/xsmt-11-10-2020.html,OK
2020-10-11,Sunday,KON_TUM,483739,89016,58961,31376,82256,65697,90501,49818,74875,75094,09061,16130,5670,3150,2503,5014,532,06,ce96133c97586afd,https://xoso.com.vn/xsmt-11-10-2020.html,OK
2020-10-12,Monday,HUE,884904,16194,23148,82408,10136,09615,18882,90538,98449,73903,25379,37760,5475,2896,1061,3297,251,11,34d5b3e6dda06c74,https://xoso.com.vn/xsmt-12-10-2020.html,OK
2020-10-14,Wednesday,KHANH_HOA,459511,88579,91668,09648,27785,17755,73129,95324,94731,68236,10484,76085,0947,3285,0062,2400,325,73,36f309c51149aa0b,https://xoso.com.vn/xsmt-14-10-2020.html,OK
2020-10-18,Sunday,KHANH_HOA,305960,93185,76998,24363,99718,69352,18865,25699,32357,11805,68553,43130,3209,9226,1001,8472,094,23,97b7f49deea540c0,https://xoso.com.vn/xsmt-18-10-2020.html,OK
2020-10-18,Sunday,KON_TUM,300146,11666,49838,93093,05966,03375,26149,07620,62721,78749,02996,88544,6727,5673,2386,3007,872,67,74c9582b362be7cc,https://xoso.com.vn/xsmt-18-10-2020.html,OK
2020-10-19,Monday,HUE,543636,51933,17908,25164,84886,99353,54049,73861,54180,97802,38456,19120,3656,1439,8035,8153,921,71,3d8d2b07623863a8,https://xoso.com.vn/xsmt-19-10-2020.html,OK
2020-10-21,Wednesday,KHANH_HOA,087205,44115,02664,03497,88063,09166,02593,00367,10644,99432,48639,20702,1603,3533,2791,5546,831,74,d3eb13cb2393f9c1,https://xoso.com.vn/xsmt-21-10-2020.html,OK
2020-10-25,Sunday,KHANH_HOA,624615,86806,65351,96532,71394,74186,51455,43212,61046,48013,66370,22084,8416,6574,7736,8070,229,59,0118400337636b94,https://xoso.com.vn/xsmt-25-10-2020.html,OK
2020-10-25,Sunday,KON_TUM,993333,66167,03677,52919,34942,47265,66941,02344,02546,03759,11088,58936,2352,5830,8382,1738,988,47,0bd95206e8226a68,https://xoso.com.vn/xsmt-25-10-2020.html,OK
2020-10-26,Monday,HUE,338929,07946,36860,35061,79588,04848,77573,10007,18318,53797,12228,13033,6576,1612,7310,9908,123,06,a664ca1d21981fe9,https://xoso.com.vn/xsmt-26-10-2020.html,OK
2020-10-28,Wednesday,KHANH_HOA,067281,32556,48699,80118,13832,25830,87204,75605,38621,29941,13359,70238,6303,3142,3751,7972,723,51,89160a4a5f9caa4c,https://xoso.com.vn/xsmt-28-10-2020.html,OK
2020-11-01,Sunday,KHANH_HOA,412894,66541,52004,14773,84667,26853,18455,45210,76226,59406,68295,67080,4122,4456,8838,5798,991,51,4eaada854f5af3e9,https://xoso.com.vn/xsmt-01-11-2020.html,OK
2020-11-01,Sunday,KON_TUM,498405,77791,18633,20765,49164,99930,71457,54404,77617,00205,20475,38498,3540,1214,8212,9872,691,85,0c30dccfce192485,https://xoso.com.vn/xsmt-01-11-2020.html,OK
2020-11-02,Monday,HUE,900540,65650,35783,43862,17613,59820,37042,00756,24912,24848,70543,52232,3129,8032,5957,3772,270,56,6cb3a14531d1b056,https://xoso.com.vn/xsmt-02-11-2020.html,OK
2020-11-04,Wednesday,KHANH_HOA,937690,41539,22032,85447,37220,18812,28830,76873,29864,20921,87058,13275,4403,9539,0411,9259,435,31,fd52a01797c0ca41,https://xoso.com.vn/xsmt-04-11-2020.html,OK
2020-11-08,Sunday,KHANH_HOA,721099,38276,38321,28118,28014,51210,05833,37159,43303,78609,62172,26212,9375,3651,6279,7543,845,14,6960e89a00e354d9,https://xoso.com.vn/xsmt-08-11-2020.html,OK
2020-11-08,Sunday,KON_TUM,740322,81660,18677,64374,27650,34751,09027,25193,48275,74600,04029,77914,6660,3688,7117,5388,063,43,b1761f7163c76d43,https://xoso.com.vn/xsmt-08-11-2020.html,OK
2020-11-09,Monday,HUE,886801,57782,58775,37084,95269,92491,60039,12264,09716,73741,37493,41991,7259,9400,9386,2677,761,37,3ff752e39feab279,https://xoso.com.vn/xsmt-09-11-2020.html,OK
2020-11-11,Wednesday,KHANH_HOA,182711,14707,27474,75059,20466,55549,57619,92420,78171,92617,41020,88036,6983,9602,7607,8658,293,45,97a8664d5dd5791f,https://xoso.com.vn/xsmt-11-11-2020.html,OK
2020-11-15,Sunday,KHANH_HOA,690232,25805,59907,77887,10044,17888,21764,37989,93420,02810,52289,68662,9167,6046,2822,7661,183,21,4f5f66828fc0893f,https://xoso.com.vn/xsmt-15-11-2020.html,OK
2020-11-15,Sunday,KON_TUM,621928,25821,47942,27107,39567,93169,05102,88208,37038,05468,29775,67180,9500,0976,2717,1896,846,29,09d15997c3111bbe,https://xoso.com.vn/xsmt-15-11-2020.html,OK
2020-11-16,Monday,HUE,774014,01043,16029,69331,92273,95652,88224,95739,71528,99795,02372,26485,9418,8999,7011,2269,367,53,e50c961d27db4607,https://xoso.com.vn/xsmt-16-11-2020.html,OK
2020-11-18,Wednesday,KHANH_HOA,100998,35077,28155,93125,01579,26770,09455,43726,22778,68698,39811,32337,1582,2567,7492,6304,350,39,ce3498e3eb74988a,https://xoso.com.vn/xsmt-18-11-2020.html,OK
2020-11-22,Sunday,KHANH_HOA,614700,95436,61864,77613,12380,57873,32593,22687,72958,81614,19363,04573,1015,5461,1285,2302,733,40,0f98428d2afe4d6a,https://xoso.com.vn/xsmt-22-11-2020.html,OK
2020-11-22,Sunday,KON_TUM,057782,21839,11656,09790,98209,31178,19188,91928,27334,13115,06474,87996,9514,1903,3269,3977,247,22,f221a594c3146a09,https://xoso.com.vn/xsmt-22-11-2020.html,OK
2020-11-23,Monday,HUE,056098,16747,14315,55183,12621,00723,60233,74407,47220,12325,28989,06857,9343,4493,4821,5728,630,62,89da7518946ed4c8,https://xoso.com.vn/xsmt-23-11-2020.html,OK
2020-11-25,Wednesday,KHANH_HOA,075944,66774,19045,21021,66098,36613,78039,99430,49271,99110,98802,48868,6683,3232,3985,0927,108,20,5c11be71320b8df0,https://xoso.com.vn/xsmt-25-11-2020.html,OK
2020-11-29,Sunday,KHANH_HOA,906148,46636,72228,43220,89692,56140,53668,81633,31425,47941,73124,33807,0931,0347,6214,3594,702,93,faa25038a154cc34,https://xoso.com.vn/xsmt-29-11-2020.html,OK
2020-11-29,Sunday,KON_TUM,076172,47688,08526,55071,38431,01907,04554,13431,17508,13382,12209,45720,6497,4702,9127,1845,583,90,ec4d02af6f4eb330,https://xoso.com.vn/xsmt-29-11-2020.html,OK
2020-11-30,Monday,HUE,927731,99600,42696,74285,08708,35306,42425,94297,39187,52863,94220,90273,5170,4531,2248,7777,257,94,ec45fc961eb32598,https://xoso.com.vn/xsmt-30-11-2020.html,OK
2020-12-02,Wednesday,KHANH_HOA,597765,08240,86465,36196,59279,66639,26986,24339,26222,77952,73742,23662,7663,1148,4603,8250,052,04,38235dce7fed1846,https://xoso.com.vn/xsmt-02-12-2020.html,OK
2020-12-06,Sunday,KHANH_HOA,523628,03935,13610,55343,79153,44376,60806,78676,82747,52553,89097,46546,8069,4347,6130,9420,746,22,b0413e862d209dae,https://xoso.com.vn/xsmt-06-12-2020.html,OK
2020-12-06,Sunday,KON_TUM,503196,60457,17113,73930,65650,16559,63339,90010,42526,11928,17054,73119,8359,9488,5214,9865,228,08,0758860805981671,https://xoso.com.vn/xsmt-06-12-2020.html,OK
2020-12-07,Monday,HUE,993511,95212,44135,26836,77138,79568,98613,37177,21779,77239,09110,22277,4742,8524,9515,3932,544,58,82f799f0c5edb152,https://xoso.com.vn/xsmt-07-12-2020.html,OK
2020-12-09,Wednesday,KHANH_HOA,788252,71661,34197,26304,54211,93715,13532,32665,01991,67132,90821,08176,9559,6448,4989,1681,568,68,daca21b3cf61d1df,https://xoso.com.vn/xsmt-09-12-2020.html,OK
2020-12-13,Sunday,KHANH_HOA,686373,43962,45417,44826,09456,02369,54252,06597,24914,71297,10710,09544,1062,7325,4833,0857,501,49,17fba13541083dd1,https://xoso.com.vn/xsmt-13-12-2020.html,OK
2020-12-13,Sunday,KON_TUM,841275,51825,28583,54395,03368,39393,89950,93273,22461,78690,19111,64814,2862,9108,6065,0439,985,02,34465939f0c1b9a0,https://xoso.com.vn/xsmt-13-12-2020.html,OK
2020-12-14,Monday,HUE,145340,91391,39725,10427,95790,56132,01380,13418,72247,63176,77676,34133,5503,8683,0201,6723,260,16,e3c169823b7ce6e8,https://xoso.com.vn/xsmt-14-12-2020.html,OK
2020-12-16,Wednesday,KHANH_HOA,239982,91533,28993,67677,96044,50675,95931,35527,73310,92231,63873,89865,6311,7637,4139,3304,598,31,9db3d333695cd17a,https://xoso.com.vn/xsmt-16-12-2020.html,OK
2020-12-20,Sunday,KHANH_HOA,464766,84643,88875,75560,59497,40722,58067,07545,83670,53558,86672,51978,9270,1308,5097,1759,067,21,5169e711377ddfc1,https://xoso.com.vn/xsmt-20-12-2020.html,OK
2020-12-20,Sunday,KON_TUM,674389,06098,12174,08084,24423,49184,34159,13482,38124,06301,82962,32686,3434,0065,7364,3974,285,28,3238d49662bbbc78,https://xoso.com.vn/xsmt-20-12-2020.html,OK
2020-12-21,Monday,HUE,917885,09385,82651,43404,09093,21590,68885,46329,46357,64059,68497,58583,7206,5993,0847,7614,208,31,710dcd9401272e1e,https://xoso.com.vn/xsmt-21-12-2020.html,OK
2020-12-23,Wednesday,KHANH_HOA,389596,38104,94540,65753,18479,67346,27920,66554,05565,45296,35179,27827,5906,9764,6436,7287,205,45,363d127334d087c1,https://xoso.com.vn/xsmt-23-12-2020.html,OK
2020-12-27,Sunday,KHANH_HOA,922682,78550,29877,00429,91943,22639,91613,56697,01257,09454,75093,85812,2647,0345,6716,8379,776,16,dca401fccda529dc,https://xoso.com.vn/xsmt-27-12-2020.html,OK
2020-12-27,Sunday,KON_TUM,198200,08326,31729,03940,46891,53714,49993,29061,84726,80375,65988,59838,0286,4985,9774,2967,989,24,ab2e03b93267f3ff,https://xoso.com.vn/xsmt-27-12-2020.html,OK
2020-12-28,Monday,HUE,293480,67724,21806,81612,51491,24470,00258,49392,43830,12472,41741,38392,9537,8027,6681,1295,251,87,ee4dc301fa3de79c,https://xoso.com.vn/xsmt-28-12-2020.html,OK
2020-12-30,Wednesday,KHANH_HOA,080716,18438,40537,77531,14856,59514,22720,55049,78176,12083,84986,65398,1635,7249,1716,9251,487,31,a05cf7bea882a24d,https://xoso.com.vn/xsmt-30-12-2020.html,OK
2021-01-03,Sunday,KHANH_HOA,624564,08050,17794,40767,01745,86967,49098,74711,97252,93962,27339,39503,4949,4224,3582,3162,439,42,bee691f144676645,https://xoso.com.vn/xsmt-03-01-2021.html,OK
2021-01-03,Sunday,KON_TUM,638720,86405,80306,12520,58630,65968,33093,67288,64559,91933,12933,31868,9324,2199,4923,9328,292,26,2bfd8f39094cf384,https://xoso.com.vn/xsmt-03-01-2021.html,OK
2021-01-04,Monday,HUE,328464,14712,97736,83028,84272,61013,71418,54618,36026,23462,91879,34151,7835,5339,6916,5558,901,70,bb7829f144f69705,https://xoso.com.vn/xsmt-04-01-2021.html,OK
2021-01-06,Wednesday,KHANH_HOA,821823,22725,66600,06329,06144,57557,50994,57208,72725,83725,44924,96492,7186,9843,7105,5777,550,50,e12bada11b417510,https://xoso.com.vn/xsmt-06-01-2021.html,OK
2021-01-10,Sunday,KHANH_HOA,905621,66184,95853,47684,51530,33224,15734,10190,76307,88553,09441,99024,8246,6432,1507,3834,661,81,2e6d3ca4c52e7130,https://xoso.com.vn/xsmt-10-01-2021.html,OK
2021-01-10,Sunday,KON_TUM,702122,56142,21750,12052,62770,53319,74400,23403,66799,16471,18230,51818,3116,9217,3863,7261,896,97,bcb881d72e3a7c06,https://xoso.com.vn/xsmt-10-01-2021.html,OK
2021-01-11,Monday,HUE,234196,47687,09434,82744,43600,69717,88728,08362,27136,16643,65550,62519,5948,3774,0339,5988,120,80,1e8ae9182f5de07b,https://xoso.com.vn/xsmt-11-01-2021.html,OK
2021-01-13,Wednesday,KHANH_HOA,453716,04340,93804,06154,24993,73628,36290,15918,98383,79699,30621,19344,9625,6170,4540,0705,963,89,bf32a56c18e5191e,https://xoso.com.vn/xsmt-13-01-2021.html,OK
2021-01-17,Sunday,KHANH_HOA,921507,82246,36922,29848,86240,31390,29125,70699,99817,41187,60157,30794,7665,2174,9118,2720,881,97,59c407209b87e560,https://xoso.com.vn/xsmt-17-01-2021.html,OK
2021-01-17,Sunday,KON_TUM,326448,97187,72658,02723,12227,60430,60671,87886,14061,92776,48001,59487,0252,6478,1681,7613,568,12,3bcb517b64f953e4,https://xoso.com.vn/xsmt-17-01-2021.html,OK
2021-01-18,Monday,HUE,103791,68470,78351,25176,25620,30108,20633,62939,75521,14156,72257,57828,3544,9661,1499,6108,052,89,fd8ead75ccdfcde0,https://xoso.com.vn/xsmt-18-01-2021.html,OK
2021-01-20,Wednesday,KHANH_HOA,487902,13449,14842,19106,69830,90951,18699,90523,01895,10277,59523,37557,0330,5802,3295,3816,135,19,e76579c1d33e9b0a,https://xoso.com.vn/xsmt-20-01-2021.html,OK
2021-01-24,Sunday,KHANH_HOA,844750,83421,56609,87236,90980,92023,02186,21718,04057,43261,42033,88983,1810,0835,2197,4238,183,75,44816f520beff32d,https://xoso.com.vn/xsmt-24-01-2021.html,OK
2021-01-24,Sunday,KON_TUM,383748,26310,00633,78975,73974,73526,04032,58460,52643,42526,41663,08401,7684,1915,3536,3926,743,00,f5f686265b4847da,https://xoso.com.vn/xsmt-24-01-2021.html,OK
2021-01-25,Monday,HUE,142954,44828,52399,64624,71994,57074,26239,71810,94659,17134,38222,85699,5902,5914,8924,0403,588,78,708bb6af9976bcf3,https://xoso.com.vn/xsmt-25-01-2021.html,OK
2021-01-27,Wednesday,KHANH_HOA,648891,01998,08356,52013,51053,29764,41798,30737,71238,77947,28400,41983,6008,4427,2656,3971,067,57,dca0c5f1e1675a0b,https://xoso.com.vn/xsmt-27-01-2021.html,OK
2021-01-31,Sunday,KHANH_HOA,529372,63120,44396,42199,42271,88168,04467,49988,48469,03010,97880,35707,5450,3943,9383,0906,704,74,371260bbfebee0d0,https://xoso.com.vn/xsmt-31-01-2021.html,OK
2021-01-31,Sunday,KON_TUM,257566,83715,70226,51353,82049,04757,84927,33489,03665,48215,74545,57575,1031,9632,1766,1349,474,72,cbabf46781cbbc4e,https://xoso.com.vn/xsmt-31-01-2021.html,OK
2021-02-01,Monday,HUE,197979,20673,69584,91961,24094,60121,44619,30467,12988,16065,56863,23391,2052,9407,1157,9749,769,69,f47d8839b9527e69,https://xoso.com.vn/xsmt-01-02-2021.html,OK
2021-02-03,Wednesday,KHANH_HOA,390746,28997,66455,07572,02497,25375,07054,03035,46841,54278,83573,20343,1873,4587,9613,4377,856,78,c73b1ac5c67c5809,https://xoso.com.vn/xsmt-03-02-2021.html,OK
2021-02-07,Sunday,KHANH_HOA,335057,49372,25323,75115,31132,82234,26940,20277,99408,21848,02672,10790,0472,8186,9827,7869,071,64,de40235a9b281abb,https://xoso.com.vn/xsmt-07-02-2021.html,OK
2021-02-07,Sunday,KON_TUM,677019,12797,79164,49307,77917,13918,04487,11146,91865,90106,79871,79679,6412,6278,1476,7196,502,65,d65e55a698e81807,https://xoso.com.vn/xsmt-07-02-2021.html,OK
2021-02-08,Monday,HUE,400289,21638,82557,67583,98976,53218,17591,84772,48466,57843,63882,72045,3184,8972,6773,8219,251,33,4f97b8707cca4c41,https://xoso.com.vn/xsmt-08-02-2021.html,OK
2021-02-10,Wednesday,KHANH_HOA,537181,63556,26947,14112,82039,53806,31446,89495,55287,44553,77971,57496,9661,8655,2032,0577,119,75,05f899bcdca0376b,https://xoso.com.vn/xsmt-10-02-2021.html,OK
2021-02-14,Sunday,KHANH_HOA,305078,85296,44538,55194,01809,08793,69063,90702,13536,75373,39447,80558,2062,3812,7724,7576,323,20,9881a20422ffcb5e,https://xoso.com.vn/xsmt-14-02-2021.html,OK
2021-02-14,Sunday,KON_TUM,139738,68171,74570,81861,18472,57489,32220,87647,78835,18752,29664,62977,9603,4775,1970,0933,246,74,5f4deac6c9b128f7,https://xoso.com.vn/xsmt-14-02-2021.html,OK
2021-02-15,Monday,HUE,741223,42681,43982,22125,33324,42070,70895,62630,21143,87797,94413,04146,5456,4054,6315,7466,655,04,480a2433665548e9,https://xoso.com.vn/xsmt-15-02-2021.html,OK
2021-02-17,Wednesday,KHANH_HOA,547650,51580,57207,90814,82807,39088,03691,54337,99017,75646,26337,82445,5128,0727,7837,2534,891,36,0f12f48489cda92e,https://xoso.com.vn/xsmt-17-02-2021.html,OK
2021-02-21,Sunday,KHANH_HOA,206729,90887,67004,50682,54942,13143,43953,95555,56414,06525,60032,74041,8052,9661,7919,8066,727,89,f92c77ac80f2e987,https://xoso.com.vn/xsmt-21-02-2021.html,OK
2021-02-21,Sunday,KON_TUM,945692,67179,21980,79153,56660,14454,19922,88612,76890,67529,01661,99392,2762,2790,5561,2695,897,42,db8eb2f6aa6a2224,https://xoso.com.vn/xsmt-21-02-2021.html,OK
2021-02-22,Monday,HUE,665420,67286,84853,73195,33242,37053,88733,27703,55807,71990,14935,67683,3976,4058,3611,9787,747,64,1f9a5df7d2a75ccd,https://xoso.com.vn/xsmt-22-02-2021.html,OK
2021-02-24,Wednesday,KHANH_HOA,313273,28950,96754,32005,31999,24689,79788,86635,45206,96819,54322,34964,3320,9098,3285,8168,077,48,c3e88221b8501433,https://xoso.com.vn/xsmt-24-02-2021.html,OK
2021-02-28,Sunday,KHANH_HOA,344865,90667,83434,02911,02255,33135,13762,96403,36207,50264,89838,24318,5252,2725,9645,9326,134,38,753a22dde66b3fb1,https://xoso.com.vn/xsmt-28-02-2021.html,OK
2021-02-28,Sunday,KON_TUM,671759,91173,49380,71023,10804,70661,74211,75811,70198,55133,60415,51864,7364,5629,1406,1338,743,76,49dd493513f881c3,https://xoso.com.vn/xsmt-28-02-2021.html,OK
2021-03-01,Monday,HUE,805286,36209,29467,50855,92519,86368,28471,92577,87735,38683,72404,57128,9548,2421,3500,7860,572,61,435cd8143ea57898,https://xoso.com.vn/xsmt-01-03-2021.html,OK
2021-03-03,Wednesday,KHANH_HOA,080579,66621,61081,90043,50642,88785,11239,31515,03503,29448,48425,96144,5852,3845,3582,7215,676,76,46cd18d80c896d00,https://xoso.com.vn/xsmt-03-03-2021.html,OK
2021-03-07,Sunday,KHANH_HOA,201920,24926,66662,09537,41485,71498,75925,33315,12060,41860,94374,01614,4150,9290,6362,1644,850,92,9fc43ad0e84c7174,https://xoso.com.vn/xsmt-07-03-2021.html,OK
2021-03-07,Sunday,KON_TUM,935484,12822,29834,07216,09486,74917,08985,33969,31144,42755,21521,81361,2918,7959,7335,0166,644,98,10ed1ccdd37bbb29,https://xoso.com.vn/xsmt-07-03-2021.html,OK
2021-03-08,Monday,HUE,307263,00420,15135,67810,18098,65546,45849,41272,62339,66242,65739,52493,2303,2776,3103,0734,417,79,fa60494c3922729d,https://xoso.com.vn/xsmt-08-03-2021.html,OK
2021-03-10,Wednesday,KHANH_HOA,173514,13395,95342,41968,05405,99234,72694,51948,67760,93631,63793,57665,7378,7575,8191,7347,193,29,65c2bca89b94b7d2,https://xoso.com.vn/xsmt-10-03-2021.html,OK
2021-03-14,Sunday,KHANH_HOA,492933,18387,43345,18837,22769,87137,37016,59250,29326,66872,56661,96966,5453,8451,8370,7881,290,34,c15eb3fb0cbedd55,https://xoso.com.vn/xsmt-14-03-2021.html,OK
2021-03-14,Sunday,KON_TUM,390984,54831,07783,97877,76523,83827,80762,87455,89501,45130,71482,98639,4942,9566,4693,0588,647,45,64c111209d9fc020,https://xoso.com.vn/xsmt-14-03-2021.html,OK
2021-03-15,Monday,HUE,786613,30659,75412,55979,24158,44284,04561,67169,18813,83373,48404,69166,7716,2686,3454,5462,159,61,647a6c0521269c20,https://xoso.com.vn/xsmt-15-03-2021.html,OK
2021-03-17,Wednesday,KHANH_HOA,728479,81088,02860,35473,37395,34891,26553,47947,21809,25629,29803,40307,6060,6143,5622,9463,055,91,bc98242601d943fa,https://xoso.com.vn/xsmt-17-03-2021.html,OK
2021-03-21,Sunday,KHANH_HOA,984122,72626,39220,77005,92538,78797,24766,94998,93502,99072,44510,00936,6447,3131,7459,9187,083,17,614e3fafaf03bc1b,https://xoso.com.vn/xsmt-21-03-2021.html,OK
2021-03-21,Sunday,KON_TUM,188335,30317,90635,59376,43412,97931,96048,17135,49086,97277,22588,71487,9511,2780,2203,6002,619,63,1b38ab03d3499158,https://xoso.com.vn/xsmt-21-03-2021.html,OK
2021-03-22,Monday,HUE,273600,79293,12140,75158,15804,05142,63265,52101,19588,12632,16280,42512,7914,8653,5444,8771,022,39,a5e15561fb1f8ed6,https://xoso.com.vn/xsmt-22-03-2021.html,OK
2021-03-24,Wednesday,KHANH_HOA,508348,84316,96871,28109,34923,12817,95210,97762,81006,80234,06161,56123,5151,2202,0284,8175,424,40,dbcd122dbfb54ceb,https://xoso.com.vn/xsmt-24-03-2021.html,OK
2021-03-28,Sunday,KHANH_HOA,175368,88666,26283,94796,39407,02359,07980,11841,02982,37052,65514,32574,1117,1290,6514,0345,949,04,63d46ed1279466c4,https://xoso.com.vn/xsmt-28-03-2021.html,OK
2021-03-28,Sunday,KON_TUM,149877,50679,52924,80523,19475,59581,73981,57865,82170,32489,24436,83527,4952,9688,0432,1696,711,21,121812938f1368b1,https://xoso.com.vn/xsmt-28-03-2021.html,OK
2021-03-29,Monday,HUE,945469,14021,69303,85111,35110,27531,65957,07524,49790,56952,59759,93203,7724,3072,5895,2427,180,78,b9bef194785989e9,https://xoso.com.vn/xsmt-29-03-2021.html,OK
2021-03-31,Wednesday,KHANH_HOA,205383,01087,16932,90673,63145,83018,51983,27756,47018,32263,09672,57402,8580,3939,9956,4204,844,42,948c78fa25787e1e,https://xoso.com.vn/xsmt-31-03-2021.html,OK
2021-04-04,Sunday,KHANH_HOA,622517,69885,53827,42188,43847,22517,00615,00056,01132,41043,46229,77423,8156,1801,6959,8807,271,91,950b41b9bf05360f,https://xoso.com.vn/xsmt-04-04-2021.html,OK
2021-04-04,Sunday,KON_TUM,219829,33305,52460,95884,81030,12080,39670,43844,84491,78509,77535,05377,9186,5689,1607,2022,886,61,0e1d32390bf7f80b,https://xoso.com.vn/xsmt-04-04-2021.html,OK
2021-04-05,Monday,HUE,466735,82805,53981,62250,26880,00644,59817,86789,84013,11777,08385,28852,6937,7040,7645,3672,099,29,ee1816a75bf0130c,https://xoso.com.vn/xsmt-05-04-2021.html,OK
2021-04-07,Wednesday,KHANH_HOA,147653,05352,38642,11474,66143,10516,96208,98947,83457,70050,41798,22835,3241,6274,4091,1981,571,66,9dea9b321ce6c05e,https://xoso.com.vn/xsmt-07-04-2021.html,OK
2021-04-11,Sunday,KHANH_HOA,741494,70651,44995,96669,74475,92305,54058,17603,80519,53392,56099,69741,2992,4256,7226,5911,633,33,3ec36421162f814e,https://xoso.com.vn/xsmt-11-04-2021.html,OK
2021-04-11,Sunday,KON_TUM,368993,11947,09032,70563,31701,42834,20201,84067,11289,82879,52847,22564,5617,6869,9036,4320,989,59,d0fcbd16b9d4f660,https://xoso.com.vn/xsmt-11-04-2021.html,OK
2021-04-12,Monday,HUE,497572,45314,40017,42096,68544,16546,42677,15324,31614,60448,00631,76230,7321,5494,6181,0638,781,77,0dcd7a0bfe134b0c,https://xoso.com.vn/xsmt-12-04-2021.html,OK
2021-04-14,Wednesday,KHANH_HOA,872207,85623,77709,67932,76196,38896,20078,28922,36695,95905,06101,25074,7793,7360,0291,1501,545,99,bd5c30806f15b19c,https://xoso.com.vn/xsmt-14-04-2021.html,OK
2021-04-18,Sunday,KHANH_HOA,179576,31946,41771,60062,26258,27684,68194,38097,70786,78111,80279,17439,3936,4561,3571,7874,387,51,49c4e925495f630e,https://xoso.com.vn/xsmt-18-04-2021.html,OK
2021-04-18,Sunday,KON_TUM,396030,61676,39691,16036,72032,55714,30191,15578,27321,32247,18030,52498,9945,0577,2308,7203,283,33,c0f61d14aa5bbce1,https://xoso.com.vn/xsmt-18-04-2021.html,OK
2021-04-19,Monday,HUE,097605,09937,40343,69328,78984,18007,56740,92328,81731,55677,42532,77035,1821,9065,5944,4900,767,89,81987a126ac22e71,https://xoso.com.vn/xsmt-19-04-2021.html,OK
2021-04-21,Wednesday,KHANH_HOA,090424,22926,17357,17187,22532,56143,42674,16993,63418,93281,57718,79551,3036,3433,1404,4974,318,87,0a95fcfdab3f8c59,https://xoso.com.vn/xsmt-21-04-2021.html,OK
2021-04-25,Sunday,KHANH_HOA,290568,92204,60315,46584,74507,27715,73790,25442,82012,57875,44514,09337,6245,9190,9641,5119,881,90,77296d3e93b38761,https://xoso.com.vn/xsmt-25-04-2021.html,OK
2021-04-25,Sunday,KON_TUM,549217,38433,87220,23314,82433,40429,89746,32131,65552,16330,94312,43343,4810,0699,8026,0131,499,95,84fb3ea0d03e9644,https://xoso.com.vn/xsmt-25-04-2021.html,OK
2021-04-26,Monday,HUE,810103,85582,65943,40077,66734,26008,45136,73939,50784,16311,56774,89556,8848,3142,5163,1806,325,95,29932bd2a1c5e6df,https://xoso.com.vn/xsmt-26-04-2021.html,OK
2021-04-28,Wednesday,KHANH_HOA,927843,31338,93117,25337,77736,32675,89144,82190,99335,04450,06583,46016,4185,1882,7179,7024,001,59,1676632106beb090,https://xoso.com.vn/xsmt-28-04-2021.html,OK
2021-05-02,Sunday,KHANH_HOA,689925,83050,60931,22140,18375,10474,28586,67741,71985,16482,92652,09087,1891,0069,9756,0432,984,64,74f91e7000b03ce3,https://xoso.com.vn/xsmt-02-05-2021.html,OK
2021-05-02,Sunday,KON_TUM,267034,31960,55351,48086,33145,64361,16332,65697,95488,19651,37461,07458,1425,7586,2038,6162,793,10,46a15673fee60977,https://xoso.com.vn/xsmt-02-05-2021.html,OK
2021-05-03,Monday,HUE,676757,19961,22307,17550,59880,85221,95723,51153,65437,51193,60536,43896,4246,8518,4067,5821,977,32,169beba3b02bf74c,https://xoso.com.vn/xsmt-03-05-2021.html,OK
2021-05-05,Wednesday,KHANH_HOA,726801,07141,27884,57750,61055,78061,93144,76828,89514,47630,22366,57143,5529,4053,9183,6112,639,89,6d0f37307df68352,https://xoso.com.vn/xsmt-05-05-2021.html,OK
2021-05-09,Sunday,KHANH_HOA,871627,10740,39445,33647,59917,77139,40007,21149,32268,60984,72497,41865,7653,2513,8945,5659,078,54,19b241279dd85a37,https://xoso.com.vn/xsmt-09-05-2021.html,OK
2021-05-09,Sunday,KON_TUM,572332,83781,07811,94655,79918,21281,23290,45177,93795,75093,13998,98233,6390,1127,8470,1248,230,50,dd145ab460928bd1,https://xoso.com.vn/xsmt-09-05-2021.html,OK
2021-05-10,Monday,HUE,873732,16656,03648,64395,05004,34245,40500,05466,15643,82586,74362,61175,1573,3523,6138,2935,769,27,71810f6a48a8df47,https://xoso.com.vn/xsmt-10-05-2021.html,OK
2021-05-12,Wednesday,KHANH_HOA,951922,39232,93844,34173,41738,27923,83857,83809,58747,22687,98206,19472,3526,0139,1879,3463,387,15,141caf1b0bbe9940,https://xoso.com.vn/xsmt-12-05-2021.html,OK
2021-05-16,Sunday,KHANH_HOA,650162,23622,46614,10993,87601,90340,44042,02667,63925,94258,64295,07587,5972,3224,3550,0801,207,79,ace822e843abcd1a,https://xoso.com.vn/xsmt-16-05-2021.html,OK
2021-05-16,Sunday,KON_TUM,226436,89088,27218,17662,29447,79526,85080,20269,95344,24279,78604,96360,8133,0507,9123,3741,887,06,11520d5f307ddfbd,https://xoso.com.vn/xsmt-16-05-2021.html,OK
2021-05-17,Monday,HUE,815543,09694,01971,38188,88736,89208,32702,58814,79260,41780,21246,62882,4555,3149,9788,1083,042,59,f9414c2e10d10e8c,https://xoso.com.vn/xsmt-17-05-2021.html,OK
2021-05-19,Wednesday,KHANH_HOA,146642,79985,91763,10276,44363,89654,03792,66937,32598,90974,16775,40680,8321,1138,9116,8340,090,32,1cfd076687b18937,https://xoso.com.vn/xsmt-19-05-2021.html,OK
2021-05-23,Sunday,KHANH_HOA,874062,96826,87253,18506,02242,98886,14061,00486,25961,46847,08028,15097,6142,4060,4320,5224,526,98,f95748e9817a7843,https://xoso.com.vn/xsmt-23-05-2021.html,OK
2021-05-23,Sunday,KON_TUM,532827,21637,49953,44703,66356,69619,37692,33777,38828,86402,63086,29931,7267,9424,5068,8462,354,26,6690370f6d377473,https://xoso.com.vn/xsmt-23-05-2021.html,OK
2021-05-24,Monday,HUE,013003,66405,01941,78344,02689,49020,93618,06188,17829,39026,19249,24620,0891,1679,6538,2540,280,13,d75378b483e1f056,https://xoso.com.vn/xsmt-24-05-2021.html,OK
2021-05-26,Wednesday,KHANH_HOA,631010,71505,22752,88278,29747,56744,62117,97997,57006,38486,70486,06823,9683,0343,6971,9945,764,32,b65bf603b26bc8ed,https://xoso.com.vn/xsmt-26-05-2021.html,OK
2021-05-30,Sunday,KHANH_HOA,938452,62547,20384,26741,04193,38387,26079,68937,78146,43835,64937,60591,6850,6711,5521,4118,721,23,3c0e4c53901889e0,https://xoso.com.vn/xsmt-30-05-2021.html,OK
2021-05-30,Sunday,KON_TUM,449161,92116,48613,06059,58469,44280,23772,82926,46632,80135,03265,42493,4085,4194,3299,5467,780,84,d51deeeebd0ba1fd,https://xoso.com.vn/xsmt-30-05-2021.html,OK
2021-05-31,Monday,HUE,956379,43144,41430,04191,32026,98860,64836,09249,68565,07973,46882,02120,0694,6867,6368,2284,592,62,4d41613e8d348ad3,https://xoso.com.vn/xsmt-31-05-2021.html,OK
2021-06-02,Wednesday,KHANH_HOA,094222,82704,38618,64555,10084,03432,37589,21464,72544,00955,52164,65060,1939,0701,9175,1058,457,45,f1709dd513f0c3ea,https://xoso.com.vn/xsmt-02-06-2021.html,OK
2021-06-06,Sunday,KHANH_HOA,572857,13620,93663,54379,25450,10632,34895,71380,65715,40679,29402,29604,2149,8275,0558,3220,774,67,e7e032307549d99a,https://xoso.com.vn/xsmt-06-06-2021.html,OK
2021-06-06,Sunday,KON_TUM,040871,86907,74577,51183,59619,81486,18808,75006,64174,48931,93666,95418,3279,3241,2163,7599,393,97,2e69bc8e60c14157,https://xoso.com.vn/xsmt-06-06-2021.html,OK
2021-06-07,Monday,HUE,272181,47999,23260,45250,62823,39816,60317,04203,89794,95502,14058,53889,2014,7128,7006,8112,009,78,5269a75f132cfa15,https://xoso.com.vn/xsmt-07-06-2021.html,OK
2021-06-09,Wednesday,KHANH_HOA,082789,05520,30821,82051,60011,84721,48691,88176,18216,59298,06478,57604,1444,4612,6411,9102,999,18,1061997cde49bd38,https://xoso.com.vn/xsmt-09-06-2021.html,OK
2021-06-13,Sunday,KHANH_HOA,691870,40569,83575,31560,82558,74875,72543,28443,34653,96933,40028,91013,1873,2888,7523,2225,265,68,522ece0ae4037b82,https://xoso.com.vn/xsmt-13-06-2021.html,OK
2021-06-13,Sunday,KON_TUM,009847,92866,30761,12207,76975,18030,15037,39727,92010,77897,29793,75529,8034,6075,0625,0793,383,94,c4fb6563d6cbcc04,https://xoso.com.vn/xsmt-13-06-2021.html,OK
2021-06-14,Monday,HUE,004009,13690,97373,33940,58216,49396,55956,17505,06150,20053,50997,29346,5376,4316,0986,4730,706,55,7763e34fe7f9c3ba,https://xoso.com.vn/xsmt-14-06-2021.html,OK
2021-06-16,Wednesday,KHANH_HOA,451737,99284,73595,73300,32591,66270,42959,10051,23533,10300,04696,61261,4363,6182,6442,9697,274,97,2bcba1d2199fc2cf,https://xoso.com.vn/xsmt-16-06-2021.html,OK
2021-06-20,Sunday,KHANH_HOA,375658,88387,74222,10412,39411,29100,04978,32687,07785,50639,64185,49201,4056,7779,8964,4470,711,02,0b1bb31757f85973,https://xoso.com.vn/xsmt-20-06-2021.html,OK
2021-06-20,Sunday,KON_TUM,425721,10138,96623,83605,41305,48024,36890,97104,15826,44750,84243,46909,8180,0282,4925,4868,651,29,6ce8c5e018489407,https://xoso.com.vn/xsmt-20-06-2021.html,OK
2021-06-21,Monday,HUE,392195,55099,16962,33129,45063,92324,00222,85365,29294,58460,41609,89959,1078,7899,9951,4951,976,93,3eba176cc2bec33e,https://xoso.com.vn/xsmt-21-06-2021.html,OK
2021-06-23,Wednesday,KHANH_HOA,462695,15515,35047,90746,29153,25012,36456,20300,58873,90846,47245,76610,0152,0455,6900,3002,781,75,10d55cb47c245057,https://xoso.com.vn/xsmt-23-06-2021.html,OK
2021-06-27,Sunday,KHANH_HOA,594681,41905,15356,35893,39964,38406,93997,40038,31121,40354,35098,23880,5827,4565,4014,7679,101,16,fe4f2b11e631ac85,https://xoso.com.vn/xsmt-27-06-2021.html,OK
2021-06-27,Sunday,KON_TUM,141007,91867,63064,45313,46409,11559,45666,16168,32905,11062,12893,76537,5636,4281,7620,9474,215,19,db4e26f0bdc4ea89,https://xoso.com.vn/xsmt-27-06-2021.html,OK
2021-06-28,Monday,HUE,661578,80914,31850,62064,91141,38991,58487,01273,38249,68811,18670,95241,7845,1225,8615,1728,532,02,0486d190bcecb70c,https://xoso.com.vn/xsmt-28-06-2021.html,OK
2021-06-30,Wednesday,KHANH_HOA,151406,19205,11799,89725,60620,16978,43875,99100,92174,09131,88346,23836,5530,8034,9881,5993,827,53,29d46275cadc53e3,https://xoso.com.vn/xsmt-30-06-2021.html,OK
2021-07-04,Sunday,KHANH_HOA,666138,32446,55036,12056,52282,62886,70659,55591,21667,34492,60327,40733,2538,4440,5428,7040,514,93,c1c348bde92eb0ee,https://xoso.com.vn/xsmt-04-07-2021.html,OK
2021-07-04,Sunday,KON_TUM,502159,48279,14443,94980,84541,63901,61157,35812,48638,98339,05621,97956,8782,7874,1473,1722,461,42,95de658f97ab577d,https://xoso.com.vn/xsmt-04-07-2021.html,OK
2021-07-05,Monday,HUE,391179,66209,93462,41542,32580,29026,78592,22287,56037,19205,95771,42101,1978,1073,5691,2089,571,81,9dacd81edde56764,https://xoso.com.vn/xsmt-05-07-2021.html,OK
2021-07-07,Wednesday,KHANH_HOA,412464,82560,16594,75458,27469,93822,74702,43205,34037,17777,61162,26780,4213,0219,7223,4432,934,23,5cfb942bc5758e4c,https://xoso.com.vn/xsmt-07-07-2021.html,OK
2021-07-11,Sunday,KHANH_HOA,448219,23393,71897,61252,15335,56200,06333,77911,29867,29666,20766,51242,4972,6631,9128,1251,172,38,95f2e7b731c8de0b,https://xoso.com.vn/xsmt-11-07-2021.html,OK
2021-07-11,Sunday,KON_TUM,304236,35348,46925,92252,91668,76246,80401,83032,33196,75203,48946,75895,7542,0071,5612,7900,141,91,ae415b36e2ba9b20,https://xoso.com.vn/xsmt-11-07-2021.html,OK
2021-07-12,Monday,HUE,572412,30964,34543,35666,05353,79903,84814,17916,68890,65240,49610,42542,8213,6642,9624,0009,680,61,7c6f8f8871cdfdee,https://xoso.com.vn/xsmt-12-07-2021.html,OK
2021-07-14,Wednesday,KHANH_HOA,486367,36337,76960,55030,08723,60217,66175,39913,50756,38214,19804,33011,1750,1398,4413,5203,241,47,de6e0cd208a1c9a0,https://xoso.com.vn/xsmt-14-07-2021.html,OK
2021-07-18,Sunday,KHANH_HOA,982874,58518,85262,91733,25547,41178,26524,21274,48685,27261,64897,28381,5711,6460,2613,9240,416,15,19af9a8ab45404fb,https://xoso.com.vn/xsmt-18-07-2021.html,OK
2021-07-18,Sunday,KON_TUM,960157,98968,19709,47367,73876,28737,17793,98411,44121,30094,37001,10850,0730,2702,9374,0173,156,72,6684360ebb41a078,https://xoso.com.vn/xsmt-18-07-2021.html,OK
2021-07-19,Monday,HUE,481060,97033,11166,18810,07829,85775,07576,90303,63404,10085,01080,26042,1535,8209,1690,7963,217,63,11edfe3c4d9bb2b1,https://xoso.com.vn/xsmt-19-07-2021.html,OK
2021-07-21,Wednesday,KHANH_HOA,610228,90874,45716,38489,67809,04545,53355,58806,42349,26348,37330,25402,7003,5719,1318,9472,887,71,746e7e6c1094b2c4,https://xoso.com.vn/xsmt-21-07-2021.html,OK
2021-07-25,Sunday,KHANH_HOA,800890,72178,46793,25649,20320,28761,95214,81437,96060,34397,70926,17088,8538,3896,9467,9306,031,62,4a6b9edf0eb0b5ea,https://xoso.com.vn/xsmt-25-07-2021.html,OK
2021-07-25,Sunday,KON_TUM,864406,65019,75842,97498,56968,83714,99092,26197,47027,48828,90579,52757,0022,7955,4130,0162,397,32,7697dad166518470,https://xoso.com.vn/xsmt-25-07-2021.html,OK
2021-07-26,Monday,HUE,692613,68914,05258,00298,97377,93593,98975,19889,41964,14152,49814,19273,7674,1829,4012,0569,627,66,4d688410c46b241e,https://xoso.com.vn/xsmt-26-07-2021.html,OK
2021-08-09,Monday,HUE,796239,27903,96884,47761,04141,09502,97759,63823,83412,55000,91358,23795,4624,8576,0480,3677,188,56,4ebc94cf55f1abe0,https://xoso.com.vn/xsmt-09-08-2021.html,OK
2021-08-11,Wednesday,KHANH_HOA,424362,39201,40356,69473,60121,55862,08810,10167,11029,35582,61260,82048,5487,9080,2612,5615,983,76,b2dc44fb38d006e4,https://xoso.com.vn/xsmt-11-08-2021.html,OK
2021-08-15,Sunday,KHANH_HOA,439597,61526,20891,28456,57922,90152,75205,89687,97729,98174,59799,77269,0419,2794,3922,4302,405,82,db39746c39f5c727,https://xoso.com.vn/xsmt-15-08-2021.html,OK
2021-08-15,Sunday,KON_TUM,813985,99135,26734,19482,65086,19862,06824,29427,20914,71148,90281,31160,0337,7778,2610,2977,054,24,bbbea37141c6521b,https://xoso.com.vn/xsmt-15-08-2021.html,OK
2021-08-16,Monday,HUE,444589,39505,84928,74511,13858,51160,16450,93051,06726,08378,80708,41468,2611,1852,9352,7013,993,36,90adbcfeb54e9425,https://xoso.com.vn/xsmt-16-08-2021.html,OK
2021-08-18,Wednesday,KHANH_HOA,925757,43424,79293,38958,42909,48654,84533,34591,26473,33156,28563,11316,0788,7490,7287,4886,859,31,b1acaeec30d9e49e,https://xoso.com.vn/xsmt-18-08-2021.html,OK
2021-08-22,Sunday,KHANH_HOA,297454,01717,86624,73054,91527,55682,41471,00952,53416,60832,70410,76931,8120,9394,9258,8848,792,65,acf9a1a284e3e959,https://xoso.com.vn/xsmt-22-08-2021.html,OK
2021-08-22,Sunday,KON_TUM,392479,78403,26400,52779,37964,80061,77356,84240,62209,13107,19161,00699,7522,4120,2054,2021,533,52,a0d7507af06504ab,https://xoso.com.vn/xsmt-22-08-2021.html,OK
2021-08-23,Monday,HUE,759801,20991,46267,41140,72878,73447,66195,63013,46929,40870,63855,47015,5666,9850,5041,6378,384,18,a6bc04dd5b32f173,https://xoso.com.vn/xsmt-23-08-2021.html,OK
2021-08-25,Wednesday,KHANH_HOA,141201,02006,68210,07607,60534,58269,47110,84537,87056,27715,63376,17085,9446,2338,9100,0530,898,36,95f666c53e533d8a,https://xoso.com.vn/xsmt-25-08-2021.html,OK
2021-08-29,Sunday,KHANH_HOA,223514,40058,94504,83959,70151,87020,09576,28949,22287,19015,60961,00509,4760,8553,8674,2884,858,40,81e2b95a718bfcd6,https://xoso.com.vn/xsmt-29-08-2021.html,OK
2021-08-29,Sunday,KON_TUM,580479,24774,18661,73738,37701,08834,62213,14876,80711,90143,57586,64435,7613,0939,1139,2670,577,26,3f5e9532ffbb3fbd,https://xoso.com.vn/xsmt-29-08-2021.html,OK
2021-08-30,Monday,HUE,249539,21753,79812,75220,62655,60610,57486,21207,43766,73833,13805,64691,2966,7105,8719,8326,556,76,6bfcde430acec576,https://xoso.com.vn/xsmt-30-08-2021.html,OK
2021-09-01,Wednesday,KHANH_HOA,709547,07685,77080,61632,05611,77399,88417,93930,81251,85581,71710,84075,7145,0485,6655,8578,227,91,1500e66171fb1577,https://xoso.com.vn/xsmt-01-09-2021.html,OK
2021-09-05,Sunday,KHANH_HOA,081215,96024,29949,95725,25105,64142,42705,12021,40846,94001,88641,73209,3555,3775,7751,1114,302,47,4d8b0f8815cf6661,https://xoso.com.vn/xsmt-05-09-2021.html,OK
2021-09-05,Sunday,KON_TUM,984304,77043,03355,18925,93642,24311,24975,56826,64831,17800,14340,36959,2136,5193,7485,5950,864,18,fb702f8ffe49bbc0,https://xoso.com.vn/xsmt-05-09-2021.html,OK
2021-09-06,Monday,HUE,662001,04798,30339,29179,51400,13830,28430,12334,88088,11004,65631,66302,8044,2857,7686,8273,729,29,984880f34bd8ecc1,https://xoso.com.vn/xsmt-06-09-2021.html,OK
2021-09-08,Wednesday,KHANH_HOA,783777,30126,91371,42968,11696,10517,83500,10468,11014,95396,72031,49267,5822,6242,7032,6379,581,67,41435b1bc9f01c1b,https://xoso.com.vn/xsmt-08-09-2021.html,OK
2021-09-12,Sunday,KHANH_HOA,756190,18072,34239,27998,07227,68239,41837,21747,49808,85742,72180,54950,8613,4722,2503,3440,061,78,3d3927a88e269ca1,https://xoso.com.vn/xsmt-12-09-2021.html,OK
2021-09-12,Sunday,KON_TUM,517767,37010,73939,79418,26560,15427,89772,36696,19490,80742,39143,14608,8848,8210,2232,4644,987,23,bbd2679de78f68b1,https://xoso.com.vn/xsmt-12-09-2021.html,OK
2021-09-13,Monday,HUE,825912,25510,59630,71340,28694,59835,91572,89916,38637,61801,04051,14947,9097,2986,2068,8493,543,73,e69e40f3732392f6,https://xoso.com.vn/xsmt-13-09-2021.html,OK
2021-09-15,Wednesday,KHANH_HOA,718896,50521,06409,09725,61303,41170,32821,48278,20431,70258,63270,89752,5362,0896,5241,5822,032,19,cb76730a262c3c55,https://xoso.com.vn/xsmt-15-09-2021.html,OK
2021-09-19,Sunday,KHANH_HOA,201479,74201,28691,29536,18754,82939,94299,47007,79135,14213,17154,55732,8457,2860,5355,4564,655,11,a34d20a3f4410449,https://xoso.com.vn/xsmt-19-09-2021.html,OK
2021-09-19,Sunday,KON_TUM,806545,12891,80695,99746,07264,03687,47363,86319,65971,30660,19440,83011,1875,7420,1168,5402,085,13,89e75f01b5bce272,https://xoso.com.vn/xsmt-19-09-2021.html,OK
2021-09-20,Monday,HUE,920143,33316,53683,38622,35684,65383,83045,84591,30730,17738,00735,63317,5869,0984,0464,4275,149,99,9c855ae05a857826,https://xoso.com.vn/xsmt-20-09-2021.html,OK
2021-09-22,Wednesday,KHANH_HOA,676117,97832,60825,86234,25382,03060,09446,25956,90577,11307,86989,68620,9099,5281,5169,3762,329,40,2b565d030c1eece4,https://xoso.com.vn/xsmt-22-09-2021.html,OK
2021-09-26,Sunday,KHANH_HOA,293851,33236,11413,23871,73087,83142,58981,13911,90341,90435,98865,20639,5197,9765,2217,0384,419,39,dc3cdbb94a983b43,https://xoso.com.vn/xsmt-26-09-2021.html,OK
2021-09-26,Sunday,KON_TUM,504248,57081,72085,32472,03257,19780,25512,21042,01076,55124,06162,87597,5600,9286,5235,9221,736,06,1af34dba812fe044,https://xoso.com.vn/xsmt-26-09-2021.html,OK
2021-09-27,Monday,HUE,968629,23014,49593,26694,38730,82916,84023,46217,07864,15401,82306,65528,6758,3448,8797,2209,781,56,07c178212e59ec60,https://xoso.com.vn/xsmt-27-09-2021.html,OK
2021-09-29,Wednesday,KHANH_HOA,682041,78450,14673,71373,81437,05205,92481,57690,74361,20438,02641,46052,8637,8617,2695,4515,269,85,5d019ffdb4591d4b,https://xoso.com.vn/xsmt-29-09-2021.html,OK
2021-10-03,Sunday,KHANH_HOA,619113,76572,34096,81747,27013,64918,58765,21920,85276,98798,80272,69234,2401,4667,4299,9895,793,79,09c096df815c919a,https://xoso.com.vn/xsmt-03-10-2021.html,OK
2021-10-03,Sunday,KON_TUM,762724,05077,37023,67925,82416,80353,97140,52532,15165,73780,21086,37295,6145,1295,9848,1749,641,39,f981848ee7e002ed,https://xoso.com.vn/xsmt-03-10-2021.html,OK
2021-10-04,Monday,HUE,934122,45348,06824,17422,10760,83155,87338,18532,51951,25382,31994,95077,3946,3003,0245,7955,579,52,103bf33a63d466ed,https://xoso.com.vn/xsmt-04-10-2021.html,OK
2021-10-06,Wednesday,KHANH_HOA,648362,70210,49607,03796,83281,44358,96933,26432,51574,60538,41267,34293,6446,5859,5715,8982,133,58,0fc941bf17ed1969,https://xoso.com.vn/xsmt-06-10-2021.html,OK
2021-10-10,Sunday,KHANH_HOA,226378,49481,14935,55644,33992,02876,60850,13458,20280,93906,87608,04287,8932,4277,9771,8260,168,67,91552e6b85cfa3fc,https://xoso.com.vn/xsmt-10-10-2021.html,OK
2021-10-10,Sunday,KON_TUM,258145,59053,42157,20812,08226,40726,97380,34149,53818,43090,95979,23366,8882,4595,6796,0171,737,13,3565680c8669029c,https://xoso.com.vn/xsmt-10-10-2021.html,OK
2021-10-11,Monday,HUE,172629,18279,19225,46428,40847,19868,99585,89107,89315,64459,49125,07534,1401,3810,2376,9287,797,53,5cf4ac1928fa5a25,https://xoso.com.vn/xsmt-11-10-2021.html,OK
2021-10-13,Wednesday,KHANH_HOA,963167,30849,34137,42640,90794,31623,22954,52003,40075,92255,81326,54096,1469,5449,6847,7378,928,67,f5be684346fdd43f,https://xoso.com.vn/xsmt-13-10-2021.html,OK
2021-10-17,Sunday,KHANH_HOA,848313,54783,22635,33955,86893,41987,83885,93385,58033,93865,41498,51545,4963,0667,2215,7344,599,67,83fe97103fb4db28,https://xoso.com.vn/xsmt-17-10-2021.html,OK
2021-10-17,Sunday,KON_TUM,818869,27643,77429,42282,74314,56031,92857,82028,44999,28775,16578,12399,8016,9161,7993,1353,281,84,2d595750f3b4a2d6,https://xoso.com.vn/xsmt-17-10-2021.html,OK
2021-10-18,Monday,HUE,644064,53085,75309,34728,06822,53243,13157,51911,64784,40275,32621,95348,9536,6025,0588,7640,687,07,5fce150fc6684e7b,https://xoso.com.vn/xsmt-18-10-2021.html,OK
2021-10-20,Wednesday,KHANH_HOA,431308,62306,08245,72341,72696,15363,17848,13753,88479,61071,49033,11135,3078,8936,8182,5301,601,85,ed56d0c7f2843a4e,https://xoso.com.vn/xsmt-20-10-2021.html,OK
2021-10-24,Sunday,KHANH_HOA,780249,04333,57731,61434,49847,26983,42712,44802,47397,78057,83688,68600,5635,2155,0750,1913,801,70,c72cb6fab080f0c3,https://xoso.com.vn/xsmt-24-10-2021.html,OK
2021-10-24,Sunday,KON_TUM,380238,76477,63662,95742,87084,07748,19445,49897,06237,81106,38313,00790,6739,9717,0113,0625,308,41,f321a24dc905a198,https://xoso.com.vn/xsmt-24-10-2021.html,OK
2021-10-25,Monday,HUE,622726,18373,16563,27924,07242,90112,79123,67289,97825,04217,55322,87223,3128,7595,1120,0392,304,22,3d79b5d2b62c2922,https://xoso.com.vn/xsmt-25-10-2021.html,OK
2021-10-27,Wednesday,KHANH_HOA,776377,64514,87857,55601,86341,06592,79133,45923,01475,90345,13056,79053,2817,5455,7643,4765,788,20,d123ed3079467ab7,https://xoso.com.vn/xsmt-27-10-2021.html,OK
2021-10-31,Sunday,KHANH_HOA,664225,26237,20146,93068,40988,83518,46830,08471,97599,97439,26017,66380,4742,2863,1132,5480,044,66,51338a532ef8bfb6,https://xoso.com.vn/xsmt-31-10-2021.html,OK
2021-10-31,Sunday,KON_TUM,102799,14922,73098,45728,00445,57120,98420,24963,27562,22208,95189,72052,7244,8849,9008,5168,775,12,6e893caddde938e0,https://xoso.com.vn/xsmt-31-10-2021.html,OK
2021-11-01,Monday,HUE,992501,83804,57701,77928,02535,32339,46548,51932,65764,62521,52180,30009,2591,0018,5833,2944,304,44,7d91ccfe127bf5cb,https://xoso.com.vn/xsmt-01-11-2021.html,OK
2021-11-03,Wednesday,KHANH_HOA,124286,44460,06075,54335,39342,45675,08183,43385,50344,01070,01667,87575,5788,9533,7616,4268,208,41,09ef28576cd31bc2,https://xoso.com.vn/xsmt-03-11-2021.html,OK
2021-11-07,Sunday,KHANH_HOA,582257,85876,38921,90524,19217,99317,32946,46192,59541,13110,35526,71565,8850,0170,4035,0870,441,46,5d7dce95e0cf543e,https://xoso.com.vn/xsmt-07-11-2021.html,OK
2021-11-07,Sunday,KON_TUM,563502,47755,37239,81234,22383,07923,45962,54852,27568,92751,94940,55466,4103,4591,6053,9942,308,38,2a5c8183b7e74ab0,https://xoso.com.vn/xsmt-07-11-2021.html,OK
2021-11-08,Monday,HUE,036018,18180,04404,53662,21041,36177,19501,32869,30214,46537,01656,24165,0472,8210,3590,7762,608,90,671fa1fcb2265021,https://xoso.com.vn/xsmt-08-11-2021.html,OK
2021-11-10,Wednesday,KHANH_HOA,497660,89774,74305,70191,56623,84298,25536,25114,03978,54427,76230,53475,9137,5358,3022,9870,615,85,a122b0903c9831f7,https://xoso.com.vn/xsmt-10-11-2021.html,OK
2021-11-14,Sunday,KHANH_HOA,944964,09248,78755,70670,14573,28483,83295,19944,60191,17871,75763,59853,0770,1764,6323,4939,448,25,affe68950b0ee603,https://xoso.com.vn/xsmt-14-11-2021.html,OK
2021-11-14,Sunday,KON_TUM,734643,49281,66669,54889,62555,91215,12049,35044,56671,65863,99238,56970,8892,9844,2936,6932,994,01,700b146b78e2760e,https://xoso.com.vn/xsmt-14-11-2021.html,OK
2021-11-15,Monday,HUE,390800,54200,91263,87576,59290,31453,75881,53629,76906,62822,89562,08110,4772,4144,7453,3778,653,50,ba555f494b92120e,https://xoso.com.vn/xsmt-15-11-2021.html,OK
2021-11-17,Wednesday,KHANH_HOA,662055,39863,55932,46113,79318,84403,54082,30779,02441,15191,46991,23060,2683,1609,1576,8910,051,79,1cf1393b55283d4c,https://xoso.com.vn/xsmt-17-11-2021.html,OK
2021-11-21,Sunday,KHANH_HOA,163825,13576,66355,31277,02684,38396,71462,20819,13586,99999,50032,41011,1329,3331,3723,3946,555,20,da0a264168cf58c2,https://xoso.com.vn/xsmt-21-11-2021.html,OK
2021-11-21,Sunday,KON_TUM,436881,05385,92737,02698,71744,52076,53517,93495,20623,20356,71874,46021,9217,2762,1047,6528,140,23,79a61b1744105fcb,https://xoso.com.vn/xsmt-21-11-2021.html,OK
2021-11-22,Monday,HUE,488771,06270,45716,70852,80495,83470,12057,81386,93532,10989,94564,20059,8114,8555,6931,4651,012,55,f80dd914066aade8,https://xoso.com.vn/xsmt-22-11-2021.html,OK
2021-11-24,Wednesday,KHANH_HOA,594992,91162,80651,95795,50155,82288,81597,07119,53246,49467,77938,18650,5555,5714,2728,3027,039,78,c07394e0c4cd1631,https://xoso.com.vn/xsmt-24-11-2021.html,OK
2021-11-28,Sunday,KHANH_HOA,467908,88959,38503,02047,71474,64572,98605,97616,49506,86635,82342,37662,9688,7006,3559,7945,378,29,f5c5a15a266d6157,https://xoso.com.vn/xsmt-28-11-2021.html,OK
2021-11-28,Sunday,KON_TUM,922062,34877,49724,27354,18953,43283,55234,75649,37333,46356,11606,60247,6989,6749,9163,4785,460,63,58e3694934607fe3,https://xoso.com.vn/xsmt-28-11-2021.html,OK
2021-11-29,Monday,HUE,026335,12281,48582,89516,90868,86868,50539,46280,89046,09222,52807,21709,9083,6955,9700,2881,644,51,a1ba3055db48c11a,https://xoso.com.vn/xsmt-29-11-2021.html,OK
2021-12-01,Wednesday,KHANH_HOA,551882,96039,55386,47269,49616,73752,97053,11117,91142,13661,21099,25445,8217,4242,9713,3866,637,92,94c978ed85eb261b,https://xoso.com.vn/xsmt-01-12-2021.html,OK
2021-12-05,Sunday,KHANH_HOA,806752,10226,54837,62043,86441,62038,22359,08462,04801,74801,86494,97929,0686,9285,0244,0632,662,15,da4583da7919b337,https://xoso.com.vn/xsmt-05-12-2021.html,OK
2021-12-05,Sunday,KON_TUM,642066,46240,87552,19540,74714,09167,07560,62136,36473,23085,19479,19222,4356,1980,5610,2001,720,66,213203fff01bb765,https://xoso.com.vn/xsmt-05-12-2021.html,OK
2021-12-06,Monday,HUE,043048,95471,61787,45966,87874,51255,70417,21301,55021,07956,38648,89452,3296,5674,0829,8753,565,95,9644f0c6c3970f8a,https://xoso.com.vn/xsmt-06-12-2021.html,OK
2021-12-08,Wednesday,KHANH_HOA,019125,24115,72888,58675,06782,08314,17861,38792,05024,19800,80574,79852,9895,9518,3480,4012,195,21,aa1807ae6022e273,https://xoso.com.vn/xsmt-08-12-2021.html,OK
2021-12-12,Sunday,KHANH_HOA,273159,01087,16302,53064,90817,28124,51171,68123,56576,45489,77523,04438,6177,8041,4654,4346,623,43,d1a3731b7b140782,https://xoso.com.vn/xsmt-12-12-2021.html,OK
2021-12-12,Sunday,KON_TUM,651163,47024,17385,25125,15207,12838,62980,91120,90686,28597,83099,25451,9619,0691,5058,7030,793,13,8e4f9ad6ee8c5d83,https://xoso.com.vn/xsmt-12-12-2021.html,OK
2021-12-13,Monday,HUE,057188,10688,93500,94245,80868,22985,38375,29308,16056,46253,43028,93938,3748,2732,2356,4625,272,25,6e50be3b0b869486,https://xoso.com.vn/xsmt-13-12-2021.html,OK
2021-12-15,Wednesday,KHANH_HOA,992395,28695,12777,15721,65767,41795,97747,74935,24682,48353,80196,21552,3829,0341,1977,7953,655,49,f8862bcc308d9792,https://xoso.com.vn/xsmt-15-12-2021.html,OK
2021-12-19,Sunday,KHANH_HOA,106874,31774,42355,69742,30432,31757,01500,76229,79808,23102,44124,40919,8301,3284,3086,9644,608,84,29ec38e016dc0a89,https://xoso.com.vn/xsmt-19-12-2021.html,OK
2021-12-19,Sunday,KON_TUM,355904,32007,87747,96832,38536,21126,17010,93784,23959,94334,18095,20238,9703,3248,5516,5573,123,75,e471aa8e1b7412ce,https://xoso.com.vn/xsmt-19-12-2021.html,OK
2021-12-20,Monday,HUE,409145,01480,75417,28693,42336,61578,46736,89445,34087,64659,84855,61685,0818,1047,7938,3842,407,52,c9e5978ea6fae222,https://xoso.com.vn/xsmt-20-12-2021.html,OK
2021-12-22,Wednesday,KHANH_HOA,758352,49698,30240,90980,01399,71563,56225,31068,48769,39926,62354,20364,4179,3124,1159,0107,990,95,dac9b22c3de3d33c,https://xoso.com.vn/xsmt-22-12-2021.html,OK
2021-12-26,Sunday,KHANH_HOA,569935,24215,48244,78169,26070,03182,57725,32423,56406,00410,24824,40105,2507,1850,3643,7288,525,41,4796861c818922d5,https://xoso.com.vn/xsmt-26-12-2021.html,OK
2021-12-26,Sunday,KON_TUM,678976,34381,20201,29924,90783,07993,26311,61491,25447,80450,13915,29649,6077,7923,0553,2737,912,98,678670174a1e2c2d,https://xoso.com.vn/xsmt-26-12-2021.html,OK
2021-12-27,Monday,HUE,851469,96925,29937,46194,53708,54378,12772,45217,82256,30246,24365,15090,2284,1193,9495,4513,977,18,0ed3b57d69542730,https://xoso.com.vn/xsmt-27-12-2021.html,OK
2021-12-29,Wednesday,KHANH_HOA,307552,63661,40939,82893,93018,99300,16073,07443,83220,08332,30236,04631,7125,5922,2522,0672,424,49,268264fc5a59e485,https://xoso.com.vn/xsmt-29-12-2021.html,OK
2022-01-02,Sunday,HUE,532831,20310,39813,51229,99818,48712,53425,38450,07891,61629,40192,02027,8823,5847,1452,3337,988,63,e07dec231736aac6,https://xoso.com.vn/xsmt-02-01-2022.html,OK
2022-01-02,Sunday,KHANH_HOA,563169,80226,08724,83388,26510,57717,50428,84145,04585,46030,91116,95263,1952,0780,3668,0053,490,37,582ef2aa4864694b,https://xoso.com.vn/xsmt-02-01-2022.html,OK
2022-01-02,Sunday,KON_TUM,920866,75098,24103,62063,14306,00458,44311,45727,85026,83489,96018,64219,5618,8868,1226,6977,479,70,e35e5d8ff1eea8bc,https://xoso.com.vn/xsmt-02-01-2022.html,OK
2022-01-03,Monday,HUE,490897,57205,73435,13611,69267,19046,09345,52283,73759,39822,00859,36892,2702,5058,8686,9722,160,84,e824ac9f9c08fce4,https://xoso.com.vn/xsmt-03-01-2022.html,OK
2022-01-05,Wednesday,KHANH_HOA,883565,12421,12698,85881,72221,97207,88248,35483,36737,21803,89451,46872,8424,9603,5395,9836,193,51,652b871441836349,https://xoso.com.vn/xsmt-05-01-2022.html,OK
2022-01-09,Sunday,HUE,444846,62060,08736,88063,38790,04540,05182,39615,59925,48208,28615,23852,9209,4872,2529,0075,216,43,7619c56f0f3c7732,https://xoso.com.vn/xsmt-09-01-2022.html,OK
2022-01-09,Sunday,KHANH_HOA,310905,49485,71448,35543,84534,77366,57498,83710,33065,55017,79155,20201,4910,3092,6376,0255,992,56,87fff1a13b3a790a,https://xoso.com.vn/xsmt-09-01-2022.html,OK
2022-01-09,Sunday,KON_TUM,556433,92208,98609,47702,70381,80026,76626,55482,95434,50228,18508,92839,8570,4455,9309,4922,043,27,e1cd8a7cedb61610,https://xoso.com.vn/xsmt-09-01-2022.html,OK
2022-01-10,Monday,HUE,609738,90341,24456,87752,60201,03854,91225,73312,27374,32285,19712,81884,7368,2495,6892,2410,322,72,9e37d16f6ceb8acf,https://xoso.com.vn/xsmt-10-01-2022.html,OK
2022-01-12,Wednesday,KHANH_HOA,611139,86240,46963,77309,33202,52313,85381,60276,51441,81905,80389,78244,0559,6385,5350,0858,970,94,c7b0d84d1679190c,https://xoso.com.vn/xsmt-12-01-2022.html,OK
2022-01-16,Sunday,HUE,464117,62453,76727,87871,12980,89824,49910,96410,97870,90020,58383,88097,6331,4769,8740,4682,265,92,7263da39d7ebc5e6,https://xoso.com.vn/xsmt-16-01-2022.html,OK
2022-01-16,Sunday,KHANH_HOA,910609,54443,71339,02799,29760,11860,27999,69946,16269,77640,45749,68250,5535,1335,1952,2119,128,24,f543047dd6316a5e,https://xoso.com.vn/xsmt-16-01-2022.html,OK
2022-01-16,Sunday,KON_TUM,086145,11610,48096,82657,81492,07932,96012,68113,20803,24289,74705,66368,9322,0855,7113,0549,413,41,72b43c431866e820,https://xoso.com.vn/xsmt-16-01-2022.html,OK
2022-01-17,Monday,HUE,146131,83843,74923,82863,70106,19326,10192,39296,33534,55805,16188,66461,5849,0978,8741,1789,843,80,c0ea447386bac0e5,https://xoso.com.vn/xsmt-17-01-2022.html,OK
2022-01-19,Wednesday,KHANH_HOA,435963,22251,99676,52215,86220,86968,98597,20329,39263,91472,57511,78923,5616,7747,4773,2732,561,85,edd7c2f9e2e0c3fd,https://xoso.com.vn/xsmt-19-01-2022.html,OK
2022-01-23,Sunday,HUE,498782,30674,73352,69087,61296,62293,65250,45233,28247,08231,40670,27957,2556,6403,2271,2859,208,93,d94e38dda2cc12dd,https://xoso.com.vn/xsmt-23-01-2022.html,OK
2022-01-23,Sunday,KHANH_HOA,805230,18879,07641,26309,65779,67825,54267,06166,52057,85315,53115,42013,9177,9169,7523,5127,095,79,9ed90f27b4912496,https://xoso.com.vn/xsmt-23-01-2022.html,OK
2022-01-23,Sunday,KON_TUM,305981,65591,11381,65657,78727,44543,33546,55897,22613,34698,50467,70290,6758,2707,4518,6904,188,28,0f3696748c2464a7,https://xoso.com.vn/xsmt-23-01-2022.html,OK
2022-01-24,Monday,HUE,087742,70171,41195,50422,00292,85809,45361,94927,07846,44767,29398,21181,7610,7369,4742,8482,298,41,01fcd7631bbd2b97,https://xoso.com.vn/xsmt-24-01-2022.html,OK
2022-01-26,Wednesday,KHANH_HOA,733980,94636,49192,74333,91493,91628,52167,17536,39354,16726,40657,40875,2391,3853,8923,0734,487,87,e27c0e46d797c642,https://xoso.com.vn/xsmt-26-01-2022.html,OK
2022-01-30,Sunday,HUE,730241,10650,04441,50943,65223,68225,36202,12371,40311,65744,59777,43485,7727,2039,8089,3347,676,47,605e0b46b472808a,https://xoso.com.vn/xsmt-30-01-2022.html,OK
2022-01-30,Sunday,KHANH_HOA,704948,74903,32770,61118,43260,48417,99386,79411,54085,99156,80681,23735,3288,9319,5793,9414,162,34,96ab03ff62655710,https://xoso.com.vn/xsmt-30-01-2022.html,OK
2022-01-30,Sunday,KON_TUM,271653,60764,03860,57107,88744,72672,63183,10439,66893,81504,57126,16476,0972,9473,8262,5916,930,28,ddd7056d501f0c92,https://xoso.com.vn/xsmt-30-01-2022.html,OK
2022-01-31,Monday,HUE,690844,35093,24767,28629,90665,65600,79337,41127,44493,39290,53854,67914,5613,4361,7335,7086,358,05,9e8e55bae21f3ac6,https://xoso.com.vn/xsmt-31-01-2022.html,OK
2022-02-02,Wednesday,KHANH_HOA,589238,23536,75395,19759,07165,85832,86298,40025,62255,26806,72253,83126,7962,4335,0318,5374,762,85,44decb4027593fb1,https://xoso.com.vn/xsmt-02-02-2022.html,OK
2022-02-06,Sunday,HUE,770990,75005,09345,26164,93326,96753,19990,88743,09442,87688,67122,85186,8589,5383,3825,8276,500,77,70e524a6b51e73fc,https://xoso.com.vn/xsmt-06-02-2022.html,OK
2022-02-06,Sunday,KHANH_HOA,205817,95939,46667,58935,16944,71353,83623,34444,37213,69477,78812,35215,5243,8250,3430,9168,788,43,2cc244603c04f63c,https://xoso.com.vn/xsmt-06-02-2022.html,OK
2022-02-06,Sunday,KON_TUM,175432,83737,35588,51910,95114,61844,56148,06838,75303,98847,74817,35664,7832,5431,5040,9123,921,76,e54cce5b3545130b,https://xoso.com.vn/xsmt-06-02-2022.html,OK
2022-02-07,Monday,HUE,180428,42844,27548,26842,93493,48280,73700,88305,92051,92169,93176,94257,6031,5155,5504,7910,063,90,bce6fec86981202b,https://xoso.com.vn/xsmt-07-02-2022.html,OK
2022-02-09,Wednesday,KHANH_HOA,215933,15734,78029,13375,14135,68215,73760,99890,77008,23026,09852,04874,8239,0844,8643,9545,365,45,9ff6b494c424461a,https://xoso.com.vn/xsmt-09-02-2022.html,OK
2022-02-13,Sunday,HUE,025183,26386,12234,37710,19639,93410,40742,55670,96661,84034,62153,37687,1210,2052,9100,7228,875,37,093a69d8e529c222,https://xoso.com.vn/xsmt-13-02-2022.html,OK
2022-02-13,Sunday,KHANH_HOA,163973,19538,06231,31504,17803,09034,18851,28235,46197,80255,13418,27756,4709,6898,9729,8877,953,06,50cdc95984c1ab02,https://xoso.com.vn/xsmt-13-02-2022.html,OK
2022-02-13,Sunday,KON_TUM,540992,81594,24382,50265,86210,45848,37929,01969,10620,87048,12013,69680,7633,9418,3117,8147,032,03,29c43312ffd8e736,https://xoso.com.vn/xsmt-13-02-2022.html,OK
2022-02-14,Monday,HUE,586431,23388,44020,67899,00025,15897,67444,95188,71195,51481,05712,56936,2283,5135,1466,4755,713,69,2989eab132dceebf,https://xoso.com.vn/xsmt-14-02-2022.html,OK
2022-02-16,Wednesday,KHANH_HOA,335801,59965,66383,83606,53107,23861,73506,25900,03697,48798,29943,52388,0482,4210,3437,4391,752,55,aa51fe441f5242b6,https://xoso.com.vn/xsmt-16-02-2022.html,OK
2022-02-20,Sunday,HUE,938531,53069,92106,97631,47857,04218,19547,78532,78609,66965,30266,16493,2895,3365,1540,0939,323,28,3d55bfe3e585dde3,https://xoso.com.vn/xsmt-20-02-2022.html,OK
2022-02-20,Sunday,KHANH_HOA,771563,86693,30054,20714,20779,76541,83745,79917,88606,33031,55069,96753,5699,3955,0018,7563,078,52,681c1124bd5315d4,https://xoso.com.vn/xsmt-20-02-2022.html,OK
2022-02-20,Sunday,KON_TUM,317457,13816,91239,74067,27632,54349,74421,29655,71587,41863,37078,97713,2131,7131,2079,0904,387,71,ef777ca8d4f628fd,https://xoso.com.vn/xsmt-20-02-2022.html,OK
2022-02-21,Monday,HUE,205592,23031,27516,20728,09474,22054,59000,05577,34542,88551,82212,32721,0877,9431,0130,9115,252,60,3c702940567ad29c,https://xoso.com.vn/xsmt-21-02-2022.html,OK
2022-02-23,Wednesday,KHANH_HOA,742886,53438,55707,52161,54748,03985,77358,18856,34613,15128,74792,88212,1266,4172,3951,3313,068,77,4bfb5bb11935f1ca,https://xoso.com.vn/xsmt-23-02-2022.html,OK
2022-02-27,Sunday,HUE,250498,61507,19252,02050,08037,38342,80526,81852,65092,64062,14242,27278,4582,8862,4629,7218,980,76,797a315c8c0f877c,https://xoso.com.vn/xsmt-27-02-2022.html,OK
2022-02-27,Sunday,KHANH_HOA,613217,58018,27198,36807,14898,41697,04378,79983,15856,82427,85308,43543,2713,0602,6439,8058,169,34,be8d781696b13fcd,https://xoso.com.vn/xsmt-27-02-2022.html,OK
2022-02-27,Sunday,KON_TUM,867966,68679,86367,61133,40269,02793,42069,56531,02708,42769,97213,98601,9153,9079,6935,1401,912,88,d3c5b8b5dcc1946b,https://xoso.com.vn/xsmt-27-02-2022.html,OK
2022-02-28,Monday,HUE,224640,62740,94806,53356,14267,07338,92294,07431,89440,95487,69439,02130,9950,6076,6878,0639,933,31,1de9598989795df2,https://xoso.com.vn/xsmt-28-02-2022.html,OK
2022-03-02,Wednesday,KHANH_HOA,623105,74233,34562,55162,78366,84725,92943,66835,30746,50489,09504,79292,5368,5583,9611,8308,171,28,70b94b3afed46f61,https://xoso.com.vn/xsmt-02-03-2022.html,OK
2022-03-06,Sunday,HUE,311444,21420,32591,52518,82373,83959,40094,31728,85963,86426,71593,78677,1731,4332,7982,2295,944,24,8802a2a4e7e3d7d3,https://xoso.com.vn/xsmt-06-03-2022.html,OK
2022-03-06,Sunday,KHANH_HOA,376060,63827,21667,23305,13956,57596,35319,68768,76961,30029,45691,89349,9028,8780,7655,3480,143,61,04cb2f0619ecd7b2,https://xoso.com.vn/xsmt-06-03-2022.html,OK
2022-03-06,Sunday,KON_TUM,848611,62762,16698,47963,89008,59160,90211,32128,24776,75718,19003,05862,4481,6886,6197,9242,089,52,cd488ed406ef6cbc,https://xoso.com.vn/xsmt-06-03-2022.html,OK
2022-03-07,Monday,HUE,291523,29550,47961,87640,16154,67811,91172,51049,75406,69550,28641,85908,5488,8021,6429,7337,962,71,738c48c5c4374f3a,https://xoso.com.vn/xsmt-07-03-2022.html,OK
2022-03-09,Wednesday,KHANH_HOA,263620,36967,77021,03091,59707,57248,97997,52250,76499,24564,55570,42759,0230,7233,6556,9752,142,63,1f3603b5e7a4e614,https://xoso.com.vn/xsmt-09-03-2022.html,OK
2022-03-13,Sunday,HUE,217660,05905,90694,06405,32727,18555,51990,25240,27747,25682,38737,72444,0011,5616,3970,2686,299,95,332ac00b1a4c2195,https://xoso.com.vn/xsmt-13-03-2022.html,OK
2022-03-13,Sunday,KHANH_HOA,793478,29594,40193,71805,90730,17771,38137,05362,02059,06812,16061,30025,8265,4927,6721,4312,587,78,058a5a2115aa30cb,https://xoso.com.vn/xsmt-13-03-2022.html,OK
2022-03-13,Sunday,KON_TUM,774143,24322,40330,72647,53185,61115,15051,29428,91791,21791,82803,66402,7242,8375,5878,0848,235,23,396da41af84f3d4f,https://xoso.com.vn/xsmt-13-03-2022.html,OK
2022-03-14,Monday,HUE,198645,72397,23522,17209,05971,56233,85591,45595,03506,25342,13262,70330,7180,9741,6128,9223,746,54,327e2933d04c16fa,https://xoso.com.vn/xsmt-14-03-2022.html,OK
2022-03-16,Wednesday,KHANH_HOA,465186,61515,99039,39296,76647,42219,15405,35159,65399,67120,86857,22552,3114,9623,6676,6344,195,18,cea91118259281f2,https://xoso.com.vn/xsmt-16-03-2022.html,OK
2022-03-20,Sunday,HUE,564536,50115,10967,66099,41941,45616,93011,13639,77296,50638,35868,37522,1273,1352,6980,4102,470,14,d15377b941d8dda4,https://xoso.com.vn/xsmt-20-03-2022.html,OK
2022-03-20,Sunday,KHANH_HOA,954543,58395,95674,05616,57134,33590,37595,14793,60306,09768,35678,61615,8846,5204,9565,6420,924,75,70a40b52c6806c63,https://xoso.com.vn/xsmt-20-03-2022.html,OK
2022-03-20,Sunday,KON_TUM,210204,50865,83520,26428,21712,41305,84775,27376,97001,06291,59531,43055,3510,2909,9716,8803,915,17,85e5c7dc51a399a9,https://xoso.com.vn/xsmt-20-03-2022.html,OK
2022-03-21,Monday,HUE,200769,46984,69334,58896,03728,33947,58925,16466,10611,34963,08148,81330,8366,5041,6862,9748,228,84,994a73416c065334,https://xoso.com.vn/xsmt-21-03-2022.html,OK
2022-03-23,Wednesday,KHANH_HOA,327912,65813,55059,99818,50164,96011,78391,05908,56091,92342,30062,36154,8007,1910,5024,7136,167,50,b8996f3c958be789,https://xoso.com.vn/xsmt-23-03-2022.html,OK
2022-03-27,Sunday,HUE,827526,62887,89987,59122,97507,02481,40013,92683,92924,13820,07388,34005,5007,6942,4734,7611,521,38,d1449f4dff9d12d0,https://xoso.com.vn/xsmt-27-03-2022.html,OK
2022-03-27,Sunday,KHANH_HOA,672227,68876,59190,60614,55302,99303,76641,11912,63440,01239,17424,44073,8713,4665,7261,9838,380,47,d4ee271dbbcd43d3,https://xoso.com.vn/xsmt-27-03-2022.html,OK
2022-03-27,Sunday,KON_TUM,475706,45823,65535,95224,31139,26917,63806,00308,29467,74157,30773,62547,5043,0064,0072,7473,690,98,c88ffce11d613b02,https://xoso.com.vn/xsmt-27-03-2022.html,OK
2022-03-28,Monday,HUE,385136,31693,51707,56417,92960,36960,84453,91799,90427,42506,56998,95175,9177,6590,2164,2891,327,68,4d8206e0b9e6db0b,https://xoso.com.vn/xsmt-28-03-2022.html,OK
2022-03-30,Wednesday,KHANH_HOA,123004,76906,09607,48503,03650,21238,95301,66769,09557,24546,30989,09560,5861,0118,3375,9503,892,19,dd483ee4917d9217,https://xoso.com.vn/xsmt-30-03-2022.html,OK
2022-04-03,Sunday,HUE,223697,23028,27513,41980,52828,37706,94631,65334,34911,59918,50171,21166,6325,2517,5073,7977,153,96,825be40cccb1b7b6,https://xoso.com.vn/xsmt-03-04-2022.html,OK
2022-04-03,Sunday,KHANH_HOA,793260,36219,99185,18460,62397,42807,33158,04943,67293,85098,00589,03656,8314,8856,2935,2582,734,57,db70faf0adf36f02,https://xoso.com.vn/xsmt-03-04-2022.html,OK
2022-04-03,Sunday,KON_TUM,147273,93570,58212,12337,11489,79918,39117,44769,71287,08250,69814,85949,2292,1643,8150,9587,418,45,7f05998402a2839e,https://xoso.com.vn/xsmt-03-04-2022.html,OK
2022-04-04,Monday,HUE,340374,65732,25125,00622,25808,24270,98863,56890,10614,41130,67217,59164,0988,2663,0632,9472,150,60,6c6361f457830d36,https://xoso.com.vn/xsmt-04-04-2022.html,OK
2022-04-06,Wednesday,KHANH_HOA,041452,31842,33926,98381,64513,21289,74712,48463,31533,11522,32737,83419,6371,5894,7053,8755,393,56,0114521409b5eb20,https://xoso.com.vn/xsmt-06-04-2022.html,OK
2022-04-10,Sunday,HUE,981399,39555,05642,36875,67453,12150,19762,02234,02064,40136,90888,27820,4657,7242,6530,3348,546,44,d2887f4bd50459e8,https://xoso.com.vn/xsmt-10-04-2022.html,OK
2022-04-10,Sunday,KHANH_HOA,219407,83607,60869,16576,70962,12718,61309,64718,25013,99215,25270,45542,7174,3551,4676,2556,405,14,63edfe5627a55537,https://xoso.com.vn/xsmt-10-04-2022.html,OK
2022-04-10,Sunday,KON_TUM,196596,96162,76085,08230,38095,70749,62632,80938,92601,46328,33191,79431,8434,6847,4085,2327,198,90,47c9c7deb06f90d0,https://xoso.com.vn/xsmt-10-04-2022.html,OK
2022-04-11,Monday,HUE,634690,17125,68320,02023,20320,90670,25704,07824,98621,82368,65119,30014,4915,4054,6790,3069,554,25,9d88f80efd254b06,https://xoso.com.vn/xsmt-11-04-2022.html,OK
2022-04-13,Wednesday,KHANH_HOA,603534,75546,12226,42951,79675,45449,69707,83100,27821,28522,89989,44371,3404,0689,8610,3699,289,09,5672d7469c825c46,https://xoso.com.vn/xsmt-13-04-2022.html,OK
2022-04-17,Sunday,HUE,884809,61529,96190,97884,04689,42026,58583,25031,37633,51085,02724,81018,9180,0558,1856,0436,089,50,c288f9b0bea5b761,https://xoso.com.vn/xsmt-17-04-2022.html,OK
2022-04-17,Sunday,KHANH_HOA,050624,27043,46824,74971,03510,13719,73468,77801,57693,98262,55723,45323,8883,9012,0949,7113,295,48,921334634d04134c,https://xoso.com.vn/xsmt-17-04-2022.html,OK
2022-04-17,Sunday,KON_TUM,639568,35299,58735,80619,25556,18837,78061,79842,90259,31597,99637,47172,1787,3036,9519,8010,515,25,54b39aaca7f3561b,https://xoso.com.vn/xsmt-17-04-2022.html,OK
2022-04-18,Monday,HUE,997274,54071,09490,92893,43533,75589,33599,70298,22631,97012,77789,92991,2922,7044,1257,5482,405,17,891ba80dfeee6296,https://xoso.com.vn/xsmt-18-04-2022.html,OK
2022-04-20,Wednesday,KHANH_HOA,830914,71539,99334,12146,21671,02374,82690,39630,89440,59510,01851,79959,9127,7926,1615,6535,923,57,fbc9637da0bc7cb5,https://xoso.com.vn/xsmt-20-04-2022.html,OK
2022-04-24,Sunday,HUE,634515,63099,67845,10372,02493,56966,64872,33173,84079,19696,42684,27529,9574,3003,9071,2224,795,98,3a4af75915bcd2a1,https://xoso.com.vn/xsmt-24-04-2022.html,OK
2022-04-24,Sunday,KHANH_HOA,784089,57919,59549,86224,48734,22710,38398,68474,87422,98369,49391,72499,3262,7385,1121,2396,976,03,5c1f7c5b202ce0ea,https://xoso.com.vn/xsmt-24-04-2022.html,OK
2022-04-24,Sunday,KON_TUM,572209,80843,08401,20449,02165,38498,37488,57475,39568,85141,13433,71271,5117,6695,1257,4117,657,93,2b806e2364a22175,https://xoso.com.vn/xsmt-24-04-2022.html,OK
2022-04-25,Monday,HUE,606627,03543,45633,23974,80975,31679,04800,86287,52017,30920,11276,05598,2829,1051,4393,0206,420,34,6befe600be65bf8a,https://xoso.com.vn/xsmt-25-04-2022.html,OK
2022-04-27,Wednesday,KHANH_HOA,244246,96357,31479,34925,13902,13621,31095,95698,15147,52322,34588,98036,1921,9537,7714,3105,287,13,ea4a830d3bfa40c4,https://xoso.com.vn/xsmt-27-04-2022.html,OK
2022-05-01,Sunday,HUE,366714,06820,81334,94244,51623,41194,06879,78743,90075,79786,80039,71620,4836,0583,1403,7535,800,57,ead39b7c62b5892e,https://xoso.com.vn/xsmt-01-05-2022.html,OK
2022-05-01,Sunday,KHANH_HOA,562960,46069,85586,92781,34675,15933,04870,10803,58575,26861,57741,15408,1779,3111,7262,3866,357,83,2c8a2e64ca6acd73,https://xoso.com.vn/xsmt-01-05-2022.html,OK
2022-05-01,Sunday,KON_TUM,801944,97109,41115,03931,92293,95886,69450,59867,68197,67145,38652,26698,5711,9796,5332,5602,691,11,a9b8bab5638dc51b,https://xoso.com.vn/xsmt-01-05-2022.html,OK
2022-05-02,Monday,HUE,884963,83013,12412,35844,26814,06067,10519,02361,47572,13540,38796,85141,6621,2494,5835,0352,963,82,fa94ee3242171462,https://xoso.com.vn/xsmt-02-05-2022.html,OK
2022-05-04,Wednesday,KHANH_HOA,130603,88662,81952,37442,40891,11333,76111,17536,46540,05685,20596,37414,6024,4725,9809,3674,734,44,d06fd39bc4f0df15,https://xoso.com.vn/xsmt-04-05-2022.html,OK
2022-05-08,Sunday,HUE,087150,48377,83270,15680,78253,81901,55625,16442,96032,52380,15552,76322,9628,0860,6307,1058,912,00,df0d2c96d10a6efb,https://xoso.com.vn/xsmt-08-05-2022.html,OK
2022-05-08,Sunday,KHANH_HOA,154202,96519,96945,65532,34604,30319,17790,52199,09525,62553,13705,10520,2593,3267,3813,9060,486,64,a4c09c7594462b17,https://xoso.com.vn/xsmt-08-05-2022.html,OK
2022-05-08,Sunday,KON_TUM,266873,67845,52295,45125,27697,30553,64359,21251,00287,15465,19250,94675,4363,9281,0641,6200,032,72,21d707c2d4712fc9,https://xoso.com.vn/xsmt-08-05-2022.html,OK
2022-05-09,Monday,HUE,072572,06072,29439,47032,88516,18680,30830,98242,88994,89978,77614,51532,8572,5611,3801,8714,623,89,e9924beae820d11f,https://xoso.com.vn/xsmt-09-05-2022.html,OK
2022-05-11,Wednesday,KHANH_HOA,269222,54251,81335,75467,76992,33953,67099,83887,01498,57686,35947,90557,8090,2530,1086,8470,166,75,4677bf6388c27e72,https://xoso.com.vn/xsmt-11-05-2022.html,OK
2022-05-15,Sunday,HUE,107868,03414,74543,44291,82333,35374,55762,65138,00121,06857,95873,90541,4684,8249,6002,4555,141,99,79e8ff8e1a722f9b,https://xoso.com.vn/xsmt-15-05-2022.html,OK
2022-05-15,Sunday,KHANH_HOA,387627,68712,77684,69206,01072,52666,92637,72896,08951,73304,93225,05393,2292,0717,1240,3912,551,03,f98ea5fe88ba66d3,https://xoso.com.vn/xsmt-15-05-2022.html,OK
2022-05-15,Sunday,KON_TUM,030613,77492,33296,97458,55976,51384,93436,52147,20235,39963,57282,96661,8404,9521,9938,2196,099,71,5d3df375b11ea6ee,https://xoso.com.vn/xsmt-15-05-2022.html,OK
2022-05-16,Monday,HUE,411316,15548,47396,58039,72198,30057,12693,24796,93550,68563,46531,73589,2710,4126,8063,5735,497,99,fa4e0bc7d73effe0,https://xoso.com.vn/xsmt-16-05-2022.html,OK
2022-05-18,Wednesday,KHANH_HOA,824337,95955,60761,87544,69980,72045,26581,90822,13419,79615,79632,09281,8371,3329,2833,8149,595,21,566ba9f78633862a,https://xoso.com.vn/xsmt-18-05-2022.html,OK
2022-05-22,Sunday,HUE,795045,13712,82008,77605,67717,57780,33373,30011,00343,52831,79879,91200,1085,1708,5318,8724,927,95,ce70f2f73be95b7f,https://xoso.com.vn/xsmt-22-05-2022.html,OK
2022-05-22,Sunday,KHANH_HOA,399918,76858,13116,66208,91562,26210,13991,03632,57742,15565,84921,52426,3767,9332,2921,8540,869,60,c51ea657d2619ced,https://xoso.com.vn/xsmt-22-05-2022.html,OK
2022-05-22,Sunday,KON_TUM,550576,04623,13999,90475,00503,87595,45180,14910,78979,60072,93000,55026,7719,7917,8701,4825,444,41,91b5c57334a961e6,https://xoso.com.vn/xsmt-22-05-2022.html,OK
2022-05-23,Monday,HUE,680384,08498,66730,86422,75713,45379,67298,30349,27176,82338,13761,28811,6219,7434,3173,2284,506,69,fd33f4974b6b7307,https://xoso.com.vn/xsmt-23-05-2022.html,OK
2022-05-25,Wednesday,KHANH_HOA,633266,98238,32338,87639,75997,89409,54176,84428,44392,97976,82992,36841,1682,4677,8459,2560,507,16,625eba7250af8b8c,https://xoso.com.vn/xsmt-25-05-2022.html,OK
2022-05-29,Sunday,HUE,182890,99473,81717,84810,54082,72137,25253,68290,95245,42025,67049,88725,3723,1425,9979,9871,224,36,20737a10394228c2,https://xoso.com.vn/xsmt-29-05-2022.html,OK
2022-05-29,Sunday,KHANH_HOA,437272,87479,09601,23413,48784,50756,88750,50113,06829,22538,83688,80493,3436,7294,2774,7735,449,25,0204ec40a7f0ab1b,https://xoso.com.vn/xsmt-29-05-2022.html,OK
2022-05-29,Sunday,KON_TUM,428812,54278,06963,70127,52214,77332,48033,03922,31950,31745,43576,28741,5660,5904,4438,2577,312,48,e2725e20ca6461d1,https://xoso.com.vn/xsmt-29-05-2022.html,OK
2022-05-30,Monday,HUE,091793,50579,97724,45191,68642,97423,72849,53764,37800,55993,12309,80424,7259,3878,2210,7593,825,65,14d48892cccfb178,https://xoso.com.vn/xsmt-30-05-2022.html,OK
2022-06-01,Wednesday,KHANH_HOA,676212,19295,09204,71895,18453,18228,95491,44394,75111,31105,71660,57128,0888,6514,1027,3885,722,76,b98352a090d785d9,https://xoso.com.vn/xsmt-01-06-2022.html,OK
2022-06-05,Sunday,HUE,048544,90531,57604,95884,25016,31779,46965,07626,97935,89722,24539,11044,9685,2686,8126,2989,684,85,bc9f8506c49aa382,https://xoso.com.vn/xsmt-05-06-2022.html,OK
2022-06-05,Sunday,KHANH_HOA,084554,73506,03794,78636,27475,24629,66572,17367,30627,70373,48363,19570,7552,8977,0550,1922,667,57,2e60c600eace4f06,https://xoso.com.vn/xsmt-05-06-2022.html,OK
2022-06-05,Sunday,KON_TUM,950204,88884,38804,01504,91113,65773,44515,52630,06253,10404,43865,01762,7327,4892,4076,4312,821,15,13698815f52e5b8e,https://xoso.com.vn/xsmt-05-06-2022.html,OK
2022-06-06,Monday,HUE,558222,81629,21335,04463,94881,03428,96671,20340,79329,51153,03491,66971,8312,9198,5282,2075,855,35,2df73a3adfdebfe1,https://xoso.com.vn/xsmt-06-06-2022.html,OK
2022-06-08,Wednesday,KHANH_HOA,022074,93808,74140,30740,08678,89836,25851,16180,61788,84339,07207,20931,7967,3451,4777,7439,528,40,b26cb1cf5d828d9d,https://xoso.com.vn/xsmt-08-06-2022.html,OK
2022-06-12,Sunday,HUE,125399,86447,19714,90022,08026,28342,74876,12367,20085,90637,08289,67585,4619,1715,7870,3383,826,03,969f9230b890b4a2,https://xoso.com.vn/xsmt-12-06-2022.html,OK
2022-06-12,Sunday,KHANH_HOA,195597,58860,85010,80587,32335,50226,19543,43757,81630,91116,45025,51655,6070,2576,7082,0143,242,26,c4f3090c13a8b20c,https://xoso.com.vn/xsmt-12-06-2022.html,OK
2022-06-12,Sunday,KON_TUM,671541,90789,46744,20280,49482,18405,41286,46905,65905,16950,23322,36978,0789,4281,4385,2495,162,29,0d44d54678c730d1,https://xoso.com.vn/xsmt-12-06-2022.html,OK
2022-06-13,Monday,HUE,918703,13048,74848,84593,94514,99285,61478,29576,26001,29385,74223,88111,1978,4324,5961,5034,093,11,9585f80e7a1b4617,https://xoso.com.vn/xsmt-13-06-2022.html,OK
2022-06-15,Wednesday,KHANH_HOA,029256,32037,39499,77273,15282,98668,07496,94343,44426,30447,53501,37867,0152,7699,6329,5533,386,70,b591dcd5ee5b93dc,https://xoso.com.vn/xsmt-15-06-2022.html,OK
2022-06-19,Sunday,HUE,754412,34321,29209,62908,92231,89935,64734,39998,87415,76138,95849,32938,7779,1326,3668,0948,264,89,19a1f1ff3cccd643,https://xoso.com.vn/xsmt-19-06-2022.html,OK
2022-06-19,Sunday,KHANH_HOA,084513,11026,71296,06399,52433,33929,26785,62982,18957,35406,54583,23667,2838,5603,9209,6769,307,05,4014c4148daf0e54,https://xoso.com.vn/xsmt-19-06-2022.html,OK
2022-06-19,Sunday,KON_TUM,535453,63249,00710,85560,24157,89052,71508,69571,12311,79750,85046,55761,0078,4247,3237,9252,953,44,43c39d3666cdbe35,https://xoso.com.vn/xsmt-19-06-2022.html,OK
2022-06-20,Monday,HUE,523451,15131,16914,29545,52308,40694,87600,94069,65029,63838,94751,93637,1183,6970,8228,0649,952,80,29184e099d1f7fc0,https://xoso.com.vn/xsmt-20-06-2022.html,OK
2022-06-22,Wednesday,KHANH_HOA,942153,33941,47264,10184,22367,13473,03623,24830,58118,29179,30221,72538,4415,9839,2663,1499,575,56,f7b33e2ca8b8f0cc,https://xoso.com.vn/xsmt-22-06-2022.html,OK
2022-06-26,Sunday,HUE,706847,16117,28200,36065,66542,02852,48557,88468,10388,15611,75523,11544,5486,2465,3521,6649,217,15,d0801f9a112208b8,https://xoso.com.vn/xsmt-26-06-2022.html,OK
2022-06-26,Sunday,KHANH_HOA,164786,12455,90847,50318,70631,38886,43393,67444,82270,48506,69002,79906,2021,6527,9419,1877,200,33,ca5a8164c3d960b2,https://xoso.com.vn/xsmt-26-06-2022.html,OK
2022-06-26,Sunday,KON_TUM,239345,45926,78008,29181,43857,97966,58506,65786,74007,07920,42172,77552,6892,7527,5996,9996,402,03,613748ec03d5cbeb,https://xoso.com.vn/xsmt-26-06-2022.html,OK
2022-06-27,Monday,HUE,956041,73771,51950,52031,28554,23661,97705,96308,23952,59491,69208,79051,0382,2309,1222,6676,876,80,afae93cc8f9593c0,https://xoso.com.vn/xsmt-27-06-2022.html,OK
2022-06-29,Wednesday,KHANH_HOA,326189,87402,64222,86078,39954,01630,17762,29676,72645,09201,72430,52968,9207,2578,5313,2637,066,19,5967a4a3025ecce7,https://xoso.com.vn/xsmt-29-06-2022.html,OK
2022-07-03,Sunday,HUE,333733,63413,15310,49519,81675,79834,76666,56287,64575,34524,57235,02903,0666,7916,0733,7550,861,42,41829e25acd09a00,https://xoso.com.vn/xsmt-03-07-2022.html,OK
2022-07-03,Sunday,KHANH_HOA,378413,46102,74808,11689,28283,53271,86413,25673,43366,51679,29181,23067,6643,9632,2828,1370,510,08,4238d1584b34ce5c,https://xoso.com.vn/xsmt-03-07-2022.html,OK
2022-07-03,Sunday,KON_TUM,543137,70341,27084,73460,08587,31675,54441,19359,20709,88855,35211,87375,5577,2348,1144,5460,191,10,58cc169f15f21e6e,https://xoso.com.vn/xsmt-03-07-2022.html,OK
2022-07-04,Monday,HUE,406203,35176,65119,00289,64944,70796,70195,90757,43639,93590,39547,46522,9272,1447,7047,7343,141,86,ace8caace50e464d,https://xoso.com.vn/xsmt-04-07-2022.html,OK
2022-07-06,Wednesday,KHANH_HOA,442525,57880,84889,37160,51259,36116,82390,48152,41503,20979,18859,71519,1205,2608,9717,3168,338,16,281959e0c0ab97f9,https://xoso.com.vn/xsmt-06-07-2022.html,OK
2022-07-10,Sunday,HUE,711311,01257,07855,00331,13915,46622,58431,44805,65481,32473,84415,92214,2829,0667,1267,3649,768,36,7c9b62f5e3ee3810,https://xoso.com.vn/xsmt-10-07-2022.html,OK
2022-07-10,Sunday,KHANH_HOA,181011,76877,10385,68000,79585,10672,25182,14238,90563,85913,34336,52887,8331,8578,7966,0892,646,99,4e77914099f19a09,https://xoso.com.vn/xsmt-10-07-2022.html,OK
2022-07-10,Sunday,KON_TUM,403090,61329,46240,30745,76396,95802,51879,17863,42521,52417,89281,72662,8287,9010,5670,9780,277,53,98b56bd5aa411435,https://xoso.com.vn/xsmt-10-07-2022.html,OK
2022-07-11,Monday,HUE,546784,85257,87642,41700,75039,98464,05308,93113,64342,90190,46078,24154,2160,9220,9901,9922,874,15,1f40de72c0030256,https://xoso.com.vn/xsmt-11-07-2022.html,OK
2022-07-13,Wednesday,KHANH_HOA,018537,11184,17869,02494,57376,68203,74522,85212,12992,91917,04098,10143,7911,7556,3724,6400,759,02,705706bc1e8c1e72,https://xoso.com.vn/xsmt-13-07-2022.html,OK
2022-07-17,Sunday,HUE,135708,00133,71013,47379,95855,84065,00619,67081,08636,18090,17468,80889,9863,8328,2785,7972,790,47,44cb91ad5990ffca,https://xoso.com.vn/xsmt-17-07-2022.html,OK
2022-07-17,Sunday,KHANH_HOA,694108,12417,64259,77020,79465,91766,06730,53275,11256,74073,67242,22957,5757,9182,8776,2165,658,96,382f61e1dfa95542,https://xoso.com.vn/xsmt-17-07-2022.html,OK
2022-07-17,Sunday,KON_TUM,274111,75800,31276,84186,03257,64157,88783,80179,54570,35611,69862,09132,0399,4048,1504,1943,293,05,ab17e33f5087ae81,https://xoso.com.vn/xsmt-17-07-2022.html,OK
2022-07-18,Monday,HUE,970648,40630,64347,50008,94099,29494,29884,46977,87887,54227,96399,12286,4478,7824,9993,2945,021,03,9520c67b722c468d,https://xoso.com.vn/xsmt-18-07-2022.html,OK
2022-07-20,Wednesday,KHANH_HOA,860889,48831,07440,92549,81108,41366,98442,79948,86208,37286,65365,23728,8761,4285,6984,6246,668,37,445ce94ee8b04cf4,https://xoso.com.vn/xsmt-20-07-2022.html,OK
2022-07-24,Sunday,HUE,070135,65480,12686,92713,72651,33558,76100,83654,37454,01335,15992,14488,9295,7697,5789,8311,965,29,ad2d2107723e2024,https://xoso.com.vn/xsmt-24-07-2022.html,OK
2022-07-24,Sunday,KHANH_HOA,583024,70880,34423,43243,54092,96185,54015,91549,61199,91637,70630,74969,6917,3451,1409,4981,985,06,93d116e8c9192e97,https://xoso.com.vn/xsmt-24-07-2022.html,OK
2022-07-24,Sunday,KON_TUM,547912,10389,63431,07799,33380,38250,66637,86585,00891,43695,48148,35734,9940,9588,2955,2197,656,61,d5dc114024189c14,https://xoso.com.vn/xsmt-24-07-2022.html,OK
2022-07-25,Monday,HUE,766696,37221,94551,98256,51905,34930,16580,54125,54617,78631,85500,34420,3577,7982,3451,1364,154,49,c00d9be04abb4202,https://xoso.com.vn/xsmt-25-07-2022.html,OK
2022-07-27,Wednesday,KHANH_HOA,793897,33166,43339,38581,82133,76253,85412,14952,06416,19826,17214,88193,6449,8242,6605,5248,216,08,b75f51e5d1f04a75,https://xoso.com.vn/xsmt-27-07-2022.html,OK
2022-07-31,Sunday,HUE,149303,37069,99557,37099,95225,16279,48646,72001,04210,01264,69307,64117,8108,2039,1296,2341,111,14,6120c9fe897e132a,https://xoso.com.vn/xsmt-31-07-2022.html,OK
2022-07-31,Sunday,KHANH_HOA,779336,74670,42841,50192,20664,90860,08050,32478,02762,90429,25718,82298,6825,0703,2879,8378,166,17,52e9c8d9e0b33cff,https://xoso.com.vn/xsmt-31-07-2022.html,OK
2022-07-31,Sunday,KON_TUM,735191,78928,86085,39741,45128,44191,21173,06415,05677,88607,89853,64509,0718,4998,8086,3106,337,43,2e74c01d6e89e4c9,https://xoso.com.vn/xsmt-31-07-2022.html,OK
2022-08-01,Monday,HUE,985387,61520,67713,97497,62694,78139,84462,94455,48619,78807,15529,67664,8095,4957,5451,2330,149,51,ad1d1702b7107cc9,https://xoso.com.vn/xsmt-01-08-2022.html,OK
2022-08-03,Wednesday,KHANH_HOA,137075,28595,10483,41157,61946,46647,23999,86120,82862,73301,42507,81300,1511,9563,4736,5788,662,99,0d05ec4026f877ea,https://xoso.com.vn/xsmt-03-08-2022.html,OK
2022-08-07,Sunday,HUE,269088,10021,16554,31745,31022,20862,85055,07640,37503,22909,88381,20447,0811,8633,1385,6732,367,79,fa0b1a1bf4b32b8c,https://xoso.com.vn/xsmt-07-08-2022.html,OK
2022-08-07,Sunday,KHANH_HOA,733571,12154,22483,36850,81839,86711,01893,85724,97717,54293,90570,25847,6062,3290,6493,3742,998,68,15292dbe709aa1db,https://xoso.com.vn/xsmt-07-08-2022.html,OK
2022-08-07,Sunday,KON_TUM,745986,45476,11389,73774,80925,48484,36955,19195,54219,33632,73465,60328,4363,6628,8557,9111,889,34,1c08e1d17679da04,https://xoso.com.vn/xsmt-07-08-2022.html,OK
2022-08-08,Monday,HUE,552158,74551,98266,90791,02052,12417,61544,43717,05446,48738,23578,40537,6453,7561,4686,7830,499,25,764fdbeb875202cd,https://xoso.com.vn/xsmt-08-08-2022.html,OK
2022-08-10,Wednesday,KHANH_HOA,157623,91145,00141,98739,48130,43107,48731,81022,93643,42820,58850,44727,4655,3188,2357,9837,809,07,35a4626a9f2aa8b3,https://xoso.com.vn/xsmt-10-08-2022.html,OK
2022-08-14,Sunday,HUE,306493,80049,68477,75506,83643,11632,75594,30138,85137,89015,90019,42842,9997,0973,5493,4485,305,72,4117bf2334d2f3fc,https://xoso.com.vn/xsmt-14-08-2022.html,OK
2022-08-14,Sunday,KHANH_HOA,481534,07284,78910,03965,96695,39266,69409,27646,29810,34477,84551,84306,6313,9496,1421,1513,170,77,40ac6a93455ded5e,https://xoso.com.vn/xsmt-14-08-2022.html,OK
2022-08-14,Sunday,KON_TUM,900231,64979,74890,83135,25222,92347,34160,38460,98377,33220,89181,41671,9116,1551,1560,8915,044,75,020e8e4eeeeedd07,https://xoso.com.vn/xsmt-14-08-2022.html,OK
2022-08-15,Monday,HUE,185346,43396,26002,80186,17618,13047,92185,10065,57609,30968,20466,60842,7041,9566,3055,4835,134,01,f129581dff2e10f9,https://xoso.com.vn/xsmt-15-08-2022.html,OK
2022-08-17,Wednesday,KHANH_HOA,560571,76409,91711,59199,48260,17064,15918,36881,87364,17398,68905,34051,7831,4297,8195,7072,937,28,3cfe9080d9687b1e,https://xoso.com.vn/xsmt-17-08-2022.html,OK
2022-08-21,Sunday,HUE,320946,40260,56830,76013,74239,03877,07343,45696,58182,33655,33164,02335,7612,9597,8613,6532,521,75,5d171fc4827ea626,https://xoso.com.vn/xsmt-21-08-2022.html,OK
2022-08-21,Sunday,KHANH_HOA,028483,01108,38993,03675,65109,12651,73510,52044,12565,45732,67175,31511,5790,1680,4266,7385,041,02,0dfe346ec1798359,https://xoso.com.vn/xsmt-21-08-2022.html,OK
2022-08-21,Sunday,KON_TUM,098395,99760,04246,53412,27680,31736,97719,77392,42107,19500,79895,98912,4621,3853,8483,2493,787,16,f124c4cc5f14160b,https://xoso.com.vn/xsmt-21-08-2022.html,OK
2022-08-22,Monday,HUE,404404,31831,20089,87810,64838,00654,04415,54097,74340,45882,35004,43299,8167,8473,8670,8055,949,86,422b78c899c5e35b,https://xoso.com.vn/xsmt-22-08-2022.html,OK
2022-08-24,Wednesday,KHANH_HOA,738527,86160,58035,81731,14142,61602,90739,19340,34112,48034,10306,39977,4464,5065,0267,8029,647,12,767715e652b66b5b,https://xoso.com.vn/xsmt-24-08-2022.html,OK
2022-08-28,Sunday,HUE,403252,74666,88966,66864,33307,59005,30661,55974,88693,66860,81595,97141,8592,2204,9169,6380,145,28,8346e557c3ddffd6,https://xoso.com.vn/xsmt-28-08-2022.html,OK
2022-08-28,Sunday,KHANH_HOA,373724,76853,34603,84416,91136,72338,82452,85989,19970,75777,95544,06637,1784,9711,0196,3548,853,51,68bb643dc5098213,https://xoso.com.vn/xsmt-28-08-2022.html,OK
2022-08-28,Sunday,KON_TUM,226193,47654,08788,79529,67393,01755,37375,52949,41533,92898,13273,41134,3767,3183,6748,6155,063,04,5e8e044a12180368,https://xoso.com.vn/xsmt-28-08-2022.html,OK
2022-08-29,Monday,HUE,223086,52011,22237,65314,77551,88347,82233,61399,81504,21628,27099,76967,0540,5223,4138,4931,053,97,df67e80df53c3614,https://xoso.com.vn/xsmt-29-08-2022.html,OK
2022-08-31,Wednesday,KHANH_HOA,189387,37953,44093,20554,28010,77987,34325,98388,80087,93920,21262,12377,7381,8474,7535,7636,028,00,88a5a76716450e7c,https://xoso.com.vn/xsmt-31-08-2022.html,OK
2022-09-04,Sunday,HUE,140915,35437,20681,55754,16413,69880,62643,68273,29091,33959,50202,35016,1867,2434,3789,3899,635,99,5ef8d4eee4840abf,https://xoso.com.vn/xsmt-04-09-2022.html,OK
2022-09-04,Sunday,KHANH_HOA,508930,30005,68431,98209,60870,10670,12791,23723,95883,97798,54828,05714,7962,0955,6585,4438,076,61,6b4e099fce20a036,https://xoso.com.vn/xsmt-04-09-2022.html,OK
2022-09-04,Sunday,KON_TUM,367422,17056,74588,09833,40301,62775,96410,24383,22172,55021,22513,62750,3017,2357,1945,9322,986,21,6160dfe5af0b01c1,https://xoso.com.vn/xsmt-04-09-2022.html,OK
2022-09-05,Monday,HUE,092558,18847,34158,59252,10289,63509,06818,31729,56296,35305,11970,28353,9248,4258,2230,8291,580,05,5b9feb1ad003763d,https://xoso.com.vn/xsmt-05-09-2022.html,OK
2022-09-07,Wednesday,KHANH_HOA,867239,32912,02908,20690,62162,33897,80425,47550,77154,53855,11009,99208,4766,2538,3960,8038,503,58,02d9d0003dec28ef,https://xoso.com.vn/xsmt-07-09-2022.html,OK
2022-09-11,Sunday,HUE,115755,43802,75436,29830,45178,14624,54489,23028,88275,82611,10892,67451,7709,1348,6535,3730,150,04,73b8da7d886ff54b,https://xoso.com.vn/xsmt-11-09-2022.html,OK
2022-09-11,Sunday,KHANH_HOA,906362,40530,69121,12968,09384,62108,05006,07574,97902,08396,12906,50616,2491,6174,3306,5913,525,98,6a48c7716f7da743,https://xoso.com.vn/xsmt-11-09-2022.html,OK
2022-09-11,Sunday,KON_TUM,262411,87949,64780,72832,50804,59283,48788,21207,65383,23798,90214,26875,1760,2475,1189,9859,413,23,6960397cfae0124e,https://xoso.com.vn/xsmt-11-09-2022.html,OK
2022-09-12,Monday,HUE,572829,90115,11168,31805,35304,83778,33410,63181,86172,91011,43668,41522,7592,7611,7653,4581,566,04,cd7adb447499c016,https://xoso.com.vn/xsmt-12-09-2022.html,OK
2022-09-14,Wednesday,KHANH_HOA,264790,66832,39669,97840,33500,66600,89403,16411,10708,73745,43825,10280,9293,9840,1306,0461,424,37,77dcf06415395268,https://xoso.com.vn/xsmt-14-09-2022.html,OK
2022-09-18,Sunday,HUE,414556,46612,55533,95087,94247,40764,19152,44469,59646,06540,96138,96285,9118,6414,6777,9907,340,58,6455bf10a74a6e2d,https://xoso.com.vn/xsmt-18-09-2022.html,OK
2022-09-18,Sunday,KHANH_HOA,507708,74090,56018,57347,73302,50127,28746,51379,10643,71587,83894,61033,0228,7989,1248,2376,856,09,1178c55818a78e62,https://xoso.com.vn/xsmt-18-09-2022.html,OK
2022-09-18,Sunday,KON_TUM,936186,43330,34165,50558,24645,45737,24475,43411,72599,31175,71375,87221,2434,5138,2905,2572,135,67,a5dde847bd969c65,https://xoso.com.vn/xsmt-18-09-2022.html,OK
2022-09-19,Monday,HUE,016494,15174,88803,28595,04057,17878,81211,39958,82857,99176,91703,40693,6016,9666,3933,1369,980,98,6446022a7a12e019,https://xoso.com.vn/xsmt-19-09-2022.html,OK
2022-09-21,Wednesday,KHANH_HOA,984745,34843,13231,42910,19274,15148,31172,60499,71235,92967,45211,30648,2008,5583,4543,1815,050,13,0d347379a6b24e38,https://xoso.com.vn/xsmt-21-09-2022.html,OK
2022-09-25,Sunday,HUE,404121,34744,48785,59408,97425,71494,07253,12832,59226,54436,43511,93041,3425,8193,0105,6856,207,67,479f1ba7b2128a06,https://xoso.com.vn/xsmt-25-09-2022.html,OK
2022-09-25,Sunday,KHANH_HOA,793624,90891,58598,86667,85752,56600,45401,28715,41190,09214,52555,44308,1438,3990,1315,5153,623,33,dbb9bced99316eb1,https://xoso.com.vn/xsmt-25-09-2022.html,OK
2022-09-25,Sunday,KON_TUM,462073,89579,03126,68152,89797,55184,72536,68939,48565,87837,54755,24767,2952,0020,5285,4426,411,73,ebb19e244355e1c2,https://xoso.com.vn/xsmt-25-09-2022.html,OK
2022-09-26,Monday,HUE,918341,97990,34380,49070,40505,67057,55106,09588,41565,48165,88663,13659,3794,5298,3764,8961,681,33,0ab98fb52b2b94e7,https://xoso.com.vn/xsmt-26-09-2022.html,OK
2022-09-28,Wednesday,KHANH_HOA,834582,66111,09558,95990,34588,80050,44294,31850,28454,51518,37002,18722,4808,1506,2365,5686,474,04,301ab21e7e6c0f81,https://xoso.com.vn/xsmt-28-09-2022.html,OK
2022-10-02,Sunday,HUE,887035,59179,62696,23129,82259,36594,28521,10778,90561,74019,23674,36071,3750,7620,9162,2935,152,24,5cd97014aef14bcc,https://xoso.com.vn/xsmt-02-10-2022.html,OK
2022-10-02,Sunday,KHANH_HOA,580058,48153,84681,24170,19368,72968,92352,57442,89805,86137,90680,95519,7840,8381,7275,4217,887,63,9907f8a13ef3ef9b,https://xoso.com.vn/xsmt-02-10-2022.html,OK
2022-10-02,Sunday,KON_TUM,597297,69922,04376,30037,36924,15391,06159,95430,36402,05978,60909,50411,1603,7349,7745,7457,673,00,844cf618177631cb,https://xoso.com.vn/xsmt-02-10-2022.html,OK
2022-10-03,Monday,HUE,990337,09709,58133,03385,67397,88427,25839,07001,11929,67031,73994,37250,5194,2261,2988,7918,290,51,4bd3b2413dae8826,https://xoso.com.vn/xsmt-03-10-2022.html,OK
2022-10-05,Wednesday,KHANH_HOA,992630,17042,88510,36897,21164,32405,55858,25315,79189,47012,27193,87999,0975,6392,2971,8310,483,72,dda15904b3f04929,https://xoso.com.vn/xsmt-05-10-2022.html,OK
2022-10-09,Sunday,HUE,537498,51896,71249,83136,59798,64993,59175,10131,51448,42799,93771,79500,8892,8979,2383,8586,976,55,3d6fcdcbd2a721b0,https://xoso.com.vn/xsmt-09-10-2022.html,OK
2022-10-09,Sunday,KHANH_HOA,479938,85474,42259,21165,78487,58129,65507,99709,91144,02258,20705,00411,0029,5527,5792,0186,382,50,950af4f1fa30119e,https://xoso.com.vn/xsmt-09-10-2022.html,OK
2022-10-09,Sunday,KON_TUM,846473,39037,21922,24071,78303,05620,32312,97156,37883,53386,75457,74041,9640,6718,3388,8089,347,92,7a3b54e68c495d02,https://xoso.com.vn/xsmt-09-10-2022.html,OK
2022-10-10,Monday,HUE,327032,13440,59119,09681,61502,98314,40675,68481,93280,93276,66915,88152,4877,1546,3902,2575,903,58,b0a920b614b66e8c,https://xoso.com.vn/xsmt-10-10-2022.html,OK
2022-10-12,Wednesday,KHANH_HOA,636473,56346,20066,05595,54377,94078,59616,78036,50214,72339,73106,90632,0004,4077,1443,0778,067,10,0a3eacec4c3be1cc,https://xoso.com.vn/xsmt-12-10-2022.html,OK
2022-10-16,Sunday,HUE,836904,37297,07789,48416,37093,17371,04766,35343,15461,70041,46403,03838,5216,7907,7448,9479,897,63,ace408dcc2810ec6,https://xoso.com.vn/xsmt-16-10-2022.html,OK
2022-10-16,Sunday,KHANH_HOA,320350,19858,24809,75059,00083,39337,60217,36686,56067,75133,06524,12232,4515,3633,7565,5492,956,94,c7e94d178789ba6b,https://xoso.com.vn/xsmt-16-10-2022.html,OK
2022-10-16,Sunday,KON_TUM,222143,45108,56724,20668,53241,56544,36595,98343,49334,63787,44173,59498,6045,8958,4514,9017,744,29,b55b09e859822be6,https://xoso.com.vn/xsmt-16-10-2022.html,OK
2022-10-17,Monday,HUE,936589,94712,40397,24442,97294,24315,96607,96150,93376,62568,61190,68578,4014,3741,8117,8665,672,50,bb955eb35a573b91,https://xoso.com.vn/xsmt-17-10-2022.html,OK
2022-10-19,Wednesday,KHANH_HOA,861224,80777,49803,65124,85812,91714,37887,32866,69418,32081,26529,12518,3512,7789,2032,5841,231,77,c20dd54bf47614f8,https://xoso.com.vn/xsmt-19-10-2022.html,OK
2022-10-23,Sunday,HUE,789185,11716,00488,26306,20055,85384,94880,26818,92869,47053,78682,07476,0379,2669,4590,2553,301,49,dd7f30ee7ee17e73,https://xoso.com.vn/xsmt-23-10-2022.html,OK
2022-10-23,Sunday,KHANH_HOA,752286,37607,83579,37926,89100,98311,21029,95762,44283,30551,77471,82038,2116,6319,6127,9626,576,86,f17e90b0f6fa5c3f,https://xoso.com.vn/xsmt-23-10-2022.html,OK
2022-10-23,Sunday,KON_TUM,271859,82099,19241,11218,74391,16493,68991,61634,32500,74483,69097,04928,5155,0800,3009,5474,387,15,95c2365ac11421c0,https://xoso.com.vn/xsmt-23-10-2022.html,OK
2022-10-24,Monday,HUE,358287,81930,62470,57510,91767,12633,22267,65292,11167,07586,10000,87806,8756,3441,1602,8071,378,80,6639afc38c99a6aa,https://xoso.com.vn/xsmt-24-10-2022.html,OK
2022-10-26,Wednesday,KHANH_HOA,849868,60963,93372,85813,30459,87854,39010,75699,21050,57330,36133,14521,9149,6814,0242,1427,822,80,ad63b46a90ea2ad2,https://xoso.com.vn/xsmt-26-10-2022.html,OK
2022-10-30,Sunday,HUE,091545,74788,58911,67440,31142,47643,50688,86695,50130,89010,99622,39849,4161,9712,7828,4855,381,25,d68286c60d583d60,https://xoso.com.vn/xsmt-30-10-2022.html,OK
2022-10-30,Sunday,KHANH_HOA,281225,00089,91100,40346,48690,52857,44671,04961,64880,45740,60916,92771,8760,7985,8024,7557,225,76,1f66a0d63d17fb79,https://xoso.com.vn/xsmt-30-10-2022.html,OK
2022-10-30,Sunday,KON_TUM,447591,20651,95122,38744,17996,88936,49890,14895,70726,00618,88761,42976,2229,7225,3208,7928,978,13,fba950d8eafa1e98,https://xoso.com.vn/xsmt-30-10-2022.html,OK
2022-10-31,Monday,HUE,268682,20960,52636,28852,56385,61217,90747,34245,58683,06155,67239,16741,7360,0410,3313,2453,808,59,cc19c2722d585cea,https://xoso.com.vn/xsmt-31-10-2022.html,OK
2022-11-02,Wednesday,KHANH_HOA,972290,69851,89414,54907,61356,37976,35849,21959,00769,81500,33034,17772,8042,6995,2087,8098,824,35,ab659b7e5d5f0216,https://xoso.com.vn/xsmt-02-11-2022.html,OK
2022-11-06,Sunday,HUE,074926,71133,70148,59018,81655,02108,26233,40418,95995,15598,95859,36988,4044,5230,7133,2358,987,59,71ce43742d30a800,https://xoso.com.vn/xsmt-06-11-2022.html,OK
2022-11-06,Sunday,KHANH_HOA,619047,25914,18259,58430,19366,21399,94198,64033,05944,38331,24331,37542,9109,2094,0088,2727,555,08,427b7b3134da6b4e,https://xoso.com.vn/xsmt-06-11-2022.html,OK
2022-11-06,Sunday,KON_TUM,338264,42161,32389,36441,38138,61204,28224,46475,47240,12067,46819,84674,2142,5162,1472,7982,417,46,db8a01599d4140cf,https://xoso.com.vn/xsmt-06-11-2022.html,OK
2022-11-07,Monday,HUE,307809,03101,27972,94640,37834,64626,01260,65255,18021,42499,93762,43655,0041,6297,3151,9672,135,32,ad9f2dd9c185a4de,https://xoso.com.vn/xsmt-07-11-2022.html,OK
2022-11-09,Wednesday,KHANH_HOA,076919,97006,44091,52190,51563,16775,67694,14573,00311,66330,11252,90668,8662,6975,3291,2791,017,26,c651fe970d86ad35,https://xoso.com.vn/xsmt-09-11-2022.html,OK
2022-11-13,Sunday,HUE,207612,92447,26186,42179,61890,29353,17673,89823,23362,30474,95657,84119,6958,9390,2681,9723,821,51,68de4a6afffe09f9,https://xoso.com.vn/xsmt-13-11-2022.html,OK
2022-11-13,Sunday,KHANH_HOA,563304,71156,73874,15246,65129,10345,49689,93464,16913,57981,04569,92329,8619,7515,7570,8626,913,41,111297cb1e62214d,https://xoso.com.vn/xsmt-13-11-2022.html,OK
2022-11-13,Sunday,KON_TUM,519859,37548,54671,26151,92888,03905,45355,84111,60891,81954,32980,76021,8857,6963,6259,6443,481,91,853175ab58af9c51,https://xoso.com.vn/xsmt-13-11-2022.html,OK
2022-11-14,Monday,HUE,071817,50207,74618,88895,51652,49183,34667,48371,30306,60120,38104,19207,8180,7569,5629,0448,801,18,9316c6bd409eb053,https://xoso.com.vn/xsmt-14-11-2022.html,OK
2022-11-16,Wednesday,KHANH_HOA,226848,91458,86937,22862,90144,58377,67807,02310,39022,26692,20269,37940,1435,4662,1299,1593,818,62,0d3623b20a7497ae,https://xoso.com.vn/xsmt-16-11-2022.html,OK
2022-11-20,Sunday,HUE,103652,36659,38130,48880,02725,80897,59969,69518,01289,54259,44690,80839,1705,8058,6185,8276,815,80,a1383c48f3adde3b,https://xoso.com.vn/xsmt-20-11-2022.html,OK
2022-11-20,Sunday,KHANH_HOA,445077,96809,54819,12124,34067,38763,63522,62794,42994,80562,35604,21598,2971,5241,9905,4425,946,02,6cd61cde28e7b706,https://xoso.com.vn/xsmt-20-11-2022.html,OK
2022-11-20,Sunday,KON_TUM,828475,32116,80804,91409,05126,44761,79613,45621,33107,40717,47673,60056,0430,0728,8421,8842,486,74,f8f6b894a73bc17f,https://xoso.com.vn/xsmt-20-11-2022.html,OK
2022-11-21,Monday,HUE,079141,75694,24105,92820,03400,63159,22647,11585,17520,32885,49064,93840,0358,5090,9838,3011,136,53,e5e2cef390e427ea,https://xoso.com.vn/xsmt-21-11-2022.html,OK
2022-11-23,Wednesday,KHANH_HOA,069787,57702,83086,12054,82180,10705,36493,97870,70629,35175,24828,37670,0640,2806,9014,0888,520,58,3a1db19720045029,https://xoso.com.vn/xsmt-23-11-2022.html,OK
2022-11-27,Sunday,HUE,807460,68987,54256,80386,26583,02426,15894,43212,80272,96936,29779,30998,3968,0566,8887,8101,719,92,268790b3a461a0d0,https://xoso.com.vn/xsmt-27-11-2022.html,OK
2022-11-27,Sunday,KHANH_HOA,392878,25923,26728,13683,95581,37407,33560,35756,47889,87077,20806,69745,4577,4523,7875,7632,732,39,a258cfd42b85a9e7,https://xoso.com.vn/xsmt-27-11-2022.html,OK
2022-11-27,Sunday,KON_TUM,236392,24415,06214,16209,14332,73706,81174,99003,84829,73882,94580,28568,4840,2969,1403,3901,047,70,790c4d52faf5da39,https://xoso.com.vn/xsmt-27-11-2022.html,OK
2022-11-28,Monday,HUE,771033,61376,55154,73030,32643,02046,21974,45184,03211,30021,99142,49061,3763,5047,0828,5677,684,66,a5576ca98be05a69,https://xoso.com.vn/xsmt-28-11-2022.html,OK
2022-11-30,Wednesday,KHANH_HOA,265909,37641,15013,74922,25136,04323,03733,02133,25500,25922,40764,57116,4852,1382,1489,1863,902,71,13773eb0132b69e4,https://xoso.com.vn/xsmt-30-11-2022.html,OK
2022-12-04,Sunday,HUE,641029,64166,05820,94623,65199,65639,36981,69088,46732,30038,05186,46475,9994,9947,0948,6266,043,49,35dda24d6755d436,https://xoso.com.vn/xsmt-04-12-2022.html,OK
2022-12-04,Sunday,KHANH_HOA,853245,95905,76327,79187,53643,58234,71041,50957,75053,98724,50581,89490,3869,2904,8722,7632,115,40,0323bc6bfbc16608,https://xoso.com.vn/xsmt-04-12-2022.html,OK
2022-12-04,Sunday,KON_TUM,662829,02211,01066,20611,34976,47623,39172,59268,93449,88352,75811,59994,7699,8720,0381,8915,044,61,5886447800cfd80c,https://xoso.com.vn/xsmt-04-12-2022.html,OK
2022-12-05,Monday,HUE,338743,10643,70371,86226,11971,06647,40696,36115,46657,47526,78749,60396,0102,2776,7453,9706,152,08,7e9433c41365797f,https://xoso.com.vn/xsmt-05-12-2022.html,OK
2022-12-07,Wednesday,KHANH_HOA,683516,23842,03552,22579,94535,40045,84826,10606,28327,19538,52046,40178,5035,8329,8572,3666,694,90,9c66b30f297a61af,https://xoso.com.vn/xsmt-07-12-2022.html,OK
2022-12-11,Sunday,HUE,053243,24395,25248,56714,70935,15005,36141,65247,06776,77804,34786,21498,1561,7051,4205,9101,967,17,c76600994ea5efd7,https://xoso.com.vn/xsmt-11-12-2022.html,OK
2022-12-11,Sunday,KHANH_HOA,196869,52721,79998,59387,89345,34958,34873,49221,41079,99599,62960,34187,5525,1412,7069,5502,770,46,50466ad81801c88d,https://xoso.com.vn/xsmt-11-12-2022.html,OK
2022-12-11,Sunday,KON_TUM,718120,82040,80725,23798,87605,12502,26719,21978,13037,87020,60607,55765,9698,2948,9347,3492,897,73,ef5539402c74078e,https://xoso.com.vn/xsmt-11-12-2022.html,OK
2022-12-12,Monday,HUE,073768,05699,44180,93432,65697,35318,02235,31241,91659,70678,43158,35325,7185,1736,5113,2328,921,56,50cd6ea90e2c3993,https://xoso.com.vn/xsmt-12-12-2022.html,OK
2022-12-14,Wednesday,KHANH_HOA,253246,30917,81423,08062,57383,45254,95283,33178,52953,65944,69771,51146,3495,5364,9982,3204,901,08,29cba22c9a9e2943,https://xoso.com.vn/xsmt-14-12-2022.html,OK
2022-12-18,Sunday,HUE,842374,13854,20512,75373,14530,71622,69178,72062,86604,32267,73765,79054,1753,0442,5248,8894,661,23,f3d19e328522e443,https://xoso.com.vn/xsmt-18-12-2022.html,OK
2022-12-18,Sunday,KHANH_HOA,640806,07930,73630,32011,82403,28751,76819,88605,09325,46423,98677,32273,0911,8355,5535,0769,926,70,68ecdcdc2c1396ba,https://xoso.com.vn/xsmt-18-12-2022.html,OK
2022-12-18,Sunday,KON_TUM,167460,13558,77628,76495,91810,73824,69236,69332,94952,18179,44811,83333,0094,9481,4205,3435,128,68,e58fc4f8da6886fc,https://xoso.com.vn/xsmt-18-12-2022.html,OK
2022-12-19,Monday,HUE,169092,31898,10919,10834,55203,91466,73148,96856,76132,83228,44259,35072,7611,7447,8899,7899,404,70,1e09ffa028b66e7f,https://xoso.com.vn/xsmt-19-12-2022.html,OK
2022-12-21,Wednesday,KHANH_HOA,020365,61008,43124,24384,18862,34197,80434,37673,62479,03060,19576,10479,7425,7824,6731,7888,873,62,a466dc76b00cb1da,https://xoso.com.vn/xsmt-21-12-2022.html,OK
2022-12-25,Sunday,HUE,174798,52683,32670,31581,92311,86750,63896,45047,70601,05832,84079,34720,5626,7299,3126,6758,689,91,b56de18aac4d7a70,https://xoso.com.vn/xsmt-25-12-2022.html,OK
2022-12-25,Sunday,KHANH_HOA,245326,96160,95926,64393,00639,32148,81647,34676,15426,14701,06239,25296,3442,2423,0319,6547,728,54,ce96da9ce9353f7f,https://xoso.com.vn/xsmt-25-12-2022.html,OK
2022-12-25,Sunday,KON_TUM,521078,16751,71676,52654,98695,13380,24887,02729,96077,70128,78870,79180,2757,6423,1625,4619,260,36,bda4c3df268f5286,https://xoso.com.vn/xsmt-25-12-2022.html,OK
2022-12-26,Monday,HUE,180006,37531,79351,62559,57231,97601,50002,34446,89744,97430,01952,83837,7407,0056,0043,7327,963,67,7c1ddb5bee97e150,https://xoso.com.vn/xsmt-26-12-2022.html,OK
2022-12-28,Wednesday,KHANH_HOA,310882,76741,11028,46051,10987,25716,87014,88748,16084,34905,36546,90045,1103,0884,2351,3227,252,93,279a4bc68b66cf24,https://xoso.com.vn/xsmt-28-12-2022.html,OK
2023-01-01,Sunday,HUE,623976,54765,29024,49813,50306,56201,14697,49284,73448,45126,71607,35805,5133,1505,8515,1550,568,99,3830f027deaf07fb,https://xoso.com.vn/xsmt-01-01-2023.html,OK
2023-01-01,Sunday,KHANH_HOA,313644,88528,62140,55898,37552,42816,17683,21052,80002,98666,41587,52863,8291,4128,6164,1016,025,78,657744b70eb13e68,https://xoso.com.vn/xsmt-01-01-2023.html,OK
2023-01-01,Sunday,KON_TUM,454379,81227,99822,00432,35553,67611,32780,45676,40032,51911,66537,43125,0058,2677,8070,4565,857,22,5de90f116a01af8d,https://xoso.com.vn/xsmt-01-01-2023.html,OK
2023-01-02,Monday,HUE,474835,08027,11546,23899,23892,43896,13137,07642,14248,98165,18751,09488,5086,2206,5988,3816,350,65,0047ae86b265b100,https://xoso.com.vn/xsmt-02-01-2023.html,OK
2023-01-04,Wednesday,KHANH_HOA,572718,86655,38852,48196,33335,84160,33412,88430,84858,74289,94751,05396,9364,8935,8762,3623,470,12,7ade3c04fe2aa535,https://xoso.com.vn/xsmt-04-01-2023.html,OK
2023-01-08,Sunday,HUE,789938,00883,09284,02489,41050,52059,61755,12315,38156,43595,74488,55017,2606,9686,7003,7819,770,97,ffb143b2993ae947,https://xoso.com.vn/xsmt-08-01-2023.html,OK
2023-01-08,Sunday,KHANH_HOA,735768,80592,00132,44940,08822,23834,74903,05185,35353,21387,84017,16964,3338,0217,9591,8226,524,40,384ad207bdece5e3,https://xoso.com.vn/xsmt-08-01-2023.html,OK
2023-01-08,Sunday,KON_TUM,968604,70683,08655,25577,74520,60822,23863,76497,71813,52531,40626,14295,1103,8984,8937,8867,050,97,dc2f445b7d1eb3dd,https://xoso.com.vn/xsmt-08-01-2023.html,OK
2023-01-09,Monday,HUE,734886,89748,53620,36465,49957,77005,51915,05905,56625,45944,37729,84974,5415,1287,7259,7364,425,10,8abde2dd4267e759,https://xoso.com.vn/xsmt-09-01-2023.html,OK
2023-01-11,Wednesday,KHANH_HOA,356096,75155,10749,07448,54334,10216,91181,71908,36811,40528,19562,40243,5570,0626,8847,9330,178,25,5ccdc93b23215aeb,https://xoso.com.vn/xsmt-11-01-2023.html,OK
2023-01-15,Sunday,HUE,455321,50877,20984,78413,00001,11645,32955,85584,18583,55488,50106,56512,2630,7026,1419,7394,787,82,90c5dbfe5768c095,https://xoso.com.vn/xsmt-15-01-2023.html,OK
2023-01-15,Sunday,KHANH_HOA,416748,98474,63269,08873,96200,76044,14307,77067,22866,67697,12902,07372,4198,8855,3986,9802,145,00,b32e167a406d8fee,https://xoso.com.vn/xsmt-15-01-2023.html,OK
2023-01-15,Sunday,KON_TUM,104478,25032,95824,05583,86205,37230,54776,61003,53020,40964,20983,20165,3994,6665,5930,4509,294,53,88713c9ac4d408fb,https://xoso.com.vn/xsmt-15-01-2023.html,OK
2023-01-16,Monday,HUE,855453,58304,47849,30552,71043,43265,94963,19097,57523,46462,19539,95685,5565,1867,4767,7682,398,74,1888c73b8213703e,https://xoso.com.vn/xsmt-16-01-2023.html,OK
2023-01-18,Wednesday,KHANH_HOA,582736,25406,86266,69652,64299,87408,48562,78732,89016,09230,58439,25733,6904,3649,4563,4513,939,24,55d433180e81f524,https://xoso.com.vn/xsmt-18-01-2023.html,OK
2023-01-22,Sunday,HUE,517931,83596,75926,03062,71941,35423,05498,06040,17750,51638,21858,57612,8150,3676,8973,2527,220,83,12b853ea486273a8,https://xoso.com.vn/xsmt-22-01-2023.html,OK
2023-01-22,Sunday,KHANH_HOA,344924,71483,56791,34668,71278,37030,27075,65063,07556,11018,26108,22094,3839,8571,2060,0447,302,81,957dc166671ead1d,https://xoso.com.vn/xsmt-22-01-2023.html,OK
2023-01-22,Sunday,KON_TUM,990669,90178,37978,13489,16211,96552,94376,40953,62494,46216,64079,80080,2927,7953,5689,0788,843,98,8f5f4b1d64f003c2,https://xoso.com.vn/xsmt-22-01-2023.html,OK
2023-01-23,Monday,HUE,013817,55818,02501,50436,52461,43744,24366,42005,60174,92998,32869,45441,5712,1382,9255,7491,618,19,4c7fd40cb2ac1995,https://xoso.com.vn/xsmt-23-01-2023.html,OK
2023-01-25,Wednesday,KHANH_HOA,568906,93501,13907,39895,27890,51805,75735,83777,31308,91895,88079,13824,4132,4612,9537,9032,077,08,e9a457e7ff9eff56,https://xoso.com.vn/xsmt-25-01-2023.html,OK
2023-01-29,Sunday,HUE,496565,12356,44488,51155,70773,49859,35775,95651,16848,45937,72177,56025,7628,3437,8803,3353,961,18,a1f0a3cc00de8a8e,https://xoso.com.vn/xsmt-29-01-2023.html,OK
2023-01-29,Sunday,KHANH_HOA,703228,11543,32987,30164,71539,13913,26331,39564,22770,48173,64714,10182,8828,2363,0100,1576,455,20,1f0bbbd35df69eb5,https://xoso.com.vn/xsmt-29-01-2023.html,OK
2023-01-29,Sunday,KON_TUM,192275,74575,32571,09865,22961,72522,93986,03406,84499,71103,35283,50987,5523,3593,0311,3916,634,36,6da18ebfd62ec159,https://xoso.com.vn/xsmt-29-01-2023.html,OK
2023-01-30,Monday,HUE,992633,00082,16016,24763,68949,54348,70876,33723,86295,01667,36615,55926,1419,1672,1553,9658,156,25,dab747308f43c40c,https://xoso.com.vn/xsmt-30-01-2023.html,OK
2023-02-01,Wednesday,KHANH_HOA,796653,32244,58726,48461,64982,00655,43071,37318,98316,47655,54075,13997,9339,1016,1680,4157,666,68,42449a1637ad3c7e,https://xoso.com.vn/xsmt-01-02-2023.html,OK
2023-02-05,Sunday,HUE,093109,74332,97912,74008,09991,61665,71276,92945,26677,10879,75727,83577,7860,8084,4563,9297,800,14,1e573f13c79a523c,https://xoso.com.vn/xsmt-05-02-2023.html,OK
2023-02-05,Sunday,KHANH_HOA,478056,77852,78563,21742,26317,20104,62492,13155,79608,80867,87649,63220,8618,7729,6521,7771,073,86,8884bf6ca5109827,https://xoso.com.vn/xsmt-05-02-2023.html,OK
2023-02-05,Sunday,KON_TUM,980385,75948,00570,37010,48710,41486,96167,73159,64808,53579,96617,69627,0930,7297,9646,6929,179,14,58e50bb4949022a6,https://xoso.com.vn/xsmt-05-02-2023.html,OK
2023-02-06,Monday,HUE,883941,72612,37304,73727,77435,47397,29763,26059,15428,59864,61078,32815,1722,4987,7007,2537,291,25,6cf306a0615bb8af,https://xoso.com.vn/xsmt-06-02-2023.html,OK
2023-02-08,Wednesday,KHANH_HOA,747598,62991,65010,08585,69958,63981,27400,85187,85499,56103,74542,96696,4661,8505,0422,8437,740,71,517b29e5afc6ffa8,https://xoso.com.vn/xsmt-08-02-2023.html,OK
2023-02-12,Sunday,HUE,296078,65184,58591,05458,86100,93740,05496,89321,16754,39996,62034,94878,5214,2508,3562,9101,261,05,bbcc626222a1402f,https://xoso.com.vn/xsmt-12-02-2023.html,OK
2023-02-12,Sunday,KHANH_HOA,647452,89059,55167,12417,76345,44735,01913,09250,85357,89353,92535,02505,1245,8868,8683,5710,150,55,df2fe98a4323c5bd,https://xoso.com.vn/xsmt-12-02-2023.html,OK
2023-02-12,Sunday,KON_TUM,946810,02073,78787,86372,62359,64191,50841,46472,32207,44139,72664,18487,6491,7503,5727,9228,932,27,15359574c9d841cc,https://xoso.com.vn/xsmt-12-02-2023.html,OK
2023-02-13,Monday,HUE,349306,28590,02008,66442,64882,08645,41249,43802,48723,71595,67665,18993,0775,3515,8925,1484,964,70,da6ab2da7d05a4d9,https://xoso.com.vn/xsmt-13-02-2023.html,OK
2023-02-15,Wednesday,KHANH_HOA,279575,78242,09987,63037,39458,94574,97029,61877,36696,69811,98799,46409,1378,5396,4848,2718,954,90,9e5cae53261b6bc3,https://xoso.com.vn/xsmt-15-02-2023.html,OK
2023-02-19,Sunday,HUE,979078,37929,24438,44665,28620,23062,07771,62402,62818,37025,59843,13761,9094,6844,1460,9247,281,46,d147cd907126207c,https://xoso.com.vn/xsmt-19-02-2023.html,OK
2023-02-19,Sunday,KHANH_HOA,612085,69995,66992,01069,89995,38364,20888,85210,06856,41168,94119,06018,0758,7689,0656,1973,747,88,a207f2b9aac5ab9b,https://xoso.com.vn/xsmt-19-02-2023.html,OK
2023-02-19,Sunday,KON_TUM,345318,11862,46235,46619,93380,25660,44927,56823,71429,13898,06161,42134,3561,8423,3027,3810,377,11,0133784963cd6fb3,https://xoso.com.vn/xsmt-19-02-2023.html,OK
2023-02-20,Monday,HUE,815920,21273,29690,78634,09734,14378,52072,45974,65881,66739,82820,82801,3985,7671,0546,5209,661,58,cfb6f862a08bf506,https://xoso.com.vn/xsmt-20-02-2023.html,OK
2023-02-22,Wednesday,KHANH_HOA,163641,74576,78718,95387,80041,31354,80990,58531,22464,58053,66439,67828,0344,0851,1578,2302,529,24,53f98f19193959b5,https://xoso.com.vn/xsmt-22-02-2023.html,OK
2023-02-26,Sunday,HUE,051810,73327,48592,97169,58007,88307,21171,67084,53626,65326,15480,89997,2980,8734,1927,2743,306,80,c30dcc762d555c2d,https://xoso.com.vn/xsmt-26-02-2023.html,OK
2023-02-26,Sunday,KHANH_HOA,533895,60061,96320,60058,46844,42458,68653,81130,74666,39720,14944,89876,8128,4459,6778,0649,018,22,388a6fa22f1c4863,https://xoso.com.vn/xsmt-26-02-2023.html,OK
2023-02-26,Sunday,KON_TUM,656755,01101,51095,45177,94359,39304,71672,90830,55613,66238,93450,64047,6063,5445,7559,9325,284,21,d96d19a80f5a926a,https://xoso.com.vn/xsmt-26-02-2023.html,OK
2023-02-27,Monday,HUE,982419,29560,89027,58786,69966,68091,33965,80525,71205,14195,40280,84958,0121,2753,2918,8410,896,45,af6f480cb2ce173e,https://xoso.com.vn/xsmt-27-02-2023.html,OK
2023-03-01,Wednesday,KHANH_HOA,139727,06889,59677,08274,77453,03688,51181,42049,33530,32334,80559,50432,6857,9332,4895,9215,388,84,6ebd9917405605a3,https://xoso.com.vn/xsmt-01-03-2023.html,OK
2023-03-05,Sunday,HUE,970562,06167,15593,03915,47704,24497,10481,19428,51485,53784,51104,62543,1204,9492,5383,1712,490,66,3df56e976a0e739b,https://xoso.com.vn/xsmt-05-03-2023.html,OK
2023-03-05,Sunday,KHANH_HOA,874783,76496,81535,90844,58815,49849,44054,11944,07813,43682,79279,35586,0524,3871,3336,7473,741,92,20decb02ccb98980,https://xoso.com.vn/xsmt-05-03-2023.html,OK
2023-03-05,Sunday,KON_TUM,212286,57745,30370,15842,74809,93471,01661,48829,52776,29107,22678,51513,1898,5057,9274,9839,114,17,8be825c444ea9085,https://xoso.com.vn/xsmt-05-03-2023.html,OK
2023-03-06,Monday,HUE,191362,18067,30796,29085,34597,26586,78590,42141,50196,45816,84434,30294,3319,8645,9055,2785,817,73,5b78f025cd0ad57b,https://xoso.com.vn/xsmt-06-03-2023.html,OK
2023-03-08,Wednesday,KHANH_HOA,805278,50984,59937,24244,88582,51522,64973,30325,20830,56255,20679,84811,2581,5601,2000,9451,129,16,71cd56cc6f946034,https://xoso.com.vn/xsmt-08-03-2023.html,OK
2023-03-12,Sunday,HUE,988631,88713,22481,24274,50964,15903,30294,55539,60278,32057,86259,88848,4766,7751,0213,4297,460,70,6f3fc65665b7f8b0,https://xoso.com.vn/xsmt-12-03-2023.html,OK
2023-03-12,Sunday,KHANH_HOA,766924,63160,50094,87829,51392,12911,77809,44950,33571,49745,30336,94128,7049,0887,0529,5540,279,35,f1b906f94c1105e6,https://xoso.com.vn/xsmt-12-03-2023.html,OK
2023-03-12,Sunday,KON_TUM,077717,31590,34266,59838,74744,40056,52420,27862,27156,76590,99868,12591,5845,9478,7149,2729,802,80,e54724cee617b093,https://xoso.com.vn/xsmt-12-03-2023.html,OK
2023-03-13,Monday,HUE,362245,05740,41830,58084,52179,41186,05888,61188,26422,90328,94794,52522,8080,2172,9761,4105,301,34,b00d477581fb0d21,https://xoso.com.vn/xsmt-13-03-2023.html,OK
2023-03-15,Wednesday,KHANH_HOA,931669,51142,41769,73538,74388,17412,57594,38766,56387,97421,18027,83261,2930,6828,9808,0469,329,09,d7abd0befe05aced,https://xoso.com.vn/xsmt-15-03-2023.html,OK
2023-03-19,Sunday,HUE,349293,13533,82928,42835,31200,92121,96313,63999,10536,41626,87992,46102,4438,8978,4183,3903,412,88,1c759f6b4b476e14,https://xoso.com.vn/xsmt-19-03-2023.html,OK
2023-03-19,Sunday,KHANH_HOA,936909,19522,16726,07246,18598,32755,07527,88786,02632,88606,71287,75076,0399,7764,3669,2148,768,02,c95347246b4ca70e,https://xoso.com.vn/xsmt-19-03-2023.html,OK
2023-03-19,Sunday,KON_TUM,560105,70560,78169,83688,10809,07743,49202,85079,66255,82629,17415,64122,3427,3191,9694,9184,760,85,ce9fe181e4821f49,https://xoso.com.vn/xsmt-19-03-2023.html,OK
2023-03-20,Monday,HUE,686797,72324,83191,21271,33355,04076,40263,08248,33151,61198,59603,75302,7212,4483,3957,8572,456,27,0c2caaef6a665f9d,https://xoso.com.vn/xsmt-20-03-2023.html,OK
2023-03-22,Wednesday,KHANH_HOA,995942,69292,90834,24881,66462,23598,93822,24675,26693,90556,23703,70954,3527,0751,4255,4058,601,54,68bdb523616a5520,https://xoso.com.vn/xsmt-22-03-2023.html,OK
2023-03-26,Sunday,HUE,168153,16592,24667,13844,34350,20888,36113,16848,57832,56848,19903,00908,6391,1493,8365,7298,467,97,41c99c03f58844e2,https://xoso.com.vn/xsmt-26-03-2023.html,OK
2023-03-26,Sunday,KHANH_HOA,893750,39051,88822,56627,70788,42630,21918,34943,45089,39020,84086,85896,4311,7862,3917,8092,092,77,b1acbea9905eec94,https://xoso.com.vn/xsmt-26-03-2023.html,OK
2023-03-26,Sunday,KON_TUM,579113,99704,16633,76929,00078,20978,56085,71524,16679,31717,06719,70433,1575,4534,5825,6344,072,28,35ee18dfb3639239,https://xoso.com.vn/xsmt-26-03-2023.html,OK
2023-03-27,Monday,HUE,446147,08647,58359,81465,36418,07584,08274,10479,54453,05702,98876,15020,5073,3516,3852,6565,945,62,a098eb8bc1035a51,https://xoso.com.vn/xsmt-27-03-2023.html,OK
2023-03-29,Wednesday,KHANH_HOA,905856,63803,03653,02486,93935,21772,77024,96800,48877,12933,85551,54750,6626,9966,0698,1788,662,84,0b9ecc7a8828a28a,https://xoso.com.vn/xsmt-29-03-2023.html,OK
2023-04-02,Sunday,HUE,961419,22278,94571,59166,68303,48246,02466,89974,33949,96130,59220,58506,5217,8445,6936,0252,835,46,0f37e6acc7918d34,https://xoso.com.vn/xsmt-02-04-2023.html,OK
2023-04-02,Sunday,KHANH_HOA,211832,84502,35889,14352,91177,32618,99498,31784,61636,90198,75888,79939,9915,1686,9473,0303,973,65,4d2139afc10f7218,https://xoso.com.vn/xsmt-02-04-2023.html,OK
2023-04-02,Sunday,KON_TUM,334320,15255,45519,28095,06192,21945,02713,23531,72003,76478,63348,23839,8801,2304,2224,5599,917,96,0399dc5a585df45a,https://xoso.com.vn/xsmt-02-04-2023.html,OK
2023-04-03,Monday,HUE,887312,73576,00813,03503,01625,79154,65512,44233,27196,32223,12785,98628,1615,7767,7653,4829,826,85,9b9bad15d8cf70c2,https://xoso.com.vn/xsmt-03-04-2023.html,OK
2023-04-05,Wednesday,KHANH_HOA,150704,01492,90750,91254,18396,35452,23138,49660,17804,00529,00569,24150,4778,1736,3681,7570,942,85,e0459365e336c3d4,https://xoso.com.vn/xsmt-05-04-2023.html,OK
2023-04-09,Sunday,HUE,380542,86292,50109,89791,34009,36270,67656,17242,63689,02998,42686,32688,5169,0353,6871,0469,980,92,5354d643b6ffcd28,https://xoso.com.vn/xsmt-09-04-2023.html,OK
2023-04-09,Sunday,KHANH_HOA,364910,12062,25191,20542,01290,38454,69294,77292,92488,25508,41390,53936,9126,9883,9078,3697,691,01,00caef017b2a61bc,https://xoso.com.vn/xsmt-09-04-2023.html,OK
2023-04-09,Sunday,KON_TUM,619438,14043,12214,17607,07270,35055,29779,06604,26718,55976,68907,81159,8871,8110,3883,4278,563,87,af177e79eb565917,https://xoso.com.vn/xsmt-09-04-2023.html,OK
2023-04-10,Monday,HUE,659511,12385,84922,06778,64663,92911,62216,79388,89750,37606,34432,95925,7541,9496,5326,9775,807,42,fae1d9f91a27ec68,https://xoso.com.vn/xsmt-10-04-2023.html,OK
2023-04-12,Wednesday,KHANH_HOA,787288,40373,87233,05922,49492,71658,74910,88219,30440,91611,05691,73058,4047,2945,3728,7667,979,84,e511e18c3de38a0d,https://xoso.com.vn/xsmt-12-04-2023.html,OK
2023-04-16,Sunday,HUE,916634,89952,35983,28627,24439,59072,44530,66184,43761,62390,22860,61167,6100,6372,8655,9959,173,79,b75b9eecc3c9bd34,https://xoso.com.vn/xsmt-16-04-2023.html,OK
2023-04-16,Sunday,KHANH_HOA,016849,66228,59626,92510,88691,06459,07738,43676,43210,71246,32048,15165,6198,3594,5502,7298,253,05,018442cb1050d402,https://xoso.com.vn/xsmt-16-04-2023.html,OK
2023-04-16,Sunday,KON_TUM,889572,04418,12557,89821,68768,62946,24542,49681,28319,05716,63438,41193,4939,1144,0643,0635,612,75,b69495299efb8877,https://xoso.com.vn/xsmt-16-04-2023.html,OK
2023-04-17,Monday,HUE,897580,94515,43851,75158,05546,10098,39401,93737,53234,54930,46697,16835,8254,6084,2434,0545,820,74,1c7f5d5a8ccba078,https://xoso.com.vn/xsmt-17-04-2023.html,OK
2023-04-19,Wednesday,KHANH_HOA,024139,75231,69608,37960,18737,15346,91276,56002,00701,64827,16338,74941,5099,0374,5321,1310,630,83,11a311b6af1321b4,https://xoso.com.vn/xsmt-19-04-2023.html,OK
2023-04-23,Sunday,HUE,576692,19122,87067,34944,76599,79241,83997,63403,62948,26834,68362,67108,1346,6705,5345,6216,384,64,d7c12dcac86c0d20,https://xoso.com.vn/xsmt-23-04-2023.html,OK
2023-04-23,Sunday,KHANH_HOA,510739,08545,29627,09731,12920,02585,24865,14789,41426,35199,58914,20142,6453,8224,4202,8434,454,56,3898890d8287fd97,https://xoso.com.vn/xsmt-23-04-2023.html,OK
2023-04-23,Sunday,KON_TUM,304673,75412,31410,38577,92049,96366,26457,28194,92086,16299,84381,45729,1033,9587,5926,3446,347,20,a3390ef69f6796cd,https://xoso.com.vn/xsmt-23-04-2023.html,OK
2023-04-24,Monday,HUE,871617,80186,78169,86130,97927,27452,63586,06423,08701,10565,67937,99970,2641,5490,1136,4990,736,23,57aa44c1cb450868,https://xoso.com.vn/xsmt-24-04-2023.html,OK
2023-04-26,Wednesday,KHANH_HOA,206574,84701,65582,84183,34077,78925,56799,77141,95736,87780,48859,28490,6294,8760,7531,8069,282,35,7d18994fc44a20d4,https://xoso.com.vn/xsmt-26-04-2023.html,OK
2023-04-30,Sunday,HUE,173600,92083,73216,13596,39862,83766,15885,97728,31727,21956,04606,79197,9234,0813,0724,7669,897,94,9f202198980574d2,https://xoso.com.vn/xsmt-30-04-2023.html,OK
2023-04-30,Sunday,KHANH_HOA,336021,68750,62529,41290,58761,39764,57078,68349,21210,84388,12225,24181,4173,6712,1949,2221,617,86,41c4021dfea7835f,https://xoso.com.vn/xsmt-30-04-2023.html,OK
2023-04-30,Sunday,KON_TUM,835919,21380,14404,50612,35422,55842,06833,45327,78650,29073,83977,09499,6403,6826,1141,6254,296,15,946458e8fbcff88e,https://xoso.com.vn/xsmt-30-04-2023.html,OK
2023-05-01,Monday,HUE,241733,93683,24550,34375,14942,23924,48373,37394,02726,28055,61534,41744,6456,2094,5823,2840,398,87,69ed8d8a9e282a4a,https://xoso.com.vn/xsmt-01-05-2023.html,OK
2023-05-03,Wednesday,KHANH_HOA,899589,44754,34518,87671,18687,89882,85983,21493,66861,19205,60701,12743,2650,3371,6064,9035,224,33,b7a23878fc9e4b7d,https://xoso.com.vn/xsmt-03-05-2023.html,OK
2023-05-07,Sunday,HUE,908812,36263,83212,14279,01542,38227,52960,60719,20236,63731,54639,85825,7274,8576,0365,5688,664,27,1629f6aa0ecce0ff,https://xoso.com.vn/xsmt-07-05-2023.html,OK
2023-05-07,Sunday,KHANH_HOA,661518,24408,94672,37080,19533,86902,23949,49870,77642,70613,30210,29499,0611,4359,5199,7422,810,74,3af9fe3abb2575a7,https://xoso.com.vn/xsmt-07-05-2023.html,OK
2023-05-07,Sunday,KON_TUM,663950,98571,02971,34663,67456,17919,43123,97351,55206,48449,01939,27019,9671,9665,5314,5157,202,71,9da1aff779077136,https://xoso.com.vn/xsmt-07-05-2023.html,OK
2023-05-08,Monday,HUE,880883,33711,67839,34103,05754,91830,79392,52159,62772,95922,12683,74762,1006,3941,1176,0791,754,67,5aba5e8e436b0203,https://xoso.com.vn/xsmt-08-05-2023.html,OK
2023-05-10,Wednesday,KHANH_HOA,312173,26032,23408,79155,09342,73451,16648,88612,21431,35981,05546,02643,7453,2163,2051,7675,305,01,f1e6ae48629bab2e,https://xoso.com.vn/xsmt-10-05-2023.html,OK
2023-05-14,Sunday,HUE,783042,27820,14353,82896,79318,65318,23862,28981,38391,92491,17621,16145,2412,9708,2621,0958,175,45,b82c8e81d2ae8852,https://xoso.com.vn/xsmt-14-05-2023.html,OK
2023-05-14,Sunday,KHANH_HOA,157684,75856,89546,44421,71221,23689,33216,73115,07404,15580,49151,47058,1999,2458,0005,0619,414,77,e82757d793c2fa9e,https://xoso.com.vn/xsmt-14-05-2023.html,OK
2023-05-14,Sunday,KON_TUM,603489,11752,33112,43529,24730,73816,24271,00493,71243,87657,77879,18897,6336,7358,5861,3408,603,91,5717e76c8ba419fb,https://xoso.com.vn/xsmt-14-05-2023.html,OK
2023-05-15,Monday,HUE,331454,91838,09348,74357,33155,67759,92640,63844,60587,29167,08045,90415,2331,9998,8533,3437,105,27,afd8dc3f89c77d0f,https://xoso.com.vn/xsmt-15-05-2023.html,OK
2023-05-17,Wednesday,KHANH_HOA,775469,34548,61863,18998,76807,77197,33936,11172,42440,13986,26313,84191,5384,6457,9183,7747,447,85,760f44cd57bf83b9,https://xoso.com.vn/xsmt-17-05-2023.html,OK
2023-05-21,Sunday,HUE,052659,41707,63913,66219,90660,77864,31549,65574,40142,70509,28516,50040,0732,3284,9678,8881,329,54,c74661a6334dbcf1,https://xoso.com.vn/xsmt-21-05-2023.html,OK
2023-05-21,Sunday,KHANH_HOA,727077,14086,14581,90472,28124,44358,24062,53421,09915,20534,50708,60352,3504,6424,0242,8430,342,14,c45d56df5bf9360c,https://xoso.com.vn/xsmt-21-05-2023.html,OK
2023-05-21,Sunday,KON_TUM,602436,96760,26159,72707,29197,16907,50689,59097,02028,11196,41146,91197,8555,8790,5246,9056,930,23,0030fbb6d12f4fd6,https://xoso.com.vn/xsmt-21-05-2023.html,OK
2023-05-22,Monday,HUE,838784,11207,69822,36464,35930,44778,67693,08452,25183,75766,34741,96929,7770,4106,2753,0889,668,94,05b21de6d3aeccb4,https://xoso.com.vn/xsmt-22-05-2023.html,OK
2023-05-24,Wednesday,KHANH_HOA,038797,87881,02304,45734,66315,90033,43684,99827,99235,40630,81270,73590,9966,5724,6499,4808,336,94,803b9fe73e07647b,https://xoso.com.vn/xsmt-24-05-2023.html,OK
2023-05-28,Sunday,HUE,795143,69724,35311,38883,41659,86572,36549,07153,61093,77248,12337,85275,9647,7118,5836,3579,895,34,b43fda3020a03828,https://xoso.com.vn/xsmt-28-05-2023.html,OK
2023-05-28,Sunday,KHANH_HOA,505873,56333,64238,09705,93168,18569,62364,61613,91774,07677,13196,10591,6069,4439,7375,4163,072,63,bc27cc62115de8f5,https://xoso.com.vn/xsmt-28-05-2023.html,OK
2023-05-28,Sunday,KON_TUM,876090,11366,09586,02325,20791,35147,01938,12841,92168,85056,47877,69509,1214,4501,9967,2380,306,33,e742b105c3272ea9,https://xoso.com.vn/xsmt-28-05-2023.html,OK
2023-05-29,Monday,HUE,753212,95785,12210,03805,50513,52074,18988,32620,81802,28267,10248,27336,4652,6686,0971,3355,261,29,dc11c6a8591ca644,https://xoso.com.vn/xsmt-29-05-2023.html,OK
2023-05-31,Wednesday,KHANH_HOA,626829,66266,52657,99220,11024,66699,84442,28907,54532,57584,24816,72451,9981,2857,7036,1215,852,28,e5c27448ccf233ca,https://xoso.com.vn/xsmt-31-05-2023.html,OK
2023-06-04,Sunday,HUE,438348,20278,75098,72288,56372,05196,91001,87596,73538,56780,09336,26005,7918,5170,1132,0925,396,10,d2fb5ce806b77281,https://xoso.com.vn/xsmt-04-06-2023.html,OK
2023-06-04,Sunday,KHANH_HOA,308701,63569,32838,84464,41199,05175,24975,29833,28922,38107,12293,28420,5322,4772,2924,2303,594,25,a0e37828d09baa8e,https://xoso.com.vn/xsmt-04-06-2023.html,OK
2023-06-04,Sunday,KON_TUM,767900,49603,41169,90612,15712,39236,37959,47005,68200,64802,94806,56603,2346,2698,8708,7242,450,00,08062480e749b747,https://xoso.com.vn/xsmt-04-06-2023.html,OK
2023-06-05,Monday,HUE,386370,57629,66542,54561,28182,49094,90593,43839,03503,46069,92351,54539,3690,2954,6971,0874,768,29,b095760e9535fbe3,https://xoso.com.vn/xsmt-05-06-2023.html,OK
2023-06-07,Wednesday,KHANH_HOA,063123,19096,02628,58940,04491,48108,61790,28768,07755,28928,75837,80066,4358,4129,1903,8848,211,95,11faa0be86dfb8b0,https://xoso.com.vn/xsmt-07-06-2023.html,OK
2023-06-11,Sunday,HUE,083933,25542,32659,80917,19103,95571,76973,42626,20528,84246,70572,75717,8851,1567,5569,7754,629,40,6acfbe48b9e286b9,https://xoso.com.vn/xsmt-11-06-2023.html,OK
2023-06-11,Sunday,KHANH_HOA,785358,68299,06290,28111,43175,76222,75941,80015,64699,46054,48519,79111,0313,6979,2166,9171,359,41,2aaaca5ddce35688,https://xoso.com.vn/xsmt-11-06-2023.html,OK
2023-06-11,Sunday,KON_TUM,093884,70862,15903,02639,14815,76058,20541,23412,82029,25103,36628,76710,2207,5544,3630,6879,592,04,d598d1c172ede24d,https://xoso.com.vn/xsmt-11-06-2023.html,OK
2023-06-12,Monday,HUE,785514,56429,49404,67958,17864,52139,54632,67277,11215,76613,82496,08034,6055,3107,6365,6147,695,17,75e47cee8b695711,https://xoso.com.vn/xsmt-12-06-2023.html,OK
2023-06-14,Wednesday,KHANH_HOA,715573,38216,99429,01151,84285,64748,46340,88372,07985,25834,99266,59734,8187,0783,0686,3267,685,77,515acd9341399ae1,https://xoso.com.vn/xsmt-14-06-2023.html,OK
2023-06-18,Sunday,HUE,689707,34138,49467,31129,72898,86254,44570,58106,48169,38897,67038,63828,8920,6407,0744,7281,376,40,7f09f439b512157b,https://xoso.com.vn/xsmt-18-06-2023.html,OK
2023-06-18,Sunday,KHANH_HOA,547366,38155,33472,85134,95965,64454,13973,80404,18442,49550,42941,64904,8566,0869,9298,6864,954,93,3287eb4a3c4eecc8,https://xoso.com.vn/xsmt-18-06-2023.html,OK
2023-06-18,Sunday,KON_TUM,795706,18971,61164,99687,75062,58815,30878,71447,09421,37705,13733,42690,7870,8362,2441,7541,472,91,134fe531ffd14e65,https://xoso.com.vn/xsmt-18-06-2023.html,OK
2023-06-19,Monday,HUE,943559,54575,84699,37915,88115,90065,19196,35897,92990,96863,11463,52005,9453,7276,1620,3802,061,68,9a408ad79f1e0cd9,https://xoso.com.vn/xsmt-19-06-2023.html,OK
2023-06-21,Wednesday,KHANH_HOA,765943,39776,53285,12807,75338,09294,91060,21854,30796,64165,45459,54064,3242,2073,1774,9198,783,67,5f68cab1f9954ddb,https://xoso.com.vn/xsmt-21-06-2023.html,OK
2023-06-25,Sunday,HUE,675147,44797,92295,48820,55009,06796,80333,92213,88656,57470,56213,65309,0360,8661,7326,2895,813,70,3e3d3ed5e43ad50d,https://xoso.com.vn/xsmt-25-06-2023.html,OK
2023-06-25,Sunday,KHANH_HOA,066197,60639,52650,10223,76433,18327,80177,90446,97725,22723,36585,30512,8815,9215,7676,0409,809,77,39d0dc1a838da9ca,https://xoso.com.vn/xsmt-25-06-2023.html,OK
2023-06-25,Sunday,KON_TUM,900618,63850,27080,57576,20584,03614,06432,45410,90094,27644,42409,83319,3504,9892,6035,0918,625,66,1f14719f67aa1677,https://xoso.com.vn/xsmt-25-06-2023.html,OK
2023-06-26,Monday,HUE,912305,08974,54621,43558,10732,22718,18110,43106,34256,80545,66507,46420,1714,5715,4042,2947,781,35,c19e4024f58b259c,https://xoso.com.vn/xsmt-26-06-2023.html,OK
2023-06-28,Wednesday,KHANH_HOA,786961,67806,31250,39941,10091,58370,00454,92571,10509,81928,54769,22549,9035,3454,8994,5573,211,60,4f5e8f7473aa772f,https://xoso.com.vn/xsmt-28-06-2023.html,OK
2023-07-02,Sunday,HUE,553922,88699,70898,68604,68380,65801,30617,71245,79973,37246,46697,29576,4334,2159,4704,6273,858,63,8626b577d015f58f,https://xoso.com.vn/xsmt-02-07-2023.html,OK
2023-07-02,Sunday,KHANH_HOA,609829,86488,12734,05194,57726,67726,64180,00209,27778,84336,54505,92374,9918,3617,0401,5640,315,44,d41623b79fbda61c,https://xoso.com.vn/xsmt-02-07-2023.html,OK
2023-07-02,Sunday,KON_TUM,496524,04296,87738,56148,73942,13646,62214,33787,27218,98449,02507,62158,0040,8913,1689,4393,165,18,e1c5954db3833f44,https://xoso.com.vn/xsmt-02-07-2023.html,OK
2023-07-03,Monday,HUE,755710,22000,78563,45645,27193,03360,53167,33834,58441,86490,68731,76711,5303,9126,0665,3827,302,73,ed2f3bbf0262eefb,https://xoso.com.vn/xsmt-03-07-2023.html,OK
2023-07-05,Wednesday,KHANH_HOA,796093,89806,35529,31664,59293,38373,16621,93878,08691,42647,30939,51555,5663,5916,9730,6455,826,65,64c83af1ef7beafc,https://xoso.com.vn/xsmt-05-07-2023.html,OK
2023-07-09,Sunday,HUE,574340,77813,04628,51246,65805,49940,53716,90967,76672,21942,98837,10785,0389,7810,8861,2139,727,38,1df4338fd2a15c49,https://xoso.com.vn/xsmt-09-07-2023.html,OK
2023-07-09,Sunday,KHANH_HOA,137996,38519,06600,73092,78330,53715,81683,37316,33524,71576,09534,30062,8025,6924,3049,5715,342,51,fb3d390f3bf9cf32,https://xoso.com.vn/xsmt-09-07-2023.html,OK
2023-07-09,Sunday,KON_TUM,538869,52955,95920,78291,34302,99615,75010,32410,60808,22264,48066,36634,4992,1785,1267,1042,139,30,7f187cb84aff1e6b,https://xoso.com.vn/xsmt-09-07-2023.html,OK
2023-07-10,Monday,HUE,887644,76800,67894,30998,80508,27725,41110,16240,25083,74960,21619,86718,8068,6525,8476,7742,212,38,298cc522f8f2196a,https://xoso.com.vn/xsmt-10-07-2023.html,OK
2023-07-12,Wednesday,KHANH_HOA,435591,01155,28337,56069,17462,73276,71599,58884,26440,13976,45533,93299,3671,4473,8120,5395,751,35,28e777ef2754df14,https://xoso.com.vn/xsmt-12-07-2023.html,OK
2023-07-16,Sunday,HUE,355326,35562,95667,25413,80835,59100,45600,41119,43400,01350,01147,25585,2801,8336,6387,5816,183,04,d792c6745b320442,https://xoso.com.vn/xsmt-16-07-2023.html,OK
2023-07-16,Sunday,KHANH_HOA,508111,97489,79313,95867,75945,26474,38664,17266,01479,93582,46876,15331,2982,7067,1445,3314,879,44,43373eed2825dea6,https://xoso.com.vn/xsmt-16-07-2023.html,OK
2023-07-16,Sunday,KON_TUM,598878,77356,01448,94644,60931,10434,06495,13665,23052,90964,20974,03793,6139,5561,4733,9549,339,31,4b65b07613635ce6,https://xoso.com.vn/xsmt-16-07-2023.html,OK
2023-07-17,Monday,HUE,331187,97740,16117,90935,47751,97819,15612,62484,66576,46081,09945,56252,3203,6709,6490,1613,906,73,d938baa730181d49,https://xoso.com.vn/xsmt-17-07-2023.html,OK
2023-07-19,Wednesday,KHANH_HOA,642614,57239,73324,79080,59822,74363,38865,75518,21943,24791,99450,52531,2372,6668,0135,2613,404,97,4c78898c904f9a82,https://xoso.com.vn/xsmt-19-07-2023.html,OK
2023-07-23,Sunday,HUE,160558,17989,43574,80807,63282,88222,82648,04565,61284,58142,59635,84151,9053,5348,9640,4756,696,69,758c62f2c878931d,https://xoso.com.vn/xsmt-23-07-2023.html,OK
2023-07-23,Sunday,KHANH_HOA,477625,30784,82523,60762,49156,26992,61383,74449,83366,62789,02345,85722,4810,1124,4320,8728,623,51,bfde9c434b9ad875,https://xoso.com.vn/xsmt-23-07-2023.html,OK
2023-07-23,Sunday,KON_TUM,437292,06583,05497,19676,47492,92227,54389,39815,76199,88664,69685,71203,4694,7328,4649,3018,319,38,b6bb144e533515b3,https://xoso.com.vn/xsmt-23-07-2023.html,OK
2023-07-24,Monday,HUE,302438,25269,14580,00472,14829,10100,02347,58430,01675,91668,61210,89545,3664,2289,1979,7974,805,91,299cd8f4502dc6ad,https://xoso.com.vn/xsmt-24-07-2023.html,OK
2023-07-26,Wednesday,KHANH_HOA,839688,83012,31167,01813,59231,34096,10671,09776,46833,02771,19161,39139,8891,5373,9044,2621,844,06,dd3cbcd0d7f49cc2,https://xoso.com.vn/xsmt-26-07-2023.html,OK
2023-07-30,Sunday,HUE,250644,93914,45251,12029,61598,56859,91568,43351,85969,53294,56556,91870,9664,0443,2065,3331,540,64,f7658e0b11f5d5fb,https://xoso.com.vn/xsmt-30-07-2023.html,OK
2023-07-30,Sunday,KHANH_HOA,980539,28090,52931,00126,12225,30314,05348,54505,11999,72830,28878,23550,1156,8826,5443,6471,621,82,84ea5f58553f3c65,https://xoso.com.vn/xsmt-30-07-2023.html,OK
2023-07-30,Sunday,KON_TUM,864681,30232,77103,15268,19673,80528,90640,27869,81288,76066,05892,62354,1944,0902,5136,8055,889,67,99fef7dd5458be4a,https://xoso.com.vn/xsmt-30-07-2023.html,OK
2023-07-31,Monday,HUE,028771,01760,62615,07252,90098,39060,12607,26836,37622,25943,39967,10578,5669,1778,2416,0584,558,56,5a0054e0cff063bd,https://xoso.com.vn/xsmt-31-07-2023.html,OK
2023-08-02,Wednesday,KHANH_HOA,633052,96887,28138,35663,16493,05019,90269,56383,26389,18013,83345,83837,7758,3619,2204,5081,894,37,0dc715aa4d6e0268,https://xoso.com.vn/xsmt-02-08-2023.html,OK
2023-08-06,Sunday,HUE,659449,69184,53544,21723,64748,58467,94031,41802,09574,06161,41813,69990,9884,2607,6065,5506,424,84,30bce4a2118925f7,https://xoso.com.vn/xsmt-06-08-2023.html,OK
2023-08-06,Sunday,KHANH_HOA,703929,80713,19827,43547,99703,10594,97648,78960,02054,55370,12123,92135,1553,1478,3340,1357,305,67,7ea6d870968d4425,https://xoso.com.vn/xsmt-06-08-2023.html,OK
2023-08-06,Sunday,KON_TUM,246670,82934,30056,82959,73775,78138,68177,35072,61609,01682,33392,56356,8466,0756,4413,0203,227,37,381c8fafd0183636,https://xoso.com.vn/xsmt-06-08-2023.html,OK
2023-08-07,Monday,HUE,930074,15503,55542,47210,70400,05723,38768,01244,44219,32898,10847,62812,1462,3045,0781,7498,267,55,da762ad1c8710330,https://xoso.com.vn/xsmt-07-08-2023.html,OK
2023-08-09,Wednesday,KHANH_HOA,871347,83642,25713,56368,29283,28467,30091,11069,07695,16123,33210,75216,3247,7163,2021,9892,099,79,5b41730f21b9978b,https://xoso.com.vn/xsmt-09-08-2023.html,OK
2023-08-13,Sunday,HUE,301481,11968,42676,78783,00226,86590,88635,85915,19111,01764,64119,52537,3629,6273,0556,0100,876,52,7dd83d68a3c80601,https://xoso.com.vn/xsmt-13-08-2023.html,OK
2023-08-13,Sunday,KHANH_HOA,285070,49413,65708,10432,61920,39795,47778,89887,87498,75724,96692,83687,0349,4843,1756,4022,246,26,dc009739f1b3e25c,https://xoso.com.vn/xsmt-13-08-2023.html,OK
2023-08-13,Sunday,KON_TUM,337246,40381,03718,19145,69202,00845,84081,14403,78806,16392,78757,24077,4047,9087,5127,5050,206,68,347592730d80711c,https://xoso.com.vn/xsmt-13-08-2023.html,OK
2023-08-14,Monday,HUE,378382,91314,51181,13088,83922,73068,79684,36730,57807,92480,66736,99645,4936,2655,6658,1572,616,04,b8af72c4f5224e45,https://xoso.com.vn/xsmt-14-08-2023.html,OK
2023-08-16,Wednesday,KHANH_HOA,130347,78944,86403,85553,98997,52622,70559,63334,92673,87998,90038,21983,5633,2005,0670,1933,912,56,80b8faf2b5115696,https://xoso.com.vn/xsmt-16-08-2023.html,OK
2023-08-20,Sunday,HUE,996311,05699,43731,58606,42461,05031,93329,75021,59832,00497,57094,07902,1007,4620,8207,5589,376,83,b23d8d0d31a07bd8,https://xoso.com.vn/xsmt-20-08-2023.html,OK
2023-08-20,Sunday,KHANH_HOA,817932,94280,68965,51688,50023,64228,59604,39368,26143,25897,15382,37847,9393,3868,0945,0456,340,80,35ef80acffb705ef,https://xoso.com.vn/xsmt-20-08-2023.html,OK
2023-08-20,Sunday,KON_TUM,368137,16275,40120,11039,31779,72889,22383,01494,73198,66578,49759,27185,1153,7628,1160,7906,951,73,6ab0c33ea5aa9c9b,https://xoso.com.vn/xsmt-20-08-2023.html,OK
2023-08-21,Monday,HUE,405124,97256,85071,58980,31972,28397,11624,99375,92909,47559,62402,41204,2217,0418,7218,3524,037,87,6619a50f8a058532,https://xoso.com.vn/xsmt-21-08-2023.html,OK
2023-08-23,Wednesday,KHANH_HOA,579877,78371,38703,51321,58928,93006,05833,18369,47468,04685,44534,21416,2819,4120,2470,1725,356,31,21f2e930f51c3ae4,https://xoso.com.vn/xsmt-23-08-2023.html,OK
2023-08-27,Sunday,HUE,842075,67515,53231,62813,17981,71464,25130,82654,17418,47870,48893,27480,8517,4961,7786,4653,557,53,a54c1f716034b9b3,https://xoso.com.vn/xsmt-27-08-2023.html,OK
2023-08-27,Sunday,KHANH_HOA,131029,06178,28064,88392,11932,28404,74500,29610,95871,92174,42796,84786,6668,1918,1708,0089,845,47,a06da93d96a4fadd,https://xoso.com.vn/xsmt-27-08-2023.html,OK
2023-08-27,Sunday,KON_TUM,650472,97224,57460,37443,21915,65395,81517,03965,59854,20357,37741,39048,5556,9104,8228,0153,629,73,2726c078c491b537,https://xoso.com.vn/xsmt-27-08-2023.html,OK
2023-08-28,Monday,HUE,464825,35241,55770,24600,02792,09797,19375,55425,19851,49083,52093,59006,0865,4160,2650,7433,391,27,fb29af55939627e1,https://xoso.com.vn/xsmt-28-08-2023.html,OK
2023-08-30,Wednesday,KHANH_HOA,008755,40520,33442,12961,03984,94383,68799,96463,18751,81834,08902,19024,9991,2280,2320,7827,594,44,388d8dfbc670ccc2,https://xoso.com.vn/xsmt-30-08-2023.html,OK
2023-09-03,Sunday,HUE,555275,96867,51247,30046,43116,68725,94983,42477,67568,01400,01869,98504,0113,9871,9191,3367,280,38,e7d9a3c494a9c9ff,https://xoso.com.vn/xsmt-03-09-2023.html,OK
2023-09-03,Sunday,KHANH_HOA,020954,72627,87630,27456,62422,92737,33997,18851,60864,32334,93266,82895,4029,4438,2920,1320,457,52,671759a2a76dd681,https://xoso.com.vn/xsmt-03-09-2023.html,OK
2023-09-03,Sunday,KON_TUM,274909,32200,55648,86811,67224,45846,17234,96951,68335,32312,96714,99832,6810,3684,8712,8169,649,10,7ebe693ad862e65a,https://xoso.com.vn/xsmt-03-09-2023.html,OK
2023-09-04,Monday,HUE,507273,14739,88379,28427,20934,51466,73690,54740,58876,53751,63304,36686,2714,9707,3762,2979,889,22,995d0c15a2d40e87,https://xoso.com.vn/xsmt-04-09-2023.html,OK
2023-09-06,Wednesday,KHANH_HOA,392296,90252,22471,81088,48245,46139,98421,34800,24766,51255,08147,74704,7327,5698,5262,1741,371,21,b496800a387623e2,https://xoso.com.vn/xsmt-06-09-2023.html,OK
2023-09-10,Sunday,HUE,321036,77165,29176,41258,55604,31304,52824,90054,04672,89829,82643,96567,7363,7106,9428,0892,787,78,14a341fbbddd9313,https://xoso.com.vn/xsmt-10-09-2023.html,OK
2023-09-10,Sunday,KHANH_HOA,936350,32354,04503,65371,95959,17298,54207,14837,09200,02833,70265,61615,3413,1788,8417,8435,873,20,004bcce673701a89,https://xoso.com.vn/xsmt-10-09-2023.html,OK
2023-09-10,Sunday,KON_TUM,643539,99027,22605,77292,36754,03364,06938,21028,99507,62872,69064,61274,7442,8561,6810,9211,115,34,1100188ccac72c2b,https://xoso.com.vn/xsmt-10-09-2023.html,OK
2023-09-11,Monday,HUE,120125,98481,57621,49291,89394,05283,03330,50893,39629,41448,08813,26260,6025,3596,7058,5620,878,28,4129f36a76333c73,https://xoso.com.vn/xsmt-11-09-2023.html,OK
2023-09-13,Wednesday,KHANH_HOA,424317,38478,25833,96302,86823,86906,59590,35757,52539,68646,68325,76419,2255,6537,6268,1397,362,42,049431179af5353c,https://xoso.com.vn/xsmt-13-09-2023.html,OK
2023-09-17,Sunday,HUE,025671,50028,67953,54129,21534,07393,11521,80577,39484,00465,20487,87592,5009,3633,2647,5948,336,04,8d45db124894092e,https://xoso.com.vn/xsmt-17-09-2023.html,OK
2023-09-17,Sunday,KHANH_HOA,276788,61640,73129,94867,03750,02819,84047,59247,01352,11978,34597,58100,1398,4152,2429,5621,071,22,01277f42eff9338f,https://xoso.com.vn/xsmt-17-09-2023.html,OK
2023-09-17,Sunday,KON_TUM,179674,36506,02030,42661,04833,70285,05025,72220,96004,65975,82336,22875,7558,8903,3533,7844,606,06,7e371aadd8bf7b23,https://xoso.com.vn/xsmt-17-09-2023.html,OK
2023-09-18,Monday,HUE,612558,16671,78620,32955,70010,09296,87407,04384,90542,29756,81818,35182,9685,4985,6976,9871,126,27,a8aef5d71a3de5fe,https://xoso.com.vn/xsmt-18-09-2023.html,OK
2023-09-20,Wednesday,KHANH_HOA,221985,97446,45585,89472,25303,83805,51621,30737,40360,78898,52869,47736,6078,9920,9610,8989,398,49,0ddc991478715130,https://xoso.com.vn/xsmt-20-09-2023.html,OK
2023-09-24,Sunday,HUE,364275,33842,96588,49117,96866,23585,45493,47400,82858,45325,47764,35308,5336,2182,1412,8738,093,45,cb1ae7ec01466a60,https://xoso.com.vn/xsmt-24-09-2023.html,OK
2023-09-24,Sunday,KHANH_HOA,023054,08803,89762,14351,84767,59214,63985,97684,39588,19108,04526,27656,7260,4650,8285,2902,294,77,9b4da89d87f7d2f3,https://xoso.com.vn/xsmt-24-09-2023.html,OK
2023-09-24,Sunday,KON_TUM,848314,65110,95855,72731,23697,90637,31431,21552,50604,79959,47140,42370,0364,8577,7377,0001,616,63,0112445004700e0c,https://xoso.com.vn/xsmt-24-09-2023.html,OK
2023-09-25,Monday,HUE,914754,09839,24173,62573,01348,67749,57236,57366,41800,98857,08887,78119,7998,7382,5262,2356,882,20,eb68ea8823a062ee,https://xoso.com.vn/xsmt-25-09-2023.html,OK
2023-09-27,Wednesday,KHANH_HOA,253781,53253,44930,13376,34075,66427,98230,34838,99536,60392,60634,75506,3232,9901,2447,9271,710,24,59135ecceef01331,https://xoso.com.vn/xsmt-27-09-2023.html,OK
2023-10-01,Sunday,HUE,331524,74958,45150,04701,46251,92250,71236,80778,30095,47629,74643,37739,9769,1659,6257,1209,493,65,a1b1d6a8a3283890,https://xoso.com.vn/xsmt-01-10-2023.html,OK
2023-10-01,Sunday,KHANH_HOA,417218,90208,29338,98972,59878,19461,97828,92320,61721,90356,49959,68737,5229,1867,3645,0309,841,97,f7ee257265920c25,https://xoso.com.vn/xsmt-01-10-2023.html,OK
2023-10-01,Sunday,KON_TUM,836329,57908,75749,77334,25044,82073,95940,39894,36842,46621,51903,15594,5411,0123,6417,3535,105,46,11d8b1e7a8b4e82d,https://xoso.com.vn/xsmt-01-10-2023.html,OK
2023-10-02,Monday,HUE,022083,06129,22524,02392,40506,36581,28070,77733,01046,08676,42927,19293,0111,7491,6310,4206,758,13,b12707c2f54e164c,https://xoso.com.vn/xsmt-02-10-2023.html,OK
2023-10-04,Wednesday,KHANH_HOA,842358,23661,33893,31078,20393,64510,56390,13267,45085,75125,21105,62759,6893,2168,0828,9555,423,56,52f38a879d2ad13d,https://xoso.com.vn/xsmt-04-10-2023.html,OK
2023-10-08,Sunday,HUE,199151,03110,75915,65769,44077,90194,35404,17540,76328,68621,36726,77673,3950,6789,8668,3604,416,45,3e057137ad9df941,https://xoso.com.vn/xsmt-08-10-2023.html,OK
2023-10-08,Sunday,KHANH_HOA,249660,36268,51090,50532,32381,03514,88419,17221,78331,87167,61796,66330,2195,3585,7370,4062,255,65,df6e4a1056121c14,https://xoso.com.vn/xsmt-08-10-2023.html,OK
2023-10-08,Sunday,KON_TUM,848549,39668,77700,32510,59363,51000,46995,69892,33839,20446,08213,61174,0954,7717,1723,3581,960,65,86cb42b3a04ac9c7,https://xoso.com.vn/xsmt-08-10-2023.html,OK
2023-10-09,Monday,HUE,786981,90121,13387,53224,35102,13348,81248,61787,19015,85208,36001,68655,5742,7992,6022,4730,766,65,584494051ddd0ab8,https://xoso.com.vn/xsmt-09-10-2023.html,OK
2023-10-11,Wednesday,KHANH_HOA,413689,93878,94280,55075,98996,42657,43178,46598,15429,86313,63495,55031,1653,3524,0510,3139,867,08,7e5218d2dff74f98,https://xoso.com.vn/xsmt-11-10-2023.html,OK
2023-10-15,Sunday,HUE,887031,29847,96168,04292,81874,62557,28943,81599,58933,02295,79485,60773,8634,5528,1581,7341,344,69,aac2c64b2651ba9d,https://xoso.com.vn/xsmt-15-10-2023.html,OK
2023-10-15,Sunday,KHANH_HOA,116703,68283,28146,55416,01323,26936,42857,30012,86684,06357,48759,83981,4715,9790,7825,9902,724,11,d7a09db3e526f452,https://xoso.com.vn/xsmt-15-10-2023.html,OK
2023-10-15,Sunday,KON_TUM,668298,32021,23820,53238,07138,87559,31035,07048,11008,27042,06465,12603,9389,0607,1056,0885,081,06,adb327aa7fa022d0,https://xoso.com.vn/xsmt-15-10-2023.html,OK
2023-10-16,Monday,HUE,784945,21416,75591,07150,73071,99511,13693,78138,64900,74975,98688,09542,4626,0690,5401,6544,802,08,ff93513f5cac7b42,https://xoso.com.vn/xsmt-16-10-2023.html,OK
2023-10-18,Wednesday,KHANH_HOA,706466,63134,05328,81033,13086,32060,85228,91619,13739,52228,95183,55615,2464,8271,2242,1261,455,53,b8e1de647d355596,https://xoso.com.vn/xsmt-18-10-2023.html,OK
2023-10-22,Sunday,HUE,299807,46648,93948,68010,48626,62410,02597,35940,70072,62358,03410,40388,5058,4702,9228,9249,899,40,6b412d198665962e,https://xoso.com.vn/xsmt-22-10-2023.html,OK
2023-10-22,Sunday,KHANH_HOA,307437,20006,61978,82647,45688,81449,16073,60865,11470,17288,78273,84473,7402,8680,3639,9458,903,83,91ed643594364a5b,https://xoso.com.vn/xsmt-22-10-2023.html,OK
2023-10-22,Sunday,KON_TUM,529260,10296,38695,20569,16065,66672,79614,73276,24675,47930,68750,12677,5761,2470,3312,2545,369,33,0fd526b0412437e4,https://xoso.com.vn/xsmt-22-10-2023.html,OK
2023-10-23,Monday,HUE,022287,29318,57162,32609,93235,11279,57646,01615,62561,29612,02365,67819,5625,8568,8279,1099,635,16,cbd65537dc303691,https://xoso.com.vn/xsmt-23-10-2023.html,OK
2023-10-25,Wednesday,KHANH_HOA,888377,01001,46481,12765,62050,44576,42936,19586,32393,14706,10283,56885,4096,3710,8997,6942,432,55,c16bbae9f241322e,https://xoso.com.vn/xsmt-25-10-2023.html,OK
2023-10-29,Sunday,HUE,595693,50305,72248,89393,67034,88978,17980,16977,14642,19322,33076,67255,1821,7661,9398,1397,329,54,b066c444401bd6ee,https://xoso.com.vn/xsmt-29-10-2023.html,OK
2023-10-29,Sunday,KHANH_HOA,758648,32520,64259,36471,30517,12198,28426,32467,47982,23168,84618,88111,8609,2227,1017,5371,615,54,447a7c4ecf392f1a,https://xoso.com.vn/xsmt-29-10-2023.html,OK
2023-10-29,Sunday,KON_TUM,549400,40823,13389,93859,93967,69946,96188,29075,60364,62436,97078,59786,3455,9540,6274,5572,494,58,2f043533f4839246,https://xoso.com.vn/xsmt-29-10-2023.html,OK
2023-10-30,Monday,HUE,536532,55069,71433,11423,65990,73532,64612,43399,16125,99526,75569,22933,1890,8893,8897,3701,518,28,a79874d0f9fc5647,https://xoso.com.vn/xsmt-30-10-2023.html,OK
2023-11-01,Wednesday,KHANH_HOA,951961,17658,29404,80349,84363,25387,05282,78109,32083,55964,05699,38720,7203,9327,3515,9463,988,28,cc93e03d4cb64cd8,https://xoso.com.vn/xsmt-01-11-2023.html,OK
2023-11-05,Sunday,HUE,802913,83778,49806,57023,89302,23876,33024,96844,30716,26730,12374,92763,5363,7318,8238,5633,791,15,821b201aab2867fd,https://xoso.com.vn/xsmt-05-11-2023.html,OK
2023-11-05,Sunday,KHANH_HOA,508714,22128,58839,93693,77085,30571,31299,17022,30211,02267,83484,28092,9896,9019,6046,7742,674,06,b2fc920be85f6a31,https://xoso.com.vn/xsmt-05-11-2023.html,OK
2023-11-05,Sunday,KON_TUM,399236,25085,38536,95368,52624,25723,80056,37254,14719,87953,55665,95339,1484,3458,4510,9694,357,17,074c38b246856ab1,https://xoso.com.vn/xsmt-05-11-2023.html,OK
2023-11-06,Monday,HUE,451974,16214,09128,44249,82003,91264,35908,15656,16991,44081,78450,35198,0425,8339,2090,5302,277,39,3a3f30b9d52cbaab,https://xoso.com.vn/xsmt-06-11-2023.html,OK
2023-11-08,Wednesday,KHANH_HOA,132963,63154,62786,28398,38250,79717,54027,95805,38620,40015,49049,77312,6126,2454,6288,6128,047,26,7de2b343997ef164,https://xoso.com.vn/xsmt-08-11-2023.html,OK
2023-11-12,Sunday,HUE,821295,68717,74633,82040,52701,13420,98777,91610,89804,39282,74487,63510,2361,3203,2103,1633,418,35,f669ab2c64b24e37,https://xoso.com.vn/xsmt-12-11-2023.html,OK
2023-11-12,Sunday,KHANH_HOA,294353,62844,98684,02605,20353,84180,17109,80801,90445,38705,28201,39186,6928,7541,4406,5852,503,27,75b0ee291711b1b6,https://xoso.com.vn/xsmt-12-11-2023.html,OK
2023-11-12,Sunday,KON_TUM,708474,54992,31218,18954,86732,99384,71597,94891,13319,47070,63136,52459,8113,4090,7223,4822,505,44,14e4bff475586113,https://xoso.com.vn/xsmt-12-11-2023.html,OK
2023-11-13,Monday,HUE,183275,34529,21812,56113,45641,89271,04334,74045,45153,74291,69839,29081,8698,2913,5819,2385,660,61,707f1026b6e3d4ae,https://xoso.com.vn/xsmt-13-11-2023.html,OK
2023-11-15,Wednesday,KHANH_HOA,803902,35059,54245,44726,31363,18711,43035,45559,28875,25692,91374,78552,5648,7615,2689,1193,917,05,1bf6faebe9d510cd,https://xoso.com.vn/xsmt-15-11-2023.html,OK
2023-11-19,Sunday,HUE,208763,01306,31296,49071,02898,79961,73762,01479,84793,55436,39040,84248,3514,1888,3335,7090,189,41,2630056d98f53388,https://xoso.com.vn/xsmt-19-11-2023.html,OK
2023-11-19,Sunday,KHANH_HOA,868856,68665,30304,51679,21923,18609,67905,49299,20667,61692,15493,52638,3829,2047,2308,4449,407,67,b44e2e46317c9df1,https://xoso.com.vn/xsmt-19-11-2023.html,OK
2023-11-19,Sunday,KON_TUM,908406,99967,35925,88334,51768,59195,45776,97044,83294,25188,41659,14400,3024,2270,7151,2313,283,56,f8ab7fce02b62d20,https://xoso.com.vn/xsmt-19-11-2023.html,OK
2023-11-20,Monday,HUE,968527,22977,46852,99936,40669,81319,42832,34501,70979,19127,46791,03386,4124,6689,9794,2270,357,71,f237e637fe454e19,https://xoso.com.vn/xsmt-20-11-2023.html,OK
2023-11-22,Wednesday,KHANH_HOA,207691,35237,58544,82050,85104,86536,36660,72219,77764,55360,23559,03654,3572,0874,1591,7824,576,86,5f6afb8c8702fd6e,https://xoso.com.vn/xsmt-22-11-2023.html,OK
2023-11-26,Sunday,HUE,761434,57684,57747,81829,86580,19995,74251,56258,65265,83289,16619,69324,9317,7400,3391,6405,529,22,8ec066237e5cda5b,https://xoso.com.vn/xsmt-26-11-2023.html,OK
2023-11-26,Sunday,KHANH_HOA,882509,70164,82293,33658,91613,62942,99650,70886,38223,61845,04921,72881,9753,3302,4572,9142,798,97,92a63fd40b05c3a5,https://xoso.com.vn/xsmt-26-11-2023.html,OK
2023-11-26,Sunday,KON_TUM,878232,36459,54801,12733,79339,88134,52299,64345,02929,16086,49811,61779,2679,2879,5082,5028,929,26,76f17523306d6c76,https://xoso.com.vn/xsmt-26-11-2023.html,OK
2023-11-27,Monday,HUE,533609,27132,07693,70432,56346,16088,61164,55936,83918,03270,38025,47898,1753,2173,0324,6037,627,32,5d1060394521152c,https://xoso.com.vn/xsmt-27-11-2023.html,OK
2023-11-29,Wednesday,KHANH_HOA,515249,50169,96978,00775,83639,22104,82235,89533,92080,21212,26698,59398,8623,9947,2252,4339,785,82,a380c2bc5c3e10a9,https://xoso.com.vn/xsmt-29-11-2023.html,OK
2023-12-03,Sunday,HUE,081806,98792,35770,76715,12340,26354,72388,20969,53084,42889,86264,45060,4091,5409,4722,4066,852,71,1eccee2d5400cc6f,https://xoso.com.vn/xsmt-03-12-2023.html,OK
2023-12-03,Sunday,KHANH_HOA,497843,13873,44556,59596,42231,00627,68483,58673,46478,05235,03576,76171,1202,8808,7579,1614,715,09,d0a8f2ee596375a6,https://xoso.com.vn/xsmt-03-12-2023.html,OK
2023-12-03,Sunday,KON_TUM,749729,85054,26248,29442,79152,15841,20040,68671,68459,93959,45232,41847,6983,2175,1619,4485,901,43,42455dae53121eb3,https://xoso.com.vn/xsmt-03-12-2023.html,OK
2023-12-04,Monday,HUE,416593,44799,37573,13597,29680,05312,55304,17587,82152,07110,60853,68328,1395,9208,1712,8591,558,65,9d7606db9f030117,https://xoso.com.vn/xsmt-04-12-2023.html,OK
2023-12-06,Wednesday,KHANH_HOA,443916,93134,31626,59226,84942,66616,47558,91134,50132,57058,04599,71992,9157,4504,5537,9585,503,28,2b01a4e43ffd8eb0,https://xoso.com.vn/xsmt-06-12-2023.html,OK
2023-12-10,Sunday,HUE,663408,10228,88670,73466,75246,83313,36334,85371,00682,63171,16106,76885,8225,8594,9348,8576,339,45,44b1cd0051d3a093,https://xoso.com.vn/xsmt-10-12-2023.html,OK
2023-12-10,Sunday,KHANH_HOA,661321,58011,05727,55723,27991,28000,29538,46996,97798,26658,05209,44815,8118,1533,3615,4710,352,21,091ac60301c0a27a,https://xoso.com.vn/xsmt-10-12-2023.html,OK
2023-12-10,Sunday,KON_TUM,382358,69899,76491,78835,28473,69850,78022,38280,20487,29165,94934,01563,4498,0671,4408,8986,647,95,9c793cd6d7265cd2,https://xoso.com.vn/xsmt-10-12-2023.html,OK
2023-12-11,Monday,HUE,906388,08176,12303,60479,20151,51466,91030,35544,17928,12907,56597,83170,7852,1831,1131,7335,018,60,2ac89281daeafd1c,https://xoso.com.vn/xsmt-11-12-2023.html,OK
2023-12-13,Wednesday,KHANH_HOA,700962,35275,36437,92789,15797,49414,95257,78023,28605,09683,57770,13122,5567,6164,1882,7845,323,95,8a03ff02b83d5efb,https://xoso.com.vn/xsmt-13-12-2023.html,OK
2023-12-17,Sunday,HUE,042268,95905,21347,41967,93082,26331,00920,18453,21767,70129,25088,30548,5829,4677,9680,5588,091,06,9b90e446b4729559,https://xoso.com.vn/xsmt-17-12-2023.html,OK
2023-12-17,Sunday,KHANH_HOA,164883,02887,28039,91907,36410,88449,93356,55429,83437,21552,15678,74579,9546,7887,6420,0971,256,17,ed839e98de462a54,https://xoso.com.vn/xsmt-17-12-2023.html,OK
2023-12-17,Sunday,KON_TUM,069880,56005,43832,27913,34901,35531,08972,64540,50691,54807,68171,94617,5872,2251,6055,8911,161,43,f9bc8b5122b8e5fb,https://xoso.com.vn/xsmt-17-12-2023.html,OK
2023-12-18,Monday,HUE,279089,41616,86232,33140,58061,73965,87074,13764,63663,38230,25513,81020,7899,0827,1431,0903,019,14,a2dbe730b15fc3e4,https://xoso.com.vn/xsmt-18-12-2023.html,OK
2023-12-20,Wednesday,KHANH_HOA,010427,68384,42587,42210,30491,80779,26994,35867,35197,59331,62153,28942,4629,2874,3856,7673,232,07,ffc91fb61cf4c070,https://xoso.com.vn/xsmt-20-12-2023.html,OK
2023-12-24,Sunday,HUE,503113,46060,64097,82864,02890,63814,95910,69426,05174,70289,12840,37354,7643,6301,7352,1738,512,00,381d8e6c4d485902,https://xoso.com.vn/xsmt-24-12-2023.html,OK
2023-12-24,Sunday,KHANH_HOA,991152,61746,44375,08112,08038,61279,12689,99631,34615,71015,86571,95229,7197,9917,5103,7469,996,28,0224f27b7dffa50d,https://xoso.com.vn/xsmt-24-12-2023.html,OK
2023-12-24,Sunday,KON_TUM,192489,54608,81629,87957,36239,74694,80679,89343,22875,09051,61053,12909,3703,5654,1949,0846,186,74,a6eb0ee83df38009,https://xoso.com.vn/xsmt-24-12-2023.html,OK
2023-12-25,Monday,HUE,820567,67643,41152,06949,69566,94561,56356,22289,62222,79227,37557,96276,3013,7479,1702,1026,881,55,3a77a74276f748bd,https://xoso.com.vn/xsmt-25-12-2023.html,OK
2023-12-27,Wednesday,KHANH_HOA,682302,57197,70383,22491,80138,74981,20861,20377,51372,00122,38922,50104,4170,4813,6446,5591,594,97,f247cf87a90c3ed0,https://xoso.com.vn/xsmt-27-12-2023.html,OK
2023-12-31,Sunday,HUE,902792,91067,95092,20330,68016,46879,06609,94299,09095,12713,06118,48765,3696,0617,7311,2860,807,19,f52301cf3d5fb84e,https://xoso.com.vn/xsmt-31-12-2023.html,OK
2023-12-31,Sunday,KHANH_HOA,807242,73140,36897,33939,99557,10255,59848,24904,80842,82657,78160,52518,0448,0337,1330,6261,859,16,1ed52f18aba7187e,https://xoso.com.vn/xsmt-31-12-2023.html,OK
2023-12-31,Sunday,KON_TUM,395088,15611,79262,94722,53059,39708,31754,99711,84169,46459,92371,48385,9668,7178,4433,6619,344,43,c1ec624c402ff4a5,https://xoso.com.vn/xsmt-31-12-2023.html,OK
2024-01-01,Monday,HUE,545102,58333,17928,02253,43824,18937,45709,30077,38432,39505,64032,48635,3320,5858,3336,7742,226,36,a57b3b39c268f819,https://xoso.com.vn/xsmt-01-01-2024.html,OK
2024-01-03,Wednesday,KHANH_HOA,689870,90564,66271,23577,42214,63299,56199,75451,91296,84922,22211,67748,8245,2382,2792,4208,149,05,7f939602271fdd98,https://xoso.com.vn/xsmt-03-01-2024.html,OK
2024-01-07,Sunday,HUE,544059,00974,04442,77626,02414,68603,38805,68519,76193,91032,09022,54166,9161,4525,6508,3639,052,26,638a6b1e9bbb9ef3,https://xoso.com.vn/xsmt-07-01-2024.html,OK
2024-01-07,Sunday,KHANH_HOA,657289,94557,79962,08769,98649,77336,03171,23228,87229,85344,44723,49554,4101,9436,8081,7769,021,34,4a4881419276acb9,https://xoso.com.vn/xsmt-07-01-2024.html,OK
2024-01-07,Sunday,KON_TUM,127270,23394,49457,01124,24000,12035,42994,19776,30342,94664,24481,77904,1031,9346,0898,7605,797,84,fb44062f65a1c402,https://xoso.com.vn/xsmt-07-01-2024.html,OK
2024-01-08,Monday,HUE,433694,14788,62055,36280,05994,02239,30362,09722,98883,92773,71062,01853,5007,5452,1467,0776,456,24,86e8874ea17b4e49,https://xoso.com.vn/xsmt-08-01-2024.html,OK
2024-01-10,Wednesday,KHANH_HOA,982711,97408,69411,15651,85802,37431,82023,14376,19492,84291,08573,21075,1488,7161,0215,3882,344,39,dbf19b07c569165f,https://xoso.com.vn/xsmt-10-01-2024.html,OK
2024-01-14,Sunday,HUE,157475,50139,75625,61273,41070,51907,94932,40059,83986,53789,22490,58732,1994,3219,7384,7926,256,07,85c5dbe5013dd910,https://xoso.com.vn/xsmt-14-01-2024.html,OK
2024-01-14,Sunday,KHANH_HOA,852112,62182,80012,31075,18577,83278,84794,61856,63822,51795,62188,53838,8631,5816,6888,7414,575,20,b63d0d8bebe12d9e,https://xoso.com.vn/xsmt-14-01-2024.html,OK
2024-01-14,Sunday,KON_TUM,980888,11774,11667,39810,49983,05612,61884,73565,29761,11627,89828,15866,6780,3809,4520,8381,552,98,b6c91e1121fa9150,https://xoso.com.vn/xsmt-14-01-2024.html,OK
2024-01-15,Monday,HUE,315157,94925,13179,33046,18134,11213,29972,55217,20530,79291,03913,77531,0105,8996,6538,1694,261,86,6d76c6ea2ee162f5,https://xoso.com.vn/xsmt-15-01-2024.html,OK
2024-01-17,Wednesday,KHANH_HOA,066469,06180,13475,62856,31058,52123,87312,31236,06495,48869,91420,73087,7871,4783,0210,4172,116,58,90498a4b4e06590e,https://xoso.com.vn/xsmt-17-01-2024.html,OK
2024-01-21,Sunday,HUE,081510,97755,64169,61190,56504,66064,23810,75689,31976,04900,53865,68724,4829,3876,5459,3470,103,34,5daf1321b43f52ce,https://xoso.com.vn/xsmt-21-01-2024.html,OK
2024-01-21,Sunday,KHANH_HOA,326998,80257,87142,45995,46843,83537,51007,45299,18553,81287,00662,94656,8873,2921,2593,9026,552,93,05d8dfaf7c45705c,https://xoso.com.vn/xsmt-21-01-2024.html,OK
2024-01-21,Sunday,KON_TUM,864267,89378,69665,41142,36299,31505,78289,58729,32645,74099,33110,39221,8803,7364,9151,7695,267,21,93a87fce9cf8417f,https://xoso.com.vn/xsmt-21-01-2024.html,OK
2024-01-22,Monday,HUE,141768,63739,43971,96687,45239,43566,87260,52024,11688,28680,18140,48780,9835,3304,7022,7116,687,92,046d0bdedf34243d,https://xoso.com.vn/xsmt-22-01-2024.html,OK
2024-01-24,Wednesday,KHANH_HOA,097951,83610,13733,12980,57413,84488,19649,88401,80324,93667,24395,05974,0481,6412,3626,3463,016,40,4668272a5568fd3d,https://xoso.com.vn/xsmt-24-01-2024.html,OK
2024-01-28,Sunday,HUE,085111,01917,37211,51493,11336,65545,76126,82501,48441,05294,88845,84566,6453,8835,8488,2519,796,70,7e4fab1aa8bce40f,https://xoso.com.vn/xsmt-28-01-2024.html,OK
2024-01-28,Sunday,KHANH_HOA,075089,42734,82568,95984,60025,27262,50929,45324,38391,01865,50176,96931,8409,3759,0444,1589,137,66,22679bdbcb459e79,https://xoso.com.vn/xsmt-28-01-2024.html,OK
2024-01-28,Sunday,KON_TUM,244215,35448,50144,44357,03656,94822,96455,58002,95042,20344,42857,50726,3616,7754,5441,7527,972,21,5419603ec82fd709,https://xoso.com.vn/xsmt-28-01-2024.html,OK
2024-01-29,Monday,HUE,651237,45302,00804,05581,69632,29816,14769,14100,22165,27379,11789,84398,4606,8443,5467,3221,122,63,80f469d564801acf,https://xoso.com.vn/xsmt-29-01-2024.html,OK
2024-01-31,Wednesday,KHANH_HOA,878327,17301,95209,46852,85169,07781,03565,03365,69419,13417,53466,72224,7986,9327,6358,1878,306,43,19297927d39eccec,https://xoso.com.vn/xsmt-31-01-2024.html,OK
2024-02-04,Sunday,HUE,998266,40535,23003,79132,43788,57301,01628,06475,89464,72929,66394,03314,3003,3236,1848,4997,040,97,6181ba074dde1909,https://xoso.com.vn/xsmt-04-02-2024.html,OK
2024-02-04,Sunday,KHANH_HOA,008488,86128,97467,55438,71877,65146,39860,73244,74402,51580,62490,95009,3993,2430,6634,9691,422,36,94c2ef6c44bfe84a,https://xoso.com.vn/xsmt-04-02-2024.html,OK
2024-02-04,Sunday,KON_TUM,795661,22851,92358,02076,99078,87444,39157,83371,78268,16318,39146,51669,6524,4011,4613,0442,605,73,f61da4fe15933e97,https://xoso.com.vn/xsmt-04-02-2024.html,OK
2024-02-05,Monday,HUE,691996,89282,57227,77192,66909,77180,69733,44417,22375,65888,83133,01569,8988,8362,2444,4714,712,41,74b8efa600c5b0f4,https://xoso.com.vn/xsmt-05-02-2024.html,OK
2024-02-07,Wednesday,KHANH_HOA,125098,87240,96997,31490,15893,80315,67568,31199,07542,88966,59470,16631,3168,5616,6320,1374,292,75,e92c5ab486dab10d,https://xoso.com.vn/xsmt-07-02-2024.html,OK
2024-02-11,Sunday,HUE,615244,19753,15286,26275,99259,10499,32002,66165,74819,75820,08156,07102,0071,1177,0465,6468,856,50,69b267d24ef0ad21,https://xoso.com.vn/xsmt-11-02-2024.html,OK
2024-02-11,Sunday,KHANH_HOA,881049,15341,72446,43684,00037,97673,26379,69224,94866,30623,57811,29048,9334,0932,1708,0202,572,98,49c2b73be7279430,https://xoso.com.vn/xsmt-11-02-2024.html,OK
2024-02-11,Sunday,KON_TUM,965046,49049,35903,67184,80252,93054,93366,04250,61685,00011,00663,23784,1723,8315,2377,1232,386,81,336017360cf5b67f,https://xoso.com.vn/xsmt-11-02-2024.html,OK
2024-02-12,Monday,HUE,496750,78865,48581,66309,12478,93888,66172,00748,30528,56418,07040,97579,6322,5234,2927,4245,367,81,a6630855a90d4844,https://xoso.com.vn/xsmt-12-02-2024.html,OK
2024-02-14,Wednesday,KHANH_HOA,611547,68831,68611,16707,86246,14962,08176,17189,01582,07424,20768,25733,1213,6403,2051,1271,330,87,d8ee11a36cf93941,https://xoso.com.vn/xsmt-14-02-2024.html,OK
2024-02-18,Sunday,HUE,595802,70109,43843,33731,46617,79916,65005,34182,86887,57331,32402,04054,2191,1190,4623,5051,989,16,804d59ee07a283f2,https://xoso.com.vn/xsmt-18-02-2024.html,OK
2024-02-18,Sunday,KHANH_HOA,195624,68374,01875,13810,07635,25227,14820,04973,02259,01948,14335,00406,9945,8276,8989,3964,560,30,83390fbb9835968b,https://xoso.com.vn/xsmt-18-02-2024.html,OK
2024-02-18,Sunday,KON_TUM,977947,32864,39217,99538,55270,23402,89912,94114,77061,15354,75526,85756,4930,5393,0020,5386,462,05,dd4f0ab874c2a40b,https://xoso.com.vn/xsmt-18-02-2024.html,OK
2024-02-19,Monday,HUE,672720,94149,53755,10627,65529,92273,59958,38512,07162,31345,50028,61058,2103,0573,0600,6416,782,79,cdf75914cc429d2f,https://xoso.com.vn/xsmt-19-02-2024.html,OK
2024-02-21,Wednesday,KHANH_HOA,454123,08287,92146,96187,83915,01639,45273,63543,47778,08796,21887,43138,4674,0786,0917,1979,527,01,af0464494d1fcc6e,https://xoso.com.vn/xsmt-21-02-2024.html,OK
2024-02-25,Sunday,HUE,276110,58167,52834,32391,23793,36051,60029,97365,08577,12078,80876,27702,2202,1583,9440,0479,591,47,c73aeedb183021d8,https://xoso.com.vn/xsmt-25-02-2024.html,OK
2024-02-25,Sunday,KHANH_HOA,057576,33864,09515,00632,68313,29164,92765,26820,07679,33160,25728,39535,2681,3805,6374,6658,515,13,9900db494b5280da,https://xoso.com.vn/xsmt-25-02-2024.html,OK
2024-02-25,Sunday,KON_TUM,045153,08116,11035,84909,96619,99599,41578,96857,15087,16282,30247,58564,6410,8443,6586,4792,178,54,032763f97687486e,https://xoso.com.vn/xsmt-25-02-2024.html,OK
2024-02-26,Monday,HUE,415322,67090,07513,79177,80434,53894,43397,48164,89261,96273,63789,60489,1789,0862,9127,9664,449,12,4a475fc33105c393,https://xoso.com.vn/xsmt-26-02-2024.html,OK
2024-02-28,Wednesday,KHANH_HOA,944394,74216,61241,16139,33695,41559,64798,00259,20075,08644,56602,90932,3032,9294,5261,0376,054,47,7d15430ca577fe9e,https://xoso.com.vn/xsmt-28-02-2024.html,OK
2024-03-03,Sunday,HUE,634594,00400,60208,12539,15012,36146,86602,87012,57444,88707,12300,65044,1975,0483,9871,6147,237,82,1519b9cf3e536616,https://xoso.com.vn/xsmt-03-03-2024.html,OK
2024-03-03,Sunday,KHANH_HOA,659894,82786,92186,52607,96328,09622,77624,71597,50662,25735,40551,90671,7499,0977,6395,8414,857,45,886efa686b069515,https://xoso.com.vn/xsmt-03-03-2024.html,OK
2024-03-03,Sunday,KON_TUM,471041,10126,50618,22203,29354,14249,86804,42119,03761,72831,04189,61076,7261,1221,0255,4646,212,05,7f3f6342aa3bc901,https://xoso.com.vn/xsmt-03-03-2024.html,OK
2024-03-04,Monday,HUE,851389,97969,50009,50161,59565,15888,37959,33596,74237,55660,13144,83344,6960,4896,7609,1155,139,06,6256b7d230d1dfb6,https://xoso.com.vn/xsmt-04-03-2024.html,OK
2024-03-06,Wednesday,KHANH_HOA,045366,49418,10895,66197,77725,56814,41500,56393,46194,63914,95066,96021,5873,1901,1777,9503,640,72,50f29dce44044dc9,https://xoso.com.vn/xsmt-06-03-2024.html,OK
2024-03-10,Sunday,HUE,647917,48518,02308,66899,76360,29481,74327,98175,51911,80615,07673,13414,3601,3482,7781,1078,674,02,7da871f7840fb42b,https://xoso.com.vn/xsmt-10-03-2024.html,OK
2024-03-10,Sunday,KHANH_HOA,937534,06866,32223,77985,22934,99025,09139,87914,03680,09547,95348,85084,2515,5186,2529,4201,825,36,5c181e2dbb3056f9,https://xoso.com.vn/xsmt-10-03-2024.html,OK
2024-03-10,Sunday,KON_TUM,638893,86304,04924,47136,49772,38416,19765,81304,37080,73735,73139,77775,6754,3542,3760,7662,614,98,cf721a3d6ad53761,https://xoso.com.vn/xsmt-10-03-2024.html,OK
2024-03-11,Monday,HUE,736956,64553,33683,32380,42055,08738,10935,53692,19185,83066,88629,27911,0519,7406,8027,3598,892,00,a29c22ba5ec8a95d,https://xoso.com.vn/xsmt-11-03-2024.html,OK
2024-03-13,Wednesday,KHANH_HOA,508499,14365,89055,85841,59590,26290,94003,68257,64991,40743,95111,48825,9186,4437,4251,3990,943,84,d5ce1e00247dcc10,https://xoso.com.vn/xsmt-13-03-2024.html,OK
2024-03-17,Sunday,HUE,822130,58953,60119,74247,70076,83560,90540,88757,37302,94278,77736,21571,3199,6850,8665,9510,030,09,cd92effdb9491a9a,https://xoso.com.vn/xsmt-17-03-2024.html,OK
2024-03-17,Sunday,KHANH_HOA,497602,88448,32694,64520,34414,02938,67525,36171,30314,23654,67002,66163,5489,1320,6907,2178,339,03,4a29e4f6659d1105,https://xoso.com.vn/xsmt-17-03-2024.html,OK
2024-03-17,Sunday,KON_TUM,649696,31080,94571,30413,42427,87668,27966,61035,82176,50231,30979,97639,1050,7273,8514,3055,236,02,ca5a9b71750209de,https://xoso.com.vn/xsmt-17-03-2024.html,OK
2024-03-18,Monday,HUE,899284,42671,70124,28424,71217,53272,33293,67934,85214,15654,87503,92426,1953,3398,0628,2083,851,30,082bcb3d82bbbe9f,https://xoso.com.vn/xsmt-18-03-2024.html,OK
2024-03-20,Wednesday,KHANH_HOA,938059,40267,39028,03045,94840,88697,57438,88870,07298,01891,31377,16046,1245,8998,4155,9621,725,50,8b625dc1b0af6d69,https://xoso.com.vn/xsmt-20-03-2024.html,OK
2024-03-24,Sunday,HUE,549035,91219,82864,85196,43817,99615,02934,79675,08523,21757,70579,72803,7794,1278,7132,7148,390,26,5e2a983fa12c136c,https://xoso.com.vn/xsmt-24-03-2024.html,OK
2024-03-24,Sunday,KHANH_HOA,554694,66312,65417,57683,73338,34365,11011,29706,72307,24179,28765,95735,0620,8274,6397,5360,339,16,2e3d4f5bdc281aff,https://xoso.com.vn/xsmt-24-03-2024.html,OK
2024-03-24,Sunday,KON_TUM,266187,62035,94522,00466,11259,45533,86478,11262,31447,66697,13738,80928,4338,6619,9069,2962,185,90,eea29aa8e7967a56,https://xoso.com.vn/xsmt-24-03-2024.html,OK
2024-03-25,Monday,HUE,225438,73161,10518,65054,63724,59864,69624,04961,40591,74207,99531,37939,8077,5545,3082,5134,083,43,27fc943752ca7328,https://xoso.com.vn/xsmt-25-03-2024.html,OK
2024-03-27,Wednesday,KHANH_HOA,250326,72422,93241,21080,36638,66352,06727,37744,56052,10983,76759,98122,0061,5771,8601,5321,303,83,d792bd2e5bd6ebed,https://xoso.com.vn/xsmt-27-03-2024.html,OK
2024-03-31,Sunday,HUE,459200,34607,26055,20596,79670,78559,20921,04207,78697,40759,30153,22286,0385,5636,3905,9497,533,45,92bb98db8752a871,https://xoso.com.vn/xsmt-31-03-2024.html,OK
2024-03-31,Sunday,KHANH_HOA,210815,19088,92665,31772,04960,79740,45290,31863,88880,00604,39396,58006,7515,2133,0881,2310,240,82,165ee7aa0064ea97,https://xoso.com.vn/xsmt-31-03-2024.html,OK
2024-03-31,Sunday,KON_TUM,155156,23776,17483,89502,90713,81926,22695,75582,86774,23470,88836,60882,9948,6020,0915,3245,860,12,834e9cd375205f5a,https://xoso.com.vn/xsmt-31-03-2024.html,OK
2024-04-01,Monday,HUE,168287,47579,82254,83862,98066,04715,05786,28160,56339,00256,75762,06473,0174,8770,3051,3111,284,49,17dc4099b50b2032,https://xoso.com.vn/xsmt-01-04-2024.html,OK
2024-04-03,Wednesday,KHANH_HOA,376716,01791,55150,92325,16228,95154,70845,25808,95598,38980,94648,75675,7909,3938,9581,0706,859,70,fbbbcaf8de043205,https://xoso.com.vn/xsmt-03-04-2024.html,OK
2024-04-07,Sunday,HUE,947853,13478,52237,59542,63860,60247,83437,22212,05469,37017,07327,70478,9123,0318,9799,9968,198,11,c85c5e93c1a2fc1a,https://xoso.com.vn/xsmt-07-04-2024.html,OK
2024-04-07,Sunday,KHANH_HOA,508281,91844,62429,40923,85849,85216,48697,42870,73019,16547,06113,40138,8297,7471,8401,5354,811,78,d75299a7cc28ae43,https://xoso.com.vn/xsmt-07-04-2024.html,OK
2024-04-07,Sunday,KON_TUM,608750,17006,93930,94461,01794,50498,43038,06035,49303,15632,17220,49190,5106,0345,6068,0997,449,80,915f3f4d1874b974,https://xoso.com.vn/xsmt-07-04-2024.html,OK
2024-04-08,Monday,HUE,727772,87671,09657,98065,21526,78391,57151,75209,26176,16516,69565,48859,1827,0429,8704,6880,917,21,811ef656135606b1,https://xoso.com.vn/xsmt-08-04-2024.html,OK
2024-04-10,Wednesday,KHANH_HOA,182714,90794,24687,61385,14283,02513,42784,54849,92229,68425,17801,30652,2222,6143,9713,8380,427,22,03a0f753d8c99d62,https://xoso.com.vn/xsmt-10-04-2024.html,OK
2024-04-14,Sunday,HUE,706255,16039,71191,05102,02933,63776,58450,01777,07014,52623,91496,01875,7123,5009,2854,7895,503,34,b188d5772222d866,https://xoso.com.vn/xsmt-14-04-2024.html,OK
2024-04-14,Sunday,KHANH_HOA,473105,64599,07357,74158,70097,70016,40689,41806,42586,58812,54266,52441,0365,8557,0923,3565,351,01,d5dc138fb69cbe63,https://xoso.com.vn/xsmt-14-04-2024.html,OK
2024-04-14,Sunday,KON_TUM,270022,25568,59686,27122,86964,71136,97286,55146,23941,69310,23713,38784,0328,0851,2622,4416,261,86,04f1795e67cbbec6,https://xoso.com.vn/xsmt-14-04-2024.html,OK
2024-04-15,Monday,HUE,208358,75688,51304,94213,58888,47148,79999,49213,22807,48046,93799,30152,7922,6946,6400,6351,292,13,d0c4f14e5e6fae0a,https://xoso.com.vn/xsmt-15-04-2024.html,OK
2024-04-17,Wednesday,KHANH_HOA,328534,08403,67973,76608,22388,70544,94700,31933,70592,94300,59075,22990,3689,5307,9172,8611,648,31,94ee4ce402022288,https://xoso.com.vn/xsmt-17-04-2024.html,OK
2024-04-21,Sunday,HUE,985186,54959,22887,81107,90065,57415,58741,58449,35031,45964,94550,72926,0839,9222,5074,0639,059,03,4c9a60c7525406e8,https://xoso.com.vn/xsmt-21-04-2024.html,OK
2024-04-21,Sunday,KHANH_HOA,615582,08666,56741,53015,79895,61471,42185,72739,39051,63788,42453,49378,6122,0503,5307,4010,145,71,3b1008c08c3db4ac,https://xoso.com.vn/xsmt-21-04-2024.html,OK
2024-04-21,Sunday,KON_TUM,735295,39427,56022,04426,86261,99416,49944,80354,41746,87940,32612,06792,1813,2137,1699,5360,864,48,c5965b9df402bca2,https://xoso.com.vn/xsmt-21-04-2024.html,OK
2024-04-22,Monday,HUE,421244,74319,43752,96845,91923,34882,55876,29781,82609,02752,92182,25217,4909,1729,6476,0428,517,57,97a2619b59bb3683,https://xoso.com.vn/xsmt-22-04-2024.html,OK
2024-04-24,Wednesday,KHANH_HOA,862862,37738,49955,31764,93711,24797,69979,61652,52893,92653,03905,88137,0263,8059,1121,8406,463,05,17a4c4b1a0b64a30,https://xoso.com.vn/xsmt-24-04-2024.html,OK
2024-04-28,Sunday,HUE,645478,90731,98934,41302,17205,85199,32981,07262,27351,66376,57914,43806,5510,3379,6745,1788,367,99,bd47a6537de48d10,https://xoso.com.vn/xsmt-28-04-2024.html,OK
2024-04-28,Sunday,KHANH_HOA,014259,19874,85874,73119,64036,42835,21521,37930,00826,33550,92100,98962,5194,7221,9368,0733,230,68,15e4cc05beb11f7a,https://xoso.com.vn/xsmt-28-04-2024.html,OK
2024-04-28,Sunday,KON_TUM,905021,97638,83021,32784,24151,26257,70549,09056,96633,35585,94738,50173,9318,2091,0114,8858,787,25,a849b41f494e555f,https://xoso.com.vn/xsmt-28-04-2024.html,OK
2024-04-29,Monday,HUE,983217,00306,02619,58607,68578,87122,44417,27555,37153,95896,74588,17115,0003,3109,6649,3232,833,03,2fcab35b2c652b94,https://xoso.com.vn/xsmt-29-04-2024.html,OK
2024-05-01,Wednesday,KHANH_HOA,846835,41026,93371,76313,74509,20644,99177,77616,98745,53372,24576,70708,6972,0615,5539,6274,823,02,f954619e8574f508,https://xoso.com.vn/xsmt-01-05-2024.html,OK
2024-05-05,Sunday,HUE,942752,81306,67574,29451,20215,04149,71021,60761,79639,27052,43770,85010,2768,2328,3434,2479,464,03,405419016a2640c9,https://xoso.com.vn/xsmt-05-05-2024.html,OK
2024-05-05,Sunday,KHANH_HOA,300892,93932,51587,78645,26516,31542,19625,46707,68415,55146,28062,08743,2433,5891,0155,9660,662,99,f6c6feb102c190b8,https://xoso.com.vn/xsmt-05-05-2024.html,OK
2024-05-05,Sunday,KON_TUM,992050,81902,41357,55215,82410,89749,32671,96938,57247,67019,78784,97178,2616,8549,0719,6344,712,89,30a4db6accaa4d4e,https://xoso.com.vn/xsmt-05-05-2024.html,OK
2024-05-06,Monday,HUE,643466,34087,94928,52964,82007,16852,86399,63155,63208,71169,65552,80855,2105,7586,2026,7012,276,99,60e0ae1f0fa3a64a,https://xoso.com.vn/xsmt-06-05-2024.html,OK
2024-05-08,Wednesday,KHANH_HOA,136971,85209,96078,02666,16854,84856,29929,45998,44405,39904,31729,76944,3755,7080,8393,4653,803,23,66f3ca8f4bd0999c,https://xoso.com.vn/xsmt-08-05-2024.html,OK
2024-05-12,Sunday,HUE,643774,31072,36444,15218,85265,95372,93800,49646,75312,23986,16313,08074,1009,3517,2598,9571,500,80,067a12a514c26faf,https://xoso.com.vn/xsmt-12-05-2024.html,OK
2024-05-12,Sunday,KHANH_HOA,293762,39521,76408,41565,29865,83982,69176,08056,29710,45718,19143,64764,4966,6759,1156,1636,422,42,eeb87ee0e76eb5cc,https://xoso.com.vn/xsmt-12-05-2024.html,OK
2024-05-12,Sunday,KON_TUM,756179,12096,56286,15442,17891,02390,77922,21454,56238,52626,53205,53532,1904,1667,5119,8554,225,23,408c0fefb30803d9,https://xoso.com.vn/xsmt-12-05-2024.html,OK
2024-05-13,Monday,HUE,941762,84587,87666,39837,47361,98980,81357,70272,88941,42974,56165,31277,7379,4297,4184,8988,407,55,9456ef730bd0c9df,https://xoso.com.vn/xsmt-13-05-2024.html,OK
2024-05-15,Wednesday,KHANH_HOA,861225,08006,14039,92375,59315,15214,15989,09343,44446,81217,36222,08386,3127,5479,5582,9976,682,00,714c92c2813b4414,https://xoso.com.vn/xsmt-15-05-2024.html,OK
2024-05-19,Sunday,HUE,979256,85188,99655,93142,44156,43607,69026,64172,40506,65931,77720,00746,6295,8325,7038,7818,065,45,db6bafee23e2dc87,https://xoso.com.vn/xsmt-19-05-2024.html,OK
2024-05-19,Sunday,KHANH_HOA,298117,15570,38556,58839,94058,75272,79848,81975,67348,91011,67044,00610,3538,7919,3574,2056,425,39,5774d52b1c7c26a6,https://xoso.com.vn/xsmt-19-05-2024.html,OK
2024-05-19,Sunday,KON_TUM,839184,49802,14112,89275,95067,39615,41186,17274,56183,08029,72406,22188,9792,7090,6133,8510,573,06,583924ef44653189,https://xoso.com.vn/xsmt-19-05-2024.html,OK
2024-05-20,Monday,HUE,054991,65869,94924,07107,87710,53544,85692,72355,98587,70963,64750,71274,7389,3013,4086,4063,752,70,c64cb5d0540a02e0,https://xoso.com.vn/xsmt-20-05-2024.html,OK
2024-05-22,Wednesday,KHANH_HOA,890557,38925,30175,14607,73089,36423,29143,84044,27784,45861,20252,99028,3815,3916,7719,9904,657,01,c79c28960d45efba,https://xoso.com.vn/xsmt-22-05-2024.html,OK
2024-05-26,Sunday,HUE,306035,88351,99145,16117,01829,11583,87566,76870,30662,53813,12241,67032,0956,1484,7258,6490,157,57,a0465b05295b647c,https://xoso.com.vn/xsmt-26-05-2024.html,OK
2024-05-26,Sunday,KHANH_HOA,051987,83429,85452,02839,96116,98918,21097,92334,65407,28483,25384,85512,8751,5196,3481,3243,285,79,a23db63c8960d22b,https://xoso.com.vn/xsmt-26-05-2024.html,OK
2024-05-26,Sunday,KON_TUM,255020,44949,90756,74690,21801,70172,81041,41556,25685,11900,25330,31356,6215,3776,6702,5742,405,36,8c96aeb0190ca15d,https://xoso.com.vn/xsmt-26-05-2024.html,OK
2024-05-27,Monday,HUE,709514,81650,56265,22245,46451,28384,96240,70844,33107,31976,97097,58841,7265,4588,3163,5918,782,67,c617ceed0efcbb4b,https://xoso.com.vn/xsmt-27-05-2024.html,OK
2024-05-29,Wednesday,KHANH_HOA,749809,16049,18628,26127,63914,35202,36593,77991,11864,21473,49762,15619,8944,9329,2274,5079,552,21,0a7cea2759f3423e,https://xoso.com.vn/xsmt-29-05-2024.html,OK
2024-06-02,Sunday,HUE,356024,85768,04812,82225,54440,00848,52355,64931,06979,65851,52336,06426,4437,2660,2462,4712,500,75,7b90ce2f31cc3bdd,https://xoso.com.vn/xsmt-02-06-2024.html,OK
2024-06-02,Sunday,KHANH_HOA,084132,55513,61804,58346,75275,28421,40072,95592,37620,68406,76710,05247,8751,9123,8720,3539,422,34,5e5fc1590b8e5109,https://xoso.com.vn/xsmt-02-06-2024.html,OK
2024-06-02,Sunday,KON_TUM,107816,84990,27580,22618,08378,30663,57355,42443,18509,12059,42552,27199,3984,5624,7222,3866,565,12,3a4085fe7ecd404f,https://xoso.com.vn/xsmt-02-06-2024.html,OK
2024-06-03,Monday,HUE,649207,90677,01202,39881,92851,41331,74787,86423,56834,98585,10765,05755,0589,9640,4445,1649,060,98,4be4ec13fa0da0e6,https://xoso.com.vn/xsmt-03-06-2024.html,OK
2024-06-05,Wednesday,KHANH_HOA,206039,76366,20908,13038,94150,45677,27647,42031,16608,45285,53304,48394,4769,3195,1167,0278,418,98,85a7dbff9430dc25,https://xoso.com.vn/xsmt-05-06-2024.html,OK
2024-06-09,Sunday,HUE,831147,46362,79776,16146,74631,45378,49024,56169,77816,37384,81754,84948,3049,5174,4831,7900,601,80,32b04125da62d2a4,https://xoso.com.vn/xsmt-09-06-2024.html,OK
2024-06-09,Sunday,KHANH_HOA,720703,68310,62907,87560,34287,88096,09398,75555,68340,44903,34139,53589,2747,0050,8918,5702,937,22,1b659fcd3ae7667a,https://xoso.com.vn/xsmt-09-06-2024.html,OK
2024-06-09,Sunday,KON_TUM,083627,95420,44509,72412,13051,40123,53086,59401,07225,98093,80233,14566,4655,5730,3203,8573,726,74,b276fb2d95b5ab8e,https://xoso.com.vn/xsmt-09-06-2024.html,OK
2024-06-10,Monday,HUE,461491,18803,03817,68183,98232,15063,16843,29030,02831,52710,36697,88189,6686,7409,8934,3923,114,40,71211e7409556f4e,https://xoso.com.vn/xsmt-10-06-2024.html,OK
2024-06-12,Wednesday,KHANH_HOA,268689,04189,78547,50957,41738,45383,48590,51721,94444,22781,75101,81247,8414,5443,6402,7710,657,78,2544f763d03ddf65,https://xoso.com.vn/xsmt-12-06-2024.html,OK
2024-06-16,Sunday,HUE,756893,70700,01575,57410,75164,53723,42624,67789,22819,41297,11693,14027,8687,7291,9110,4347,913,65,d2afd6167ff35631,https://xoso.com.vn/xsmt-16-06-2024.html,OK
2024-06-16,Sunday,KHANH_HOA,168831,88134,37145,43477,49775,73401,12082,61136,51238,71154,11014,74719,4876,2633,6973,9013,620,42,288c76ebc61550bf,https://xoso.com.vn/xsmt-16-06-2024.html,OK
2024-06-16,Sunday,KON_TUM,798207,27672,41847,14644,39315,25171,47526,43781,48575,23629,76916,89818,3378,5343,3045,4773,156,15,996b74ad8265d7cb,https://xoso.com.vn/xsmt-16-06-2024.html,OK
2024-06-17,Monday,HUE,208827,88849,01208,85797,94559,39019,23255,94294,90867,33123,64482,36597,4272,7116,3647,1460,928,32,e7945a49e1867a0b,https://xoso.com.vn/xsmt-17-06-2024.html,OK
2024-06-19,Wednesday,KHANH_HOA,290340,19828,87584,07712,31442,49538,50361,69124,03791,73475,85951,34984,2788,2006,0062,5217,630,97,43f85b8cee532832,https://xoso.com.vn/xsmt-19-06-2024.html,OK
2024-06-23,Sunday,HUE,670765,81206,24257,67768,76144,90344,26598,87213,50591,17020,50922,43025,7066,6005,3771,8104,615,97,05b84e287d791b09,https://xoso.com.vn/xsmt-23-06-2024.html,OK
2024-06-23,Sunday,KHANH_HOA,019015,31961,53703,93424,81808,43079,74695,68343,40928,85151,01364,11342,1688,5364,4922,7534,861,48,cdec9bdde461518a,https://xoso.com.vn/xsmt-23-06-2024.html,OK
2024-06-23,Sunday,KON_TUM,515771,80664,71362,81995,85677,19715,17800,68563,37186,11290,46575,70531,8646,3832,7772,5312,134,16,fad5dd4f263d4e56,https://xoso.com.vn/xsmt-23-06-2024.html,OK
2024-06-24,Monday,HUE,442394,17380,33681,75836,73803,52905,98639,96674,53911,33094,20402,84154,7000,6037,1930,8620,665,04,30b34f678c3f72e6,https://xoso.com.vn/xsmt-24-06-2024.html,OK
2024-06-26,Wednesday,KHANH_HOA,855306,46460,62399,70467,47672,84922,31546,89836,87355,54897,93146,89992,1284,0358,0972,1455,233,25,7f8bc373c809ed59,https://xoso.com.vn/xsmt-26-06-2024.html,OK
2024-06-30,Sunday,HUE,679901,89490,95701,29501,62083,01960,56237,89585,58300,46813,84751,03903,9140,4663,6341,8130,793,49,97aa450c63e00fc7,https://xoso.com.vn/xsmt-30-06-2024.html,OK
2024-06-30,Sunday,KHANH_HOA,204068,65734,63237,04775,98633,55145,06842,49119,15160,53200,46667,50065,3092,7392,8453,4011,820,37,0126ef4f8f34fdea,https://xoso.com.vn/xsmt-30-06-2024.html,OK
2024-06-30,Sunday,KON_TUM,373746,30608,95143,06779,36570,97452,16882,41592,03396,33152,48296,58263,5070,0772,5164,2182,436,44,c2e5a62b05d0f198,https://xoso.com.vn/xsmt-30-06-2024.html,OK
2024-07-01,Monday,HUE,459623,13262,77016,65787,28256,89888,49599,10534,28082,09494,21404,97610,6078,8007,5668,8187,375,19,1a6d8dd4f8182611,https://xoso.com.vn/xsmt-01-07-2024.html,OK
2024-07-03,Wednesday,KHANH_HOA,300596,10122,58413,65063,98305,93632,64746,04073,09011,28883,51624,89831,8459,2726,4775,9684,306,21,5460e39c5370903c,https://xoso.com.vn/xsmt-03-07-2024.html,OK
2024-07-07,Sunday,HUE,188588,67759,69394,90278,79977,14272,58169,44394,72203,77500,35739,66045,4969,4062,4681,7162,116,65,f2d7eee41403e786,https://xoso.com.vn/xsmt-07-07-2024.html,OK
2024-07-07,Sunday,KHANH_HOA,268289,44544,33377,00148,00640,53158,29496,71820,57103,50862,94556,25681,7606,9658,9658,3767,555,36,27b23ad17057c8d9,https://xoso.com.vn/xsmt-07-07-2024.html,OK
2024-07-07,Sunday,KON_TUM,649329,17770,99190,37914,86546,88979,86551,82046,96765,42435,05667,31855,7862,2307,9698,5041,883,57,93bc9070bd027aed,https://xoso.com.vn/xsmt-07-07-2024.html,OK
2024-07-08,Monday,HUE,778965,10538,77483,21643,19676,25500,11582,09826,77595,62097,37125,47805,7128,3558,7980,0854,714,11,fb66ed7399724d73,https://xoso.com.vn/xsmt-08-07-2024.html,OK
2024-07-10,Wednesday,KHANH_HOA,473146,61105,65235,08893,36465,05815,92995,53537,59634,69976,86489,14576,5273,4241,1194,2134,738,26,d4cdfa4411cd0a01,https://xoso.com.vn/xsmt-10-07-2024.html,OK
2024-07-14,Sunday,HUE,726892,39854,18918,11131,61001,49969,02736,03861,82203,96183,63893,20075,9251,7234,7432,7916,602,08,111c454f1325b879,https://xoso.com.vn/xsmt-14-07-2024.html,OK
2024-07-14,Sunday,KHANH_HOA,530557,83216,08096,15516,27197,31590,59192,31359,22843,35641,09772,84411,2155,8861,0103,7238,253,11,183c4c3457d93550,https://xoso.com.vn/xsmt-14-07-2024.html,OK
2024-07-14,Sunday,KON_TUM,017421,48632,44559,06015,72018,00439,23829,71790,19444,44868,23431,67932,1794,4483,2419,4208,286,08,27c7735b3c305dd9,https://xoso.com.vn/xsmt-14-07-2024.html,OK
2024-07-15,Monday,HUE,979599,89510,75739,87857,34155,61296,15621,95607,02778,05610,70958,54997,8638,8920,0048,4221,523,21,87a05faf8f221c4a,https://xoso.com.vn/xsmt-15-07-2024.html,OK
2024-07-17,Wednesday,KHANH_HOA,074387,00497,80627,13979,71713,66806,28271,63435,10298,08799,89829,39584,9233,2062,7964,6373,395,98,bcd1f4899512ba0e,https://xoso.com.vn/xsmt-17-07-2024.html,OK
2024-07-21,Sunday,HUE,031897,42203,57825,22501,58654,85704,86566,07882,71179,89298,87018,41895,2657,7224,4469,4986,279,42,dd99032a70facce1,https://xoso.com.vn/xsmt-21-07-2024.html,OK
2024-07-21,Sunday,KHANH_HOA,465951,75397,15282,15542,05979,30252,77982,55493,20999,66023,88202,21091,7230,7673,0779,6808,284,90,a0a7a87966a00035,https://xoso.com.vn/xsmt-21-07-2024.html,OK
2024-07-21,Sunday,KON_TUM,665774,51498,14248,62488,17171,25618,81287,71464,01139,92659,02229,45907,9874,3232,7272,4977,100,71,0706531986107dbf,https://xoso.com.vn/xsmt-21-07-2024.html,OK
2024-07-22,Monday,HUE,651413,05382,89767,14783,28095,81402,40434,63751,44290,65546,90913,33937,6258,5645,1106,2185,927,39,02e4bb9dee7790e6,https://xoso.com.vn/xsmt-22-07-2024.html,OK
2024-07-24,Wednesday,KHANH_HOA,840895,70430,73132,13366,29308,84666,35379,68893,30255,79626,98855,21671,9372,2176,4879,1469,073,26,b52761b84d96ef83,https://xoso.com.vn/xsmt-24-07-2024.html,OK
2024-07-28,Sunday,HUE,842821,71557,56757,12875,63098,81871,43261,43335,49439,05856,94144,70063,9157,0275,5113,8931,936,48,6fdd63e7d4c83162,https://xoso.com.vn/xsmt-28-07-2024.html,OK
2024-07-28,Sunday,KHANH_HOA,965222,91629,30773,22809,90792,56223,58548,49964,59013,25786,69147,14352,9535,7168,2715,1475,283,88,c08f22cbcfbbcb79,https://xoso.com.vn/xsmt-28-07-2024.html,OK
2024-07-28,Sunday,KON_TUM,081151,77331,49567,20118,33242,14561,06404,58993,10012,33603,79580,75502,6898,6144,1309,9643,603,69,0a59a876a080379c,https://xoso.com.vn/xsmt-28-07-2024.html,OK
2024-07-29,Monday,HUE,118741,27507,52006,74375,00320,03654,93252,69764,31617,02092,27692,33822,7538,6820,2265,3963,358,73,8425154bd69dd6b3,https://xoso.com.vn/xsmt-29-07-2024.html,OK
2024-07-31,Wednesday,KHANH_HOA,004781,03190,85177,49447,41090,03065,06112,85561,95070,27683,15678,96621,8649,3534,0188,3398,698,36,3f46b73f6fa91e95,https://xoso.com.vn/xsmt-31-07-2024.html,OK
2024-08-04,Sunday,HUE,200674,52044,45187,03038,71290,20863,33963,12977,97096,77926,53401,82857,6277,7929,6957,8412,412,89,c6a1451cce10b007,https://xoso.com.vn/xsmt-04-08-2024.html,OK
2024-08-04,Sunday,KHANH_HOA,789860,47634,16610,18617,36482,46784,78030,95178,69603,28331,74576,54065,7439,0278,2369,6387,919,40,cb13eb58c8af7bb2,https://xoso.com.vn/xsmt-04-08-2024.html,OK
2024-08-04,Sunday,KON_TUM,621104,57120,01701,73300,19080,93920,70269,34868,24199,07673,52346,87936,2748,0920,4802,9682,397,31,c695c0b01a3d98d9,https://xoso.com.vn/xsmt-04-08-2024.html,OK
2024-08-05,Monday,HUE,751830,41902,06167,97361,62123,38529,57927,93622,34392,66279,18877,78991,4450,4544,8236,4782,333,04,94ada76e6da29e47,https://xoso.com.vn/xsmt-05-08-2024.html,OK
2024-08-07,Wednesday,KHANH_HOA,701722,40848,70507,23817,88962,86979,78184,63711,92970,29486,53733,71379,4731,7244,5002,8988,467,61,68239e38372efc98,https://xoso.com.vn/xsmt-07-08-2024.html,OK
2024-08-11,Sunday,HUE,830265,47839,71421,08280,08886,92768,33344,62187,05344,34869,77371,10557,5737,6105,8012,3361,089,45,ce356412e35210a2,https://xoso.com.vn/xsmt-11-08-2024.html,OK
2024-08-11,Sunday,KHANH_HOA,282354,58285,36996,28962,90873,11460,53854,86230,17846,92498,31287,21871,1288,5288,3391,9707,073,20,1f5a818450e0cb55,https://xoso.com.vn/xsmt-11-08-2024.html,OK
2024-08-11,Sunday,KON_TUM,953077,95245,39719,19890,61368,35108,44719,31372,68669,10073,67844,58568,3286,6409,3424,8490,372,04,7163b240c95b5584,https://xoso.com.vn/xsmt-11-08-2024.html,OK
2024-08-12,Monday,HUE,741432,63255,36028,19648,87946,97194,26306,80805,08411,82503,68147,99426,9224,2826,3721,6362,924,24,9522f6f8a6896112,https://xoso.com.vn/xsmt-12-08-2024.html,OK
2024-08-14,Wednesday,KHANH_HOA,216727,29126,99551,25260,50965,45830,45548,16285,72263,89345,85632,13447,6529,9250,0050,9418,655,58,c3bf4ae402edf45f,https://xoso.com.vn/xsmt-14-08-2024.html,OK
2024-08-18,Sunday,HUE,480833,26523,72767,02914,54157,23386,95388,33663,11799,22177,79527,12173,9182,8995,7809,0900,081,37,dfa7d59a1969aa9c,https://xoso.com.vn/xsmt-18-08-2024.html,OK
2024-08-18,Sunday,KHANH_HOA,703638,40973,89308,00842,82669,67533,44125,94082,53995,53886,85196,92864,9615,6958,3941,3424,092,71,77a480919473cc73,https://xoso.com.vn/xsmt-18-08-2024.html,OK
2024-08-18,Sunday,KON_TUM,913724,52289,73165,12739,60311,40625,17401,03721,77640,21123,57055,92025,1303,5525,7499,9123,273,06,f9b6cbd2157a1ef3,https://xoso.com.vn/xsmt-18-08-2024.html,OK
2024-08-19,Monday,HUE,732013,49780,92372,87891,15453,89324,98835,13657,29494,91296,04535,65644,6488,5422,2173,7821,209,43,a8acce07a7523a4f,https://xoso.com.vn/xsmt-19-08-2024.html,OK
2024-08-21,Wednesday,KHANH_HOA,295291,11838,12576,87090,02444,63892,94469,07699,56812,00992,79969,81685,7118,2306,6729,2629,209,10,47f8a7b21d925328,https://xoso.com.vn/xsmt-21-08-2024.html,OK
2024-08-25,Sunday,HUE,072479,72648,06292,00756,78079,87770,89890,28772,38938,64514,85137,62802,0244,1133,2578,5314,584,82,501d5425865f1d8d,https://xoso.com.vn/xsmt-25-08-2024.html,OK
2024-08-25,Sunday,KHANH_HOA,187633,40857,70081,59762,80353,08255,19068,13784,59879,46773,72010,54844,9626,4740,2514,0877,120,47,e2f9416ff0ff1ca4,https://xoso.com.vn/xsmt-25-08-2024.html,OK
2024-08-25,Sunday,KON_TUM,491942,14392,59913,86116,52037,48141,24744,53552,66182,78284,36256,43093,3779,6176,2239,4209,589,92,b3e5c4c86e85c39c,https://xoso.com.vn/xsmt-25-08-2024.html,OK
2024-08-26,Monday,HUE,015561,23211,91197,12498,61630,78846,51018,72817,22129,73189,38531,36145,3210,2839,3073,0133,737,97,ef6f2ef7e86544ae,https://xoso.com.vn/xsmt-26-08-2024.html,OK
2024-08-28,Wednesday,KHANH_HOA,642386,25728,97738,75820,36201,63974,94487,71635,65943,26912,51731,66987,0813,0826,7539,9694,617,43,a61346872d2eb55a,https://xoso.com.vn/xsmt-28-08-2024.html,OK
2024-09-01,Sunday,HUE,928354,52664,00249,25679,08537,47195,75211,10524,36865,36699,86543,85200,9219,7297,5625,3102,803,66,c98c25877c2d3077,https://xoso.com.vn/xsmt-01-09-2024.html,OK
2024-09-01,Sunday,KHANH_HOA,355094,93132,47413,00198,44431,44769,65547,20972,83451,30871,59375,52472,3757,8489,5155,6852,057,42,9b8c8e086fa9e86b,https://xoso.com.vn/xsmt-01-09-2024.html,OK
2024-09-01,Sunday,KON_TUM,001858,02457,27819,13802,86142,85765,23900,03940,15520,08195,03874,48906,4123,0702,4143,2807,937,75,743660a9dd58eb8c,https://xoso.com.vn/xsmt-01-09-2024.html,OK
2024-09-02,Monday,HUE,735605,03626,21058,55264,08851,98339,31569,77016,53146,06749,87323,55097,3035,8037,3473,1528,719,38,159de5db11674198,https://xoso.com.vn/xsmt-02-09-2024.html,OK
2024-09-04,Wednesday,KHANH_HOA,126015,06869,68941,18996,12403,22228,17476,00347,94037,91901,99073,02621,9451,7192,2586,7558,033,95,b08876f7b38ecf8c,https://xoso.com.vn/xsmt-04-09-2024.html,OK
2024-09-08,Sunday,HUE,332069,25612,26241,00441,02636,79217,88752,01128,38198,79860,24851,56426,3186,7695,2437,4842,487,34,23123013e8f95a89,https://xoso.com.vn/xsmt-08-09-2024.html,OK
2024-09-08,Sunday,KHANH_HOA,616209,91512,90125,53741,25120,56562,42346,00001,65135,11444,90930,23254,7322,5315,9940,7812,977,77,c58e66940dbc2326,https://xoso.com.vn/xsmt-08-09-2024.html,OK
2024-09-08,Sunday,KON_TUM,130907,62116,87295,67612,10703,37930,70255,45536,51707,60925,68762,67603,6157,7978,5475,0040,499,77,43c45999d8cffe84,https://xoso.com.vn/xsmt-08-09-2024.html,OK
2024-09-09,Monday,HUE,391389,63275,48221,59512,27525,80571,13215,35642,20651,09597,53118,55339,8797,5291,8216,0698,647,49,243e42bfed3f37aa,https://xoso.com.vn/xsmt-09-09-2024.html,OK
2024-09-11,Wednesday,KHANH_HOA,146986,39804,48462,90874,36844,64830,69355,69629,82587,53417,28575,41540,9883,9357,2718,0004,110,23,c07ccb05fd6d5ed7,https://xoso.com.vn/xsmt-11-09-2024.html,OK
2024-09-15,Sunday,HUE,942153,05977,11544,58380,46578,81527,55218,90502,82025,01898,42935,12849,5563,7977,7652,1968,388,42,c527d400d2015168,https://xoso.com.vn/xsmt-15-09-2024.html,OK
2024-09-15,Sunday,KHANH_HOA,683737,74009,07736,44629,24166,46922,12736,86536,25797,45380,99585,90460,6908,1608,2350,0509,139,58,ac8d7b1eb7f73bc3,https://xoso.com.vn/xsmt-15-09-2024.html,OK
2024-09-15,Sunday,KON_TUM,601281,34965,62812,65536,81865,36302,88201,12216,61601,70111,42499,52784,6239,1093,3050,2116,702,11,edf27f8163996161,https://xoso.com.vn/xsmt-15-09-2024.html,OK
2024-09-16,Monday,HUE,393278,59469,47680,86179,51225,20317,95677,67422,52177,11834,50258,11163,8666,9654,9029,2008,823,10,3f0cefcada87b1c1,https://xoso.com.vn/xsmt-16-09-2024.html,OK
2024-09-18,Wednesday,KHANH_HOA,258782,98366,49553,86507,28803,53695,85635,03015,05915,08053,08588,06736,3794,7133,3591,8883,917,27,431a7447dc5eac42,https://xoso.com.vn/xsmt-18-09-2024.html,OK
2024-09-22,Sunday,HUE,448925,52230,03386,55585,01945,10473,11059,35644,18299,74261,45936,03714,4992,4134,5022,3424,992,36,420a32122e842f9b,https://xoso.com.vn/xsmt-22-09-2024.html,OK
2024-09-22,Sunday,KHANH_HOA,297118,35455,00545,13124,43093,84128,85454,65066,71625,37110,42863,24336,7035,4399,2704,5678,020,29,71ac4dd8454d06b5,https://xoso.com.vn/xsmt-22-09-2024.html,OK
2024-09-22,Sunday,KON_TUM,433672,04569,07922,71082,29548,12078,67304,49729,81845,74613,63448,87102,9084,7589,1669,5349,282,12,2567ce402641f8ee,https://xoso.com.vn/xsmt-22-09-2024.html,OK
2024-09-23,Monday,HUE,813119,59659,60956,56052,43217,29971,66273,72144,18699,54746,34067,03591,1928,6420,7197,0930,862,16,bf8e55b74e399ecd,https://xoso.com.vn/xsmt-23-09-2024.html,OK
2024-09-25,Wednesday,KHANH_HOA,455093,44936,46553,94465,59018,61264,24389,53699,06335,60067,11244,76367,8431,3365,6833,3957,569,33,f03ae3d1f55f33de,https://xoso.com.vn/xsmt-25-09-2024.html,OK
2024-09-29,Sunday,HUE,509044,26811,68615,54536,29142,74984,08230,24714,31810,39732,43585,58586,7532,6531,8349,1469,054,15,b0fc7c4a2d99d55f,https://xoso.com.vn/xsmt-29-09-2024.html,OK
2024-09-29,Sunday,KHANH_HOA,854940,29487,70333,05428,21901,58635,75684,86004,84239,03496,87118,96408,4597,9094,7905,9900,323,20,618e281bfc0a3d8b,https://xoso.com.vn/xsmt-29-09-2024.html,OK
2024-09-29,Sunday,KON_TUM,978865,03128,20465,93966,56534,10888,50584,77307,04636,47657,21060,27689,6462,9343,5304,6677,841,67,c7c2dc9acfc016f1,https://xoso.com.vn/xsmt-29-09-2024.html,OK
2024-09-30,Monday,HUE,474746,71651,49530,25784,20747,81930,90853,31042,69971,55405,93322,00696,7300,7376,7709,9555,044,71,d3de81adaba02450,https://xoso.com.vn/xsmt-30-09-2024.html,OK
2024-10-02,Wednesday,KHANH_HOA,193108,52656,78347,83161,53810,63298,74642,42548,30811,17000,66891,25437,1623,2503,7949,1766,911,59,e155622622299913,https://xoso.com.vn/xsmt-02-10-2024.html,OK
2024-10-06,Sunday,HUE,025694,82964,90088,58887,83127,39007,96164,21502,09813,41699,12633,83664,4711,7816,0862,0723,741,13,65cc29307e2dd3d4,https://xoso.com.vn/xsmt-06-10-2024.html,OK
2024-10-06,Sunday,KHANH_HOA,905378,74051,49727,30664,00146,34332,17771,27005,06299,84680,12282,77033,1229,7878,2680,8094,070,10,af864bb385c3896f,https://xoso.com.vn/xsmt-06-10-2024.html,OK
2024-10-06,Sunday,KON_TUM,641400,55955,56500,56986,85035,31205,11938,81391,14305,21654,31162,24690,2459,1817,1333,9901,076,17,3be006aff076060b,https://xoso.com.vn/xsmt-06-10-2024.html,OK
2024-10-07,Monday,HUE,021412,07317,59063,90757,49957,98278,44763,91287,46520,34496,24238,15952,7624,5777,4116,1087,207,01,1ee495bad93db635,https://xoso.com.vn/xsmt-07-10-2024.html,OK
2024-10-09,Wednesday,KHANH_HOA,932806,90493,42216,91118,12653,56067,80221,99938,95065,88644,16725,90948,5374,4959,0828,8780,917,35,08109a975bcec206,https://xoso.com.vn/xsmt-09-10-2024.html,OK
2024-10-13,Sunday,HUE,491090,30352,13577,93246,47775,17967,14680,11757,78499,56034,47474,69080,6395,7637,4491,3409,651,56,dc5d72b71fc8f655,https://xoso.com.vn/xsmt-13-10-2024.html,OK
2024-10-13,Sunday,KHANH_HOA,102182,43574,52830,77377,18774,33879,32074,34053,11993,42308,53208,55781,2827,7530,0665,3503,520,76,b96e1f3b461b352d,https://xoso.com.vn/xsmt-13-10-2024.html,OK
2024-10-13,Sunday,KON_TUM,275950,91578,16511,45097,90515,51962,45405,01063,53855,74518,59196,16279,9525,6814,3308,0491,284,98,cd489587ff8a4950,https://xoso.com.vn/xsmt-13-10-2024.html,OK
2024-10-14,Monday,HUE,386552,97595,80048,94734,32999,74464,03611,20031,88447,98461,48671,24039,8476,0262,4629,7874,665,76,8ba5b918f216523c,https://xoso.com.vn/xsmt-14-10-2024.html,OK
2024-10-16,Wednesday,KHANH_HOA,322496,08506,91790,57705,70833,53951,15311,50677,56561,07837,41598,93151,3540,6750,8359,6441,143,51,9886b7a2ff04e2eb,https://xoso.com.vn/xsmt-16-10-2024.html,OK
2024-10-20,Sunday,HUE,026275,78445,97714,69230,37993,92585,53616,74084,10705,35409,72719,37554,5214,6356,9186,8351,264,79,e4de0e766225c6a0,https://xoso.com.vn/xsmt-20-10-2024.html,OK
2024-10-20,Sunday,KHANH_HOA,853766,23018,67489,50080,26042,46907,10519,04154,67179,82013,32671,80752,0045,5892,5919,2340,301,88,7140e0c0878a0f04,https://xoso.com.vn/xsmt-20-10-2024.html,OK
2024-10-20,Sunday,KON_TUM,080332,50032,89407,91620,53138,62921,89377,72293,49744,90438,91498,86533,1689,8806,2359,6642,631,84,ea70955859282877,https://xoso.com.vn/xsmt-20-10-2024.html,OK
2024-10-21,Monday,HUE,855967,52148,72269,07865,14275,95676,51374,24684,77943,92506,50915,84094,0638,0654,6295,1610,638,54,95f68c3815274c49,https://xoso.com.vn/xsmt-21-10-2024.html,OK
2024-10-23,Wednesday,KHANH_HOA,647225,86046,21548,12316,56289,17341,56318,16072,15220,06422,60770,80853,9152,5339,1151,5731,530,61,b182d0fe24a826f1,https://xoso.com.vn/xsmt-23-10-2024.html,OK
2024-10-27,Sunday,HUE,271494,55824,83534,42691,28062,01155,70690,48963,25475,05867,05302,78108,9257,1866,0738,3086,336,03,bf69b05e3e9aae98,https://xoso.com.vn/xsmt-27-10-2024.html,OK
2024-10-27,Sunday,KHANH_HOA,577483,74754,05020,82286,10965,61605,68574,03426,94249,50672,16638,42039,3684,4376,7715,1159,647,68,0e32bd108b09ae47,https://xoso.com.vn/xsmt-27-10-2024.html,OK
2024-10-27,Sunday,KON_TUM,602156,08277,75779,20237,54793,37613,18906,72337,20754,47695,39585,02912,2453,5384,4591,0556,693,16,e5fe0f73772ae99a,https://xoso.com.vn/xsmt-27-10-2024.html,OK
2024-10-28,Monday,HUE,685419,32958,34961,60159,25073,53962,95449,93361,49171,12435,54740,59178,8368,3858,5784,8741,951,70,976ddc9c52204c60,https://xoso.com.vn/xsmt-28-10-2024.html,OK
2024-10-30,Wednesday,KHANH_HOA,145723,80096,86770,93655,59193,71213,11474,03569,30894,66005,36352,43835,1678,1535,9876,1365,943,68,d06375b70bb3fb18,https://xoso.com.vn/xsmt-30-10-2024.html,OK
2024-11-03,Sunday,HUE,083283,60656,64651,12407,42000,82276,91331,83994,99495,03708,25286,38961,3011,1782,6657,6876,229,61,7eb40b2fa5d1c7b5,https://xoso.com.vn/xsmt-03-11-2024.html,OK
2024-11-03,Sunday,KHANH_HOA,950381,06086,06282,48440,53399,29684,49912,44835,93528,60719,56764,35487,3255,3761,4582,0572,601,62,591678b19d01624d,https://xoso.com.vn/xsmt-03-11-2024.html,OK
2024-11-03,Sunday,KON_TUM,921662,27278,13383,02377,77523,84044,20479,20120,49077,66721,80121,46770,0161,9497,8628,1090,743,15,f4a836b4188fd773,https://xoso.com.vn/xsmt-03-11-2024.html,OK
2024-11-04,Monday,HUE,379343,31564,34140,22708,59457,49537,78864,28006,45375,79467,98692,78126,3226,6257,7113,9260,024,68,09c8284f7c869f89,https://xoso.com.vn/xsmt-04-11-2024.html,OK
2024-11-06,Wednesday,KHANH_HOA,863063,87516,24140,46575,75067,44356,26034,26291,13500,42810,04058,35942,4187,7748,3022,9266,061,33,2248ff13d78865cb,https://xoso.com.vn/xsmt-06-11-2024.html,OK
2024-11-10,Sunday,HUE,246747,32757,58383,41451,15528,28237,67705,02821,49989,61187,52047,65777,8062,4420,8135,3610,361,82,29e67f5a84089d77,https://xoso.com.vn/xsmt-10-11-2024.html,OK
2024-11-10,Sunday,KHANH_HOA,620914,60601,52172,96600,34049,92439,64002,46432,34644,11209,66043,35733,8806,2844,6439,8142,597,29,a421d0dc281322d9,https://xoso.com.vn/xsmt-10-11-2024.html,OK
2024-11-10,Sunday,KON_TUM,783019,95822,47666,75394,75880,82644,89836,32222,21451,45384,29055,32142,1752,2386,3636,4109,973,82,23dbeafddc7338fd,https://xoso.com.vn/xsmt-10-11-2024.html,OK
2024-11-11,Monday,HUE,025976,02750,10165,26045,29266,10243,90377,90826,14010,10441,14104,38094,3872,1460,8804,6731,276,25,9d487ecd9af115ed,https://xoso.com.vn/xsmt-11-11-2024.html,OK
2024-11-13,Wednesday,KHANH_HOA,318229,58304,89685,72631,91602,41805,16442,33093,77104,22938,81494,03398,4099,2369,3216,0054,390,63,ca968f019c24e88d,https://xoso.com.vn/xsmt-13-11-2024.html,OK
2024-11-17,Sunday,HUE,937159,63365,67722,90912,48678,11871,40832,56446,72954,47361,75078,77079,7333,3311,5611,6037,582,39,cb7a48bd1f9c2da0,https://xoso.com.vn/xsmt-17-11-2024.html,OK
2024-11-17,Sunday,KHANH_HOA,082849,42379,81204,43060,72083,31883,17532,96722,58639,12291,94921,89372,3822,8496,9379,6484,567,68,ad142f464c707183,https://xoso.com.vn/xsmt-17-11-2024.html,OK
2024-11-17,Sunday,KON_TUM,126285,49634,73509,43698,75361,16518,87582,30665,26237,41553,25283,90428,7308,9318,2618,4100,296,21,70b5cb087da2910a,https://xoso.com.vn/xsmt-17-11-2024.html,OK
2024-11-18,Monday,HUE,833715,76473,33197,07127,59553,83960,35376,08410,33247,52737,02820,11050,6800,3972,3925,1364,034,78,4e80d58eae33c153,https://xoso.com.vn/xsmt-18-11-2024.html,OK
2024-11-20,Wednesday,KHANH_HOA,451065,54587,76544,49027,18784,79480,42813,24745,15083,27126,50505,65022,9499,0787,3305,2641,670,81,d11f51d58902dad4,https://xoso.com.vn/xsmt-20-11-2024.html,OK
2024-11-24,Sunday,HUE,369412,22749,41687,13060,70169,88199,30235,72704,28500,87869,62675,97399,2495,0888,3347,9744,040,13,0c1df1a2c4961e75,https://xoso.com.vn/xsmt-24-11-2024.html,OK
2024-11-24,Sunday,KHANH_HOA,890780,30279,14276,04615,91319,11083,23605,70809,04908,45043,32430,43027,0784,2516,4571,2537,655,10,0c15a85f8ea80127,https://xoso.com.vn/xsmt-24-11-2024.html,OK
2024-11-24,Sunday,KON_TUM,735091,83293,75819,55561,10117,01853,78683,67344,03220,92244,36434,97160,6296,2671,7935,5262,600,20,4c30cef55f975d11,https://xoso.com.vn/xsmt-24-11-2024.html,OK
2024-11-25,Monday,HUE,312662,11652,74443,54583,03210,14726,32995,35235,73561,74031,92898,39640,9129,9158,9116,9486,645,77,b81416dd32ab5b29,https://xoso.com.vn/xsmt-25-11-2024.html,OK
2024-11-27,Wednesday,KHANH_HOA,999670,21084,59275,52819,30546,13018,56080,22080,75711,11769,06240,79148,0137,8909,0404,3531,144,90,93d7d82d9760295e,https://xoso.com.vn/xsmt-27-11-2024.html,OK
2024-12-01,Sunday,HUE,963226,08230,27550,63468,30008,41093,46051,57371,45199,43940,88133,11120,4456,7567,4195,7059,467,58,915b5f1711a5c997,https://xoso.com.vn/xsmt-01-12-2024.html,OK
2024-12-01,Sunday,KHANH_HOA,139966,94347,11214,80188,64678,62372,28172,79718,65625,12186,65583,12136,4598,9845,0147,6053,140,81,1194190ddae80d30,https://xoso.com.vn/xsmt-01-12-2024.html,OK
2024-12-01,Sunday,KON_TUM,303033,53298,91246,88181,62950,31093,09526,29959,76413,75187,42382,40775,8075,4599,5065,3015,625,46,7dc066148751507b,https://xoso.com.vn/xsmt-01-12-2024.html,OK
2024-12-02,Monday,HUE,229734,78830,23438,54445,16198,13934,54623,88999,87177,91871,98477,53088,4129,0218,6359,8404,050,51,8b3600e9b5a4db52,https://xoso.com.vn/xsmt-02-12-2024.html,OK
2024-12-04,Wednesday,KHANH_HOA,889586,98981,30396,75398,04110,99698,29084,50017,95497,29641,08384,55359,1826,8808,0188,3330,429,07,88457bef929fd623,https://xoso.com.vn/xsmt-04-12-2024.html,OK
2024-12-08,Sunday,HUE,519652,91867,72077,38736,63890,26946,78413,70804,51314,14794,15889,46687,4674,4190,0997,5023,979,27,3622ef969667412f,https://xoso.com.vn/xsmt-08-12-2024.html,OK
2024-12-08,Sunday,KHANH_HOA,595848,16011,34090,58742,66240,43356,46332,94131,56938,09733,10932,54490,2772,2656,4137,8798,625,72,2f093bd2e8a0b870,https://xoso.com.vn/xsmt-08-12-2024.html,OK
2024-12-08,Sunday,KON_TUM,857564,78899,37434,87558,99338,40474,88966,31607,30566,64261,01615,91005,2233,7662,7187,2623,823,77,d0e20e7884350421,https://xoso.com.vn/xsmt-08-12-2024.html,OK
2024-12-09,Monday,HUE,934314,40112,25879,43806,80918,34767,45175,60838,43252,72982,85331,89477,4204,8102,2605,0839,830,89,39a5f0b4c66e55ac,https://xoso.com.vn/xsmt-09-12-2024.html,OK
2024-12-11,Wednesday,KHANH_HOA,261394,91112,63849,06079,10015,32441,40700,80966,96957,32366,87754,81464,8631,7995,0010,7973,440,88,dda15c271879d1bc,https://xoso.com.vn/xsmt-11-12-2024.html,OK
2024-12-15,Sunday,HUE,203545,51779,35583,22605,26787,48897,12777,66904,21788,04182,55389,35946,9276,9866,5919,3916,460,97,2474c9f39751446b,https://xoso.com.vn/xsmt-15-12-2024.html,OK
2024-12-15,Sunday,KHANH_HOA,085943,69054,96954,26636,01122,56302,73709,06402,88910,39759,21396,78416,3603,9241,5228,7228,549,69,cf07ea76fa64fc73,https://xoso.com.vn/xsmt-15-12-2024.html,OK
2024-12-15,Sunday,KON_TUM,172987,51557,64714,98690,73433,34630,99078,27074,22214,11819,10086,90247,5134,4062,6634,5902,427,92,80565fbaa1d21e41,https://xoso.com.vn/xsmt-15-12-2024.html,OK
2024-12-16,Monday,HUE,630159,14816,96263,17504,55331,50446,73372,51048,05654,66166,83906,44070,7171,9522,6182,3763,472,07,3627f6efddbc5610,https://xoso.com.vn/xsmt-16-12-2024.html,OK
2024-12-18,Wednesday,KHANH_HOA,182546,64213,66768,03814,04276,79054,44309,81080,33603,23644,22695,16721,6840,1420,7796,4112,890,26,da91723b7560be47,https://xoso.com.vn/xsmt-18-12-2024.html,OK
2024-12-22,Sunday,HUE,555895,69699,62477,56253,15612,28913,11930,35252,00104,52875,18277,36158,8925,9024,7780,6241,686,37,04d49258ef6fca16,https://xoso.com.vn/xsmt-22-12-2024.html,OK
2024-12-22,Sunday,KHANH_HOA,760556,18327,57480,95033,00048,05748,19488,72922,34207,16025,13024,64961,2816,4898,7408,2735,733,08,b4f4dc171a5e56d5,https://xoso.com.vn/xsmt-22-12-2024.html,OK
2024-12-22,Sunday,KON_TUM,926455,73646,33300,30058,80127,34054,16669,89900,20699,87750,91976,62737,5262,3415,7513,3921,582,86,85138a71dbd39f54,https://xoso.com.vn/xsmt-22-12-2024.html,OK
2024-12-23,Monday,HUE,690327,30462,47325,03426,87058,29184,85441,57848,70227,18411,17486,09196,1058,0631,5716,3796,228,91,6ec0b80c05127504,https://xoso.com.vn/xsmt-23-12-2024.html,OK
2024-12-25,Wednesday,KHANH_HOA,791057,20431,23068,77913,87799,82685,34940,67856,95252,26114,02185,52199,9008,5625,2797,0489,551,10,1c4744236e4e54a5,https://xoso.com.vn/xsmt-25-12-2024.html,OK
2024-12-29,Sunday,HUE,946740,68713,39965,01135,86515,24988,63894,53946,80396,16793,65544,14719,6745,6332,8571,5221,756,81,e7f4422df933cfd6,https://xoso.com.vn/xsmt-29-12-2024.html,OK
2024-12-29,Sunday,KHANH_HOA,608216,86540,62559,38791,37654,84856,58134,39002,33234,17266,61558,02721,6328,6039,3333,4654,010,32,dac20ba8578e4af1,https://xoso.com.vn/xsmt-29-12-2024.html,OK
2024-12-29,Sunday,KON_TUM,145385,84075,03035,21759,46546,77408,16536,91134,86277,18236,45686,21209,9934,6641,0894,3495,398,55,e84fd82677edfa46,https://xoso.com.vn/xsmt-29-12-2024.html,OK
2024-12-30,Monday,HUE,517415,28218,08441,58275,02706,43460,37037,02636,17785,28369,32732,07081,0141,3607,8119,5120,640,28,ef0a983e09d3e686,https://xoso.com.vn/xsmt-30-12-2024.html,OK
2025-01-01,Wednesday,KHANH_HOA,866605,22946,71797,45885,41921,30001,55234,60691,93910,07485,77321,80383,6198,1275,3000,3947,191,67,b47fa61ebc72ba50,https://xoso.com.vn/xsmt-01-01-2025.html,OK
2025-01-05,Sunday,HUE,225784,05047,90077,40580,21616,69628,82188,84460,29461,50914,00942,55931,7988,0760,6320,4642,123,69,a6ff453810f09259,https://xoso.com.vn/xsmt-05-01-2025.html,OK
2025-01-05,Sunday,KHANH_HOA,381413,54024,42182,14752,03472,24038,23519,37168,92816,61728,15609,50904,4625,3295,3104,7045,339,74,1c2f0c19068c34c9,https://xoso.com.vn/xsmt-05-01-2025.html,OK
2025-01-05,Sunday,KON_TUM,303087,87186,51451,33513,82395,73370,34245,46809,40733,07838,26226,30252,5659,6248,4856,1271,907,31,b2124e9e4de0878f,https://xoso.com.vn/xsmt-05-01-2025.html,OK
2025-01-06,Monday,HUE,106637,95359,67708,95055,31194,22022,84058,93198,31061,84311,88675,56992,8865,7024,3367,5111,412,80,cd3190fa921cc0a7,https://xoso.com.vn/xsmt-06-01-2025.html,OK
2025-01-08,Wednesday,KHANH_HOA,784788,02857,54180,57922,15866,91450,77906,77503,50943,19052,73949,05331,6040,0527,5241,0048,921,82,987b1b13842fbc09,https://xoso.com.vn/xsmt-08-01-2025.html,OK
2025-01-12,Sunday,HUE,584284,28672,46089,34611,72693,77888,37519,20733,13453,14609,63531,89117,4958,6484,2487,5126,294,49,f4ab094c33e329d5,https://xoso.com.vn/xsmt-12-01-2025.html,OK
2025-01-12,Sunday,KHANH_HOA,058023,99020,86151,72556,16529,78147,01746,25397,86073,24156,26753,61804,1613,5842,0891,0709,308,00,7427611dbd1c7817,https://xoso.com.vn/xsmt-12-01-2025.html,OK
2025-01-12,Sunday,KON_TUM,949923,39210,17690,10779,40853,40332,18693,31859,91568,36959,52078,95447,4055,6120,2752,7598,315,15,8ea7d5bc98487e24,https://xoso.com.vn/xsmt-12-01-2025.html,OK
2025-01-13,Monday,HUE,275979,60273,84889,56291,04987,51260,27402,42265,32292,61014,94901,54457,7058,2294,9378,2919,562,58,fff3002829a30ba0,https://xoso.com.vn/xsmt-13-01-2025.html,OK
2025-01-15,Wednesday,KHANH_HOA,657186,90939,21951,99579,25130,95873,43636,34583,79067,67975,40513,26297,8401,8742,4341,6098,586,87,7cbf3fa41196795a,https://xoso.com.vn/xsmt-15-01-2025.html,OK
2025-01-19,Sunday,HUE,391966,14093,35583,43968,59891,14622,60729,66278,51597,17453,37138,15109,3956,5120,4995,7978,372,74,baaf445d349cc0fd,https://xoso.com.vn/xsmt-19-01-2025.html,OK
2025-01-19,Sunday,KHANH_HOA,369244,63709,63348,20208,86779,09272,75170,93518,65575,10316,44966,78240,0713,2173,7758,6887,666,86,490a020abfedf9c6,https://xoso.com.vn/xsmt-19-01-2025.html,OK
2025-01-19,Sunday,KON_TUM,558601,72431,82823,54626,05242,90627,25459,35048,04957,54511,06853,14627,9397,8530,7362,1931,509,72,2ff6248e095423f8,https://xoso.com.vn/xsmt-19-01-2025.html,OK
2025-01-20,Monday,HUE,272717,14628,34186,35079,52408,99210,62590,15756,14476,85419,27732,08950,4856,9385,3048,2056,924,51,cfb0ca613abe3ec8,https://xoso.com.vn/xsmt-20-01-2025.html,OK
2025-01-22,Wednesday,KHANH_HOA,623408,99328,54023,65306,67699,67666,37116,02613,71700,83837,03105,23467,6780,2069,7411,6828,793,21,9f59a62b7e4e503a,https://xoso.com.vn/xsmt-22-01-2025.html,OK
2025-01-26,Sunday,HUE,915305,29928,22677,12870,76114,39158,47830,12738,34912,90308,95653,03643,0577,3033,8847,1923,879,91,f38c6a686b1bd8a4,https://xoso.com.vn/xsmt-26-01-2025.html,OK
2025-01-26,Sunday,KHANH_HOA,957784,86993,92123,08263,87272,68330,24682,13921,37607,39284,68929,61918,9457,5950,6817,0286,011,95,77e8c8ef435655c8,https://xoso.com.vn/xsmt-26-01-2025.html,OK
2025-01-26,Sunday,KON_TUM,310330,58741,00719,72806,11044,80735,27635,50589,54655,47311,21707,93369,4153,0301,4731,2863,883,74,71a7bdf9c851a45f,https://xoso.com.vn/xsmt-26-01-2025.html,OK
2025-01-27,Monday,HUE,868317,24457,72285,54759,33356,95123,59743,87426,94238,36640,23025,70964,3803,4435,4464,6736,738,90,fa5dc1cb45e86d26,https://xoso.com.vn/xsmt-27-01-2025.html,OK
2025-01-29,Wednesday,KHANH_HOA,499562,64245,81781,48758,64513,89158,59533,03240,69429,00621,57781,09174,9111,4903,3277,7868,435,94,9525faa57085b680,https://xoso.com.vn/xsmt-29-01-2025.html,OK
2025-02-02,Sunday,HUE,719970,06149,22994,64715,44884,33515,71928,47263,43265,07711,62631,85622,4371,5235,9042,3346,413,14,319438dcabdc4940,https://xoso.com.vn/xsmt-02-02-2025.html,OK
2025-02-02,Sunday,KHANH_HOA,734583,10576,84696,91947,46757,45283,53044,97653,37162,54733,91062,43318,7104,0808,6278,1161,079,24,c03b41b69e039800,https://xoso.com.vn/xsmt-02-02-2025.html,OK
2025-02-02,Sunday,KON_TUM,169216,91317,99870,42233,60880,19972,72227,88092,34447,24007,53936,99464,9243,4162,3928,9509,088,65,200c2110914513d6,https://xoso.com.vn/xsmt-02-02-2025.html,OK
2025-02-03,Monday,HUE,126808,07691,19351,46165,14310,00849,80482,32490,46720,99198,96829,56262,2668,0863,1176,5418,609,63,c47ba1d495e4933e,https://xoso.com.vn/xsmt-03-02-2025.html,OK
2025-02-05,Wednesday,KHANH_HOA,562636,38572,76284,26116,92833,38609,94862,97458,28437,57119,08567,45542,4584,9258,2415,7858,186,39,a0be7cef04c11d6c,https://xoso.com.vn/xsmt-05-02-2025.html,OK
2025-02-09,Sunday,HUE,965636,72055,63355,37096,11487,52248,81843,12204,38552,29964,53249,56518,6202,9043,5020,3484,117,16,685fc594c8c70d2f,https://xoso.com.vn/xsmt-09-02-2025.html,OK
2025-02-09,Sunday,KHANH_HOA,118869,41464,88720,23896,21193,64649,27524,01420,75023,79358,19833,93541,2384,0326,3086,8378,746,82,61e65d6ca76b904b,https://xoso.com.vn/xsmt-09-02-2025.html,OK
2025-02-09,Sunday,KON_TUM,241605,59853,50482,07109,79741,44126,45069,69136,18032,54367,75913,68081,4388,8005,0353,6266,085,28,23bc1fbf46711ad1,https://xoso.com.vn/xsmt-09-02-2025.html,OK
2025-02-10,Monday,HUE,578142,57819,16982,84326,22245,25137,93368,12500,15125,32696,52049,56595,9328,8651,2323,9194,952,39,4769cb9d0740100b,https://xoso.com.vn/xsmt-10-02-2025.html,OK
2025-02-12,Wednesday,KHANH_HOA,731833,73009,31123,40694,92376,69656,92158,76429,14306,47942,15216,78688,6007,5515,7144,7134,376,24,a5b9ac095d0d76ec,https://xoso.com.vn/xsmt-12-02-2025.html,OK
2025-02-16,Sunday,HUE,265759,77287,29453,76681,27458,58506,99998,07120,77102,71174,73170,85812,9809,2312,2702,3559,368,70,0bbbd00d696f683f,https://xoso.com.vn/xsmt-16-02-2025.html,OK
2025-02-16,Sunday,KHANH_HOA,392530,74783,25621,18368,60228,68961,29539,41490,28512,48305,73541,55326,5271,9787,3936,1092,114,57,bf28c870378d3a89,https://xoso.com.vn/xsmt-16-02-2025.html,OK
2025-02-16,Sunday,KON_TUM,401870,99157,85884,21587,68742,64123,97663,32640,34612,41364,90279,29104,0949,0468,0632,5601,116,47,74175a8b96571cce,https://xoso.com.vn/xsmt-16-02-2025.html,OK
2025-02-17,Monday,HUE,072853,56737,82982,48433,47403,88234,33703,46231,42201,55970,03837,37643,2576,1862,9044,0706,269,13,14d891382e00ea3c,https://xoso.com.vn/xsmt-17-02-2025.html,OK
2025-02-19,Wednesday,KHANH_HOA,874465,02580,99264,17024,05072,02289,30687,83273,00650,61577,94209,72775,9646,4200,7062,9480,671,19,1c944c95191abca6,https://xoso.com.vn/xsmt-19-02-2025.html,OK
2025-02-23,Sunday,HUE,913272,55323,79682,26337,83030,76469,62290,75241,90380,23168,51109,34942,3474,3641,5731,9571,934,34,4dd4524873deb5da,https://xoso.com.vn/xsmt-23-02-2025.html,OK
2025-02-23,Sunday,KHANH_HOA,101247,30825,82642,99247,75422,21455,14927,01759,55137,21554,76255,82713,5789,6173,8118,3298,137,43,b7bf6b457fda8458,https://xoso.com.vn/xsmt-23-02-2025.html,OK
2025-02-23,Sunday,KON_TUM,547319,53868,80415,42328,96558,26492,20735,98340,24630,77053,64447,88403,7430,6435,1274,2614,910,32,3ded81bbe2331cab,https://xoso.com.vn/xsmt-23-02-2025.html,OK
2025-02-24,Monday,HUE,907297,73401,77440,95296,24175,20573,74823,04569,30668,12440,27156,88776,0757,3695,0564,3728,720,45,fc2893b7584032a7,https://xoso.com.vn/xsmt-24-02-2025.html,OK
2025-02-26,Wednesday,KHANH_HOA,849939,60470,05986,81690,13435,56164,61044,43752,95258,19396,06551,99047,9434,5792,6071,6175,447,73,6bc1dacbe4c4c7ae,https://xoso.com.vn/xsmt-26-02-2025.html,OK
2025-03-02,Sunday,HUE,621541,07479,95608,70340,68229,57624,55972,09453,00527,29745,31629,88604,5313,7998,1522,2944,508,09,704e079277d86253,https://xoso.com.vn/xsmt-02-03-2025.html,OK
2025-03-02,Sunday,KHANH_HOA,280890,76754,64127,65533,98042,70998,42116,55417,65873,20655,20861,27046,1697,9686,9239,7969,848,86,9acb345a75d0c2fa,https://xoso.com.vn/xsmt-02-03-2025.html,OK
2025-03-02,Sunday,KON_TUM,631974,89662,96660,43448,04840,09251,18633,75077,45521,66940,05756,73909,2772,3287,2026,6677,973,96,3e621e8710b87dc6,https://xoso.com.vn/xsmt-02-03-2025.html,OK
2025-03-03,Monday,HUE,614419,41847,62766,98175,54318,57486,02612,31197,97546,49897,17728,80733,7753,6985,0292,8113,274,88,046909a7e216794d,https://xoso.com.vn/xsmt-03-03-2025.html,OK
2025-03-05,Wednesday,KHANH_HOA,467902,64269,99218,91658,69799,71088,17987,55494,87476,27550,19977,34463,3588,3373,3791,8377,367,05,190ea64994fae935,https://xoso.com.vn/xsmt-05-03-2025.html,OK
2025-03-09,Sunday,HUE,477216,03745,55744,31740,65100,05705,43597,85901,98421,98208,70568,33412,1803,4559,7099,8161,350,73,43102606b11b6a35,https://xoso.com.vn/xsmt-09-03-2025.html,OK
2025-03-09,Sunday,KHANH_HOA,010529,15528,40632,47894,20904,10558,51093,14672,27471,52171,65338,13869,8908,8415,9498,5908,646,69,87e39543cee35d39,https://xoso.com.vn/xsmt-09-03-2025.html,OK
2025-03-09,Sunday,KON_TUM,655518,13230,63216,99405,97260,47126,75065,43257,86746,94091,62134,09502,3929,6862,3973,4957,544,68,9675cec2140f067c,https://xoso.com.vn/xsmt-09-03-2025.html,OK
2025-03-10,Monday,HUE,008663,66707,72709,53577,13298,97536,47244,84130,84138,27169,43640,49911,3922,5104,5406,0769,327,66,51f2ef6a9b4143e9,https://xoso.com.vn/xsmt-10-03-2025.html,OK
2025-03-12,Wednesday,KHANH_HOA,244349,38369,45716,84488,57246,73171,55284,18364,10832,41773,24271,02089,6076,7190,7710,5532,376,78,a4880a1b87509c72,https://xoso.com.vn/xsmt-12-03-2025.html,OK
2025-03-16,Sunday,HUE,689946,79366,76912,70611,27298,66021,14147,81078,10432,31854,41278,38577,5261,4894,5200,5251,938,34,b49735b6a216fd74,https://xoso.com.vn/xsmt-16-03-2025.html,OK
2025-03-16,Sunday,KHANH_HOA,097725,65255,51010,04207,38666,82912,08671,04007,38777,21427,24678,88213,7179,0090,1275,8137,165,54,af12f56e88bd100e,https://xoso.com.vn/xsmt-16-03-2025.html,OK
2025-03-16,Sunday,KON_TUM,372661,93110,53750,11203,92814,80466,39476,94967,53392,28557,50623,04094,5141,1771,1081,6797,136,11,1df2f8a7ef34f220,https://xoso.com.vn/xsmt-16-03-2025.html,OK
2025-03-17,Monday,HUE,204437,49726,94593,32220,07573,53884,29500,81121,79201,21822,13830,05227,5332,9009,8295,4991,557,53,722148fd60e4aaf1,https://xoso.com.vn/xsmt-17-03-2025.html,OK
2025-03-19,Wednesday,KHANH_HOA,469924,25732,25406,51626,41578,41194,95923,20655,57230,93580,74960,23148,0377,6506,1269,9456,814,07,3e38fd8e0a1578d1,https://xoso.com.vn/xsmt-19-03-2025.html,OK
2025-03-23,Sunday,HUE,491338,35856,67725,17196,10168,05140,14555,69922,47558,74611,09690,63833,7762,6786,6930,4687,130,67,de124f14b30614d4,https://xoso.com.vn/xsmt-23-03-2025.html,OK
2025-03-23,Sunday,KHANH_HOA,847965,81003,15225,77739,03974,48751,08662,33475,70524,53262,44863,94510,8282,0513,3058,2411,150,81,b7904f8f9f846569,https://xoso.com.vn/xsmt-23-03-2025.html,OK
2025-03-23,Sunday,KON_TUM,893513,98330,88236,70791,78986,56287,77569,24452,05137,90267,33025,08875,2951,7640,4309,8039,911,17,52c453c4a8685163,https://xoso.com.vn/xsmt-23-03-2025.html,OK
2025-03-24,Monday,HUE,049708,07056,44624,64034,87491,09255,03987,03697,88103,20877,08893,51497,3197,1147,2657,9857,750,03,05547a31d96261cd,https://xoso.com.vn/xsmt-24-03-2025.html,OK
2025-03-26,Wednesday,KHANH_HOA,070941,78537,73036,28897,08992,68752,05135,55909,61108,11092,99336,23638,7634,1016,0877,7479,099,53,594b7a927fe0df2e,https://xoso.com.vn/xsmt-26-03-2025.html,OK
2025-03-30,Sunday,HUE,858266,13323,88126,90161,75517,34183,58741,88549,32485,76032,44143,20724,4677,3176,4050,7510,851,17,85c16e12a4fdb983,https://xoso.com.vn/xsmt-30-03-2025.html,OK
2025-03-30,Sunday,KHANH_HOA,229641,12547,99492,50274,98634,69975,25973,17853,27369,01374,18985,49164,0070,4139,8982,2096,413,87,3b14aaf60212ce4f,https://xoso.com.vn/xsmt-30-03-2025.html,OK
2025-03-30,Sunday,KON_TUM,794909,60429,37051,87218,07790,42111,05910,35148,25924,67815,65230,41638,3213,0982,0538,1824,724,44,1b3a6de9cad5c9d9,https://xoso.com.vn/xsmt-30-03-2025.html,OK
2025-03-31,Monday,HUE,759609,57239,53337,49996,97485,78809,68858,35189,54809,39132,79523,46279,5596,7009,1439,6418,401,03,31a6a864f8fb5e5b,https://xoso.com.vn/xsmt-31-03-2025.html,OK
2025-04-02,Wednesday,KHANH_HOA,734202,50378,04799,23109,88675,91236,43415,93219,22799,16250,85992,70294,3593,6660,4639,6904,384,96,9bcc49edf55b7f20,https://xoso.com.vn/xsmt-02-04-2025.html,OK
2025-04-06,Sunday,HUE,507136,00389,59960,48063,00484,61121,76365,85578,53515,94512,64352,54352,8009,5833,1219,2967,755,33,7bd06b81d2e08a01,https://xoso.com.vn/xsmt-06-04-2025.html,OK
2025-04-06,Sunday,KHANH_HOA,798289,61420,24711,44577,61260,69404,62790,72526,73091,10157,41943,21612,2085,8424,0119,5414,625,23,7bb85c21df304132,https://xoso.com.vn/xsmt-06-04-2025.html,OK
2025-04-06,Sunday,KON_TUM,709077,37076,84163,26732,44770,06908,82946,94942,41448,23257,73918,43623,6156,6491,9174,1941,658,93,d076d97e805a96f0,https://xoso.com.vn/xsmt-06-04-2025.html,OK
2025-04-07,Monday,HUE,822458,28254,78009,67374,10863,22496,50813,33278,77835,73829,95415,42736,4631,5786,3044,4111,735,91,14b85067b455e26c,https://xoso.com.vn/xsmt-07-04-2025.html,OK
2025-04-09,Wednesday,KHANH_HOA,997212,40784,80024,35388,42954,03076,32079,70074,31378,95047,30033,18079,1540,7290,3741,1993,073,27,a7103572a817e3fe,https://xoso.com.vn/xsmt-09-04-2025.html,OK
2025-04-13,Sunday,HUE,505605,27742,50696,43927,27180,32982,10030,73511,05757,08840,88444,69669,3338,2618,9924,2846,433,07,5002f9b6bb1c8cf1,https://xoso.com.vn/xsmt-13-04-2025.html,OK
2025-04-13,Sunday,KHANH_HOA,922294,60811,44778,10721,91572,48504,09412,45266,65455,36082,72046,74636,4038,0835,4183,6860,789,75,f7df15f76ed06566,https://xoso.com.vn/xsmt-13-04-2025.html,OK
2025-04-13,Sunday,KON_TUM,863759,18127,64081,99356,77228,44166,01950,53669,14269,57919,11677,65450,0592,9854,5798,1707,421,39,06f3cc49637c7059,https://xoso.com.vn/xsmt-13-04-2025.html,OK
2025-04-14,Monday,HUE,200690,47527,04995,54773,97231,65578,29924,36630,99754,40506,17378,39485,7178,3668,9835,4103,318,49,8728356f60e9c45e,https://xoso.com.vn/xsmt-14-04-2025.html,OK
2025-04-16,Wednesday,KHANH_HOA,468623,64830,55134,24327,10093,66819,21329,78286,03490,80485,19605,40432,4533,6014,7825,8627,676,66,7b3fb55b1633a049,https://xoso.com.vn/xsmt-16-04-2025.html,OK
2025-04-20,Sunday,HUE,597035,22978,46540,67076,10625,31775,22065,89119,45127,64199,61893,41679,0080,7115,6239,2458,367,61,814b3ddacbc93481,https://xoso.com.vn/xsmt-20-04-2025.html,OK
2025-04-20,Sunday,KHANH_HOA,584049,40298,83132,38253,83387,04659,54634,88494,12809,96339,36514,22895,7106,2136,5037,5394,790,04,acde89817c835933,https://xoso.com.vn/xsmt-20-04-2025.html,OK
2025-04-20,Sunday,KON_TUM,912392,46620,09490,47211,99567,65791,58406,46335,26692,99351,47974,86056,0793,0262,3289,0278,364,57,9adb61766121641c,https://xoso.com.vn/xsmt-20-04-2025.html,OK
2025-04-21,Monday,HUE,581392,37290,31993,31176,32349,87012,95576,02650,21270,91461,78647,61824,9069,3747,4532,8510,923,87,4c0ba23684ecb65e,https://xoso.com.vn/xsmt-21-04-2025.html,OK
2025-04-23,Wednesday,KHANH_HOA,256823,10471,37215,57777,11824,38719,68251,84155,85848,79467,64487,51518,1626,2763,6670,9943,992,56,9098e86eab7e650d,https://xoso.com.vn/xsmt-23-04-2025.html,OK
2025-04-27,Sunday,HUE,259591,46889,92931,99560,75790,16564,52027,71913,45718,48278,35343,16282,5278,9938,3718,1083,382,52,e11e3dc1254eef80,https://xoso.com.vn/xsmt-27-04-2025.html,OK
2025-04-27,Sunday,KHANH_HOA,104211,10560,08566,59938,74698,74089,28953,89181,91204,42978,02564,47704,1203,9335,7332,0013,097,18,dca8f4849bf23655,https://xoso.com.vn/xsmt-27-04-2025.html,OK
2025-04-27,Sunday,KON_TUM,563279,77324,49571,25986,79187,38400,84159,61826,67749,38637,48116,78049,1850,8330,6289,6240,780,16,2b971ef45bbe5515,https://xoso.com.vn/xsmt-27-04-2025.html,OK
2025-04-28,Monday,HUE,996601,95468,74914,60371,44718,61634,18518,63257,85498,76465,85582,77903,7690,8351,6380,1029,887,23,b360ab4ac4e201d9,https://xoso.com.vn/xsmt-28-04-2025.html,OK
2025-04-30,Wednesday,KHANH_HOA,828672,89692,67837,74772,56831,80837,80292,59230,21570,68318,44043,59774,0904,9319,5532,8408,964,33,744ca334b5439ac9,https://xoso.com.vn/xsmt-30-04-2025.html,OK
2025-05-04,Sunday,HUE,628457,20733,01288,77076,84923,03242,09431,88099,31284,10326,16753,54156,6232,7482,7135,8429,717,90,fc4c0020884c0a20,https://xoso.com.vn/xsmt-04-05-2025.html,OK
2025-05-04,Sunday,KHANH_HOA,490294,52069,01879,17282,41206,33716,94651,94275,14937,78083,81004,61969,8336,8690,5299,0896,307,18,6f8f4d974c395ad1,https://xoso.com.vn/xsmt-04-05-2025.html,OK
2025-05-04,Sunday,KON_TUM,592858,05055,39272,71829,93000,81578,20678,94263,73702,08525,02446,72587,9140,1347,1145,5368,562,14,7b165c14ff04636e,https://xoso.com.vn/xsmt-04-05-2025.html,OK
2025-05-05,Monday,HUE,989107,83303,08301,60715,11143,21170,71364,24388,54972,16684,77293,77639,0212,4397,2491,1054,080,04,cb5407f9df1cb92a,https://xoso.com.vn/xsmt-05-05-2025.html,OK
2025-05-07,Wednesday,KHANH_HOA,736870,05206,54143,53194,66217,75182,48608,99592,75623,46609,20072,39099,6206,6511,8072,3820,066,22,8ffa3eae12abceb1,https://xoso.com.vn/xsmt-07-05-2025.html,OK
2025-05-11,Sunday,HUE,765443,22306,98638,95614,02816,79898,57420,16646,70461,66151,86770,63626,8189,8815,7705,3482,992,15,28a4caa3d5488ca4,https://xoso.com.vn/xsmt-11-05-2025.html,OK
2025-05-11,Sunday,KHANH_HOA,438959,00667,55884,26420,38300,97257,86648,14757,86418,70052,38951,45520,4474,7859,2997,2658,967,41,a9be1378d28b5b4e,https://xoso.com.vn/xsmt-11-05-2025.html,OK
2025-05-11,Sunday,KON_TUM,687159,97752,44110,78230,83333,40232,27630,22196,82373,03807,21999,93786,2157,8978,2615,5201,066,84,2f1691f73cb17499,https://xoso.com.vn/xsmt-11-05-2025.html,OK
2025-05-12,Monday,HUE,124695,21516,25960,33672,93440,01670,16036,94103,00100,84554,94668,46096,5463,6588,3640,3776,809,59,4043f083f5d00ce3,https://xoso.com.vn/xsmt-12-05-2025.html,OK
2025-05-14,Wednesday,KHANH_HOA,778422,25091,85735,78580,01739,04555,35762,88648,13298,36879,34352,85195,0148,2096,3850,2533,879,69,e0623f4601236cc9,https://xoso.com.vn/xsmt-14-05-2025.html,OK
2025-05-18,Sunday,HUE,472311,14167,60754,33784,77482,34911,69132,75999,45637,02006,13281,99217,1555,2227,8741,5075,200,86,a2ca11bc4da7e4d1,https://xoso.com.vn/xsmt-18-05-2025.html,OK
2025-05-18,Sunday,KHANH_HOA,965658,59855,78841,09204,16492,14903,06349,81396,81851,93406,09983,84198,8420,3950,8418,1276,675,12,eded11faf2f89030,https://xoso.com.vn/xsmt-18-05-2025.html,OK
2025-05-18,Sunday,KON_TUM,398563,11570,45839,09418,18326,31928,50532,24947,09529,95999,63167,79763,2497,9710,7752,6614,159,26,cdb6365297f940b0,https://xoso.com.vn/xsmt-18-05-2025.html,OK
2025-05-19,Monday,HUE,430774,30594,12617,50165,01421,24400,22507,91111,92046,19569,00823,90284,9149,1384,0580,9400,662,96,c92083a37d06feb8,https://xoso.com.vn/xsmt-19-05-2025.html,OK
2025-05-21,Wednesday,KHANH_HOA,241867,51631,73730,94343,85570,35644,41336,84180,00604,97663,53061,96465,3236,3884,8703,4550,760,85,8ba8ba7fb3f4955b,https://xoso.com.vn/xsmt-21-05-2025.html,OK
2025-05-25,Sunday,HUE,894504,21272,92147,71705,21689,01069,21721,37767,93560,54589,72908,09737,2045,3953,7007,1638,974,68,b00fe0a4064891df,https://xoso.com.vn/xsmt-25-05-2025.html,OK
2025-05-25,Sunday,KHANH_HOA,336105,94003,15896,13583,96641,91680,55453,58216,09105,70080,60539,85819,7193,6491,1997,1507,237,92,8b2a476b74f54dac,https://xoso.com.vn/xsmt-25-05-2025.html,OK
2025-05-25,Sunday,KON_TUM,213717,85637,38404,42683,16287,43690,38740,53039,22210,42963,85283,75406,1684,5487,7178,3769,532,55,5b09910774739314,https://xoso.com.vn/xsmt-25-05-2025.html,OK
2025-05-26,Monday,HUE,626565,32893,31559,39771,81270,04148,38282,75693,73639,00395,52583,15710,6670,5239,2462,2039,722,06,f04fa88fc277090c,https://xoso.com.vn/xsmt-26-05-2025.html,OK
2025-05-28,Wednesday,KHANH_HOA,928729,36891,38463,07885,25507,14032,40162,75650,95881,11723,68843,95700,4533,6986,6953,5456,585,23,7257d6cfc4b4a686,https://xoso.com.vn/xsmt-28-05-2025.html,OK
2025-06-01,Sunday,HUE,578817,56882,60819,75158,14420,27176,62815,29327,83887,77824,60726,65153,4029,9351,4796,1364,784,64,2e27dbbee310b71f,https://xoso.com.vn/xsmt-01-06-2025.html,OK
2025-06-01,Sunday,KHANH_HOA,372927,10103,94245,18830,80823,64767,68092,18892,30563,36553,54320,73900,3447,2310,0908,5185,341,10,4370589cd0725029,https://xoso.com.vn/xsmt-01-06-2025.html,OK
2025-06-01,Sunday,KON_TUM,737323,12768,27429,57601,54713,65044,49528,37205,65495,42435,80813,31573,2443,6306,4512,2910,206,50,7acaa332c4a489e1,https://xoso.com.vn/xsmt-01-06-2025.html,OK
2025-06-02,Monday,HUE,065234,16103,84424,71012,69733,16726,75375,32729,72070,23244,58782,64235,1826,8182,9565,0925,203,79,deec4d4ac5a2f8ec,https://xoso.com.vn/xsmt-02-06-2025.html,OK
2025-06-04,Wednesday,KHANH_HOA,654371,77200,03192,64136,71006,85423,84865,66691,32982,68261,82627,61911,0287,5245,0842,5561,618,22,3b5d711979ff46b9,https://xoso.com.vn/xsmt-04-06-2025.html,OK
2025-06-08,Sunday,HUE,045477,40980,17677,10689,30019,66078,98482,98607,02678,57057,17904,54634,0152,4963,1474,9143,827,89,ecca02360f72729c,https://xoso.com.vn/xsmt-08-06-2025.html,OK
2025-06-08,Sunday,KHANH_HOA,378570,51122,35948,19208,04189,12910,53723,03325,93341,84847,37319,34878,4370,2420,4395,0665,016,81,8e440187c5cb3df2,https://xoso.com.vn/xsmt-08-06-2025.html,OK
2025-06-08,Sunday,KON_TUM,791986,05388,54503,08242,28824,37803,09842,98404,70329,97014,29996,32559,5263,6296,9827,5373,980,22,baf46fff7422b41b,https://xoso.com.vn/xsmt-08-06-2025.html,OK
2025-06-09,Monday,HUE,233809,02788,16825,55052,11243,17460,32416,67177,02727,12527,30283,52014,8666,6352,0063,3533,549,39,277a55a268cf3365,https://xoso.com.vn/xsmt-09-06-2025.html,OK
2025-06-11,Wednesday,KHANH_HOA,238159,46696,13250,43763,10518,33432,50922,23224,06501,24408,60712,99935,5740,3966,6186,7556,652,83,743ab2057ce0b1d6,https://xoso.com.vn/xsmt-11-06-2025.html,OK
2025-06-15,Sunday,HUE,901692,79326,30729,92516,56438,70469,45975,19048,16724,00388,34368,57783,1755,2151,9746,3915,659,21,f68d8741fc7d0809,https://xoso.com.vn/xsmt-15-06-2025.html,OK
2025-06-15,Sunday,KHANH_HOA,285872,80334,43280,25901,00446,36019,58839,13649,88587,05085,50525,91223,1033,7463,1010,4474,336,93,88fb4a92215d54c7,https://xoso.com.vn/xsmt-15-06-2025.html,OK
2025-06-15,Sunday,KON_TUM,155465,72332,39365,07081,14307,37156,38597,55798,76833,06185,33482,41560,6455,7612,1064,3186,474,81,3bc6578456e28b32,https://xoso.com.vn/xsmt-15-06-2025.html,OK
2025-06-16,Monday,HUE,498200,87798,03545,48238,52196,06291,37381,71594,36256,60861,19950,54607,1319,5530,8360,3919,996,05,3be23bcb0566f6a5,https://xoso.com.vn/xsmt-16-06-2025.html,OK
2025-06-18,Wednesday,KHANH_HOA,451029,21180,36364,20925,31578,81745,25710,64721,41998,22976,48953,64206,8068,1988,1170,7461,417,11,36a56b0c03199fe9,https://xoso.com.vn/xsmt-18-06-2025.html,OK
2025-06-22,Sunday,HUE,057334,59195,26332,36417,65881,45451,15181,31567,75556,25747,93142,60895,7499,6688,7476,9838,158,06,d4d32c7a36971530,https://xoso.com.vn/xsmt-22-06-2025.html,OK
2025-06-22,Sunday,KHANH_HOA,435534,07076,74414,29277,89990,35850,15032,22073,06655,16089,72715,46675,4139,5637,6926,3967,697,75,dd12668438deb590,https://xoso.com.vn/xsmt-22-06-2025.html,OK
2025-06-22,Sunday,KON_TUM,809863,83750,08887,91203,26654,13652,38632,17980,72973,10203,99281,46874,6078,4942,7110,4251,005,96,eadbd0cf48dfd242,https://xoso.com.vn/xsmt-22-06-2025.html,OK
2025-06-23,Monday,HUE,830050,82851,83184,83562,51894,11534,03723,94260,54549,11511,18719,08119,6905,7522,9620,1239,930,93,a283162c2770faea,https://xoso.com.vn/xsmt-23-06-2025.html,OK
2025-06-25,Wednesday,KHANH_HOA,611853,07054,17643,94148,58978,42863,88244,19411,89449,17412,15699,17596,3281,5468,3380,9188,775,52,fcb1621c96c70e53,https://xoso.com.vn/xsmt-25-06-2025.html,OK
2025-06-29,Sunday,HUE,967656,51019,78837,90521,28938,92456,15356,24807,92909,91559,58094,62500,6237,6069,4234,9299,894,52,44d365985af1c335,https://xoso.com.vn/xsmt-29-06-2025.html,OK
2025-06-29,Sunday,KHANH_HOA,699541,19898,90139,07856,61379,84255,93519,67900,70419,82437,58357,66224,2845,6990,1297,1301,545,43,5a47aa8194717f52,https://xoso.com.vn/xsmt-29-06-2025.html,OK
2025-06-29,Sunday,KON_TUM,594188,73125,43191,75287,22600,10448,88047,16936,72171,62151,67443,67792,1541,5456,4844,8432,639,42,c2dcb2106e5bcdd1,https://xoso.com.vn/xsmt-29-06-2025.html,OK
2025-06-30,Monday,HUE,706843,28496,54982,58623,33877,53604,90811,05894,36530,21521,00700,08363,7347,7931,9198,0475,645,54,9b19e56cbcfa99bc,https://xoso.com.vn/xsmt-30-06-2025.html,OK
2025-07-02,Wednesday,KHANH_HOA,400517,30145,35928,68795,48752,48048,95169,42926,41379,98215,15960,13982,6862,6439,2170,6809,577,25,a63597b3aadd3e71,https://xoso.com.vn/xsmt-02-07-2025.html,OK
2025-07-06,Sunday,HUE,166774,58543,28244,50056,20400,73752,20074,31393,15110,37515,86216,10782,5523,8085,0136,6840,929,52,e164e4f0e2a273d7,https://xoso.com.vn/xsmt-06-07-2025.html,OK
2025-07-06,Sunday,KHANH_HOA,020311,62317,65060,27624,16398,16499,57860,20469,27950,21874,90095,25390,0097,1943,4001,3150,643,35,24b8fba1f161581f,https://xoso.com.vn/xsmt-06-07-2025.html,OK
2025-07-06,Sunday,KON_TUM,618030,55266,67881,71289,09418,46479,61032,56657,87959,38006,27086,47937,0209,1204,7447,0665,881,90,7370de6c55071004,https://xoso.com.vn/xsmt-06-07-2025.html,OK
2025-07-07,Monday,HUE,790067,63543,86822,94896,17411,48044,53713,08513,72298,44598,59906,27865,8688,6172,9615,0769,392,17,012140e8c2592d45,https://xoso.com.vn/xsmt-07-07-2025.html,OK
2025-07-09,Wednesday,KHANH_HOA,856081,74328,41644,08241,06042,79484,08132,71493,47324,45895,28608,01540,0957,5061,7213,9790,552,69,daa00ad2ca220088,https://xoso.com.vn/xsmt-09-07-2025.html,OK
2025-07-13,Sunday,HUE,849115,40067,11766,18528,75577,14911,52208,23357,10865,46675,96525,27199,5031,8619,9136,5245,291,57,a94ea8343348dad6,https://xoso.com.vn/xsmt-13-07-2025.html,OK
2025-07-13,Sunday,KHANH_HOA,152011,34444,05190,44500,07117,29020,12489,21072,52667,03729,21708,29039,6099,6635,1409,0361,384,74,0091b5e41bc8b0cb,https://xoso.com.vn/xsmt-13-07-2025.html,OK
2025-07-13,Sunday,KON_TUM,838485,18768,09606,19744,64967,73665,39717,99000,21899,50113,65016,45518,0997,1669,6426,1938,862,00,621b36401e629019,https://xoso.com.vn/xsmt-13-07-2025.html,OK
2025-07-14,Monday,HUE,348526,35529,02718,54553,41705,35343,67166,71144,29909,88774,99190,59601,2882,4772,5719,1482,547,07,0c0db4b807ea6e94,https://xoso.com.vn/xsmt-14-07-2025.html,OK
2025-07-16,Wednesday,KHANH_HOA,295281,96996,01228,10140,32261,09496,92583,81829,93934,94499,46109,03760,9455,1035,0314,0600,866,56,c9856e4a68e52da2,https://xoso.com.vn/xsmt-16-07-2025.html,OK
2025-07-20,Sunday,HUE,317886,81789,54069,99038,25860,98602,19031,86875,68054,08525,44280,12123,5156,6595,4634,3068,917,76,cf64e5ef585b90f6,https://xoso.com.vn/xsmt-20-07-2025.html,OK
2025-07-20,Sunday,KHANH_HOA,719643,16956,91970,04549,42920,29979,87401,13172,42361,82515,34210,33418,9142,2972,0596,9967,308,86,c41c1dcd79583167,https://xoso.com.vn/xsmt-20-07-2025.html,OK
2025-07-20,Sunday,KON_TUM,261060,24305,68865,12171,10552,73498,00067,91563,05201,76796,35524,19027,4283,6997,8679,0014,474,97,9d1243fcaca0f4ad,https://xoso.com.vn/xsmt-20-07-2025.html,OK
2025-07-21,Monday,HUE,212972,73730,20647,19164,44033,40024,43364,01818,52135,16776,69778,45638,3508,9093,6492,9899,145,17,61b23ba97719c14d,https://xoso.com.vn/xsmt-21-07-2025.html,OK
2025-07-23,Wednesday,KHANH_HOA,551150,70834,10923,01632,36473,01180,07926,84927,03250,90869,77933,56748,1339,9663,1135,3132,869,33,98dc40ab1ea37faa,https://xoso.com.vn/xsmt-23-07-2025.html,OK
2025-07-27,Sunday,HUE,384923,95264,34152,06387,06780,44769,76334,79699,09023,52828,51307,03212,4274,6604,5578,4351,047,13,8d1ea9f464408e59,https://xoso.com.vn/xsmt-27-07-2025.html,OK
2025-07-27,Sunday,KHANH_HOA,817417,80526,13801,21561,90425,46945,78986,27678,54547,62814,84873,07394,7832,3657,6913,7243,041,54,4d3d1e27e0cd435a,https://xoso.com.vn/xsmt-27-07-2025.html,OK
2025-07-27,Sunday,KON_TUM,315858,37360,56160,10521,02639,08730,06616,37053,88419,11271,95464,73240,7480,3896,1155,2616,182,03,e4314dca1e7a3ebf,https://xoso.com.vn/xsmt-27-07-2025.html,OK
2025-07-28,Monday,HUE,996682,16676,44999,48248,84111,03114,26106,86915,68717,09883,17862,70654,1980,1683,1136,9097,437,54,b54a6631a29f2838,https://xoso.com.vn/xsmt-28-07-2025.html,OK
2025-07-30,Wednesday,KHANH_HOA,461776,57087,34467,59601,10506,91945,07642,62508,04415,51324,42921,12282,5056,6022,3568,8191,166,85,d7c4f21f4451947b,https://xoso.com.vn/xsmt-30-07-2025.html,OK
2025-08-03,Sunday,HUE,337361,01970,27740,71505,73752,09467,36808,46502,54698,48109,86230,08779,7301,7149,1457,3484,295,30,d7ffb648aa559661,https://xoso.com.vn/xsmt-03-08-2025.html,OK
2025-08-03,Sunday,KHANH_HOA,421772,40923,60790,56177,96331,15566,93776,70161,28506,65624,08524,98317,1095,2276,1279,3983,752,56,cb54bd1da2a410e2,https://xoso.com.vn/xsmt-03-08-2025.html,OK
2025-08-03,Sunday,KON_TUM,329105,98436,22771,37345,64925,97848,93828,44764,03682,55389,48415,05368,8353,3796,7674,8228,338,00,05da59e7150c92be,https://xoso.com.vn/xsmt-03-08-2025.html,OK
2025-08-04,Monday,HUE,805287,67524,74892,62267,21924,50602,19259,08700,90860,26861,18123,59110,5787,0854,1943,9284,148,37,d5c72f2eb4de9bd2,https://xoso.com.vn/xsmt-04-08-2025.html,OK
2025-08-06,Wednesday,KHANH_HOA,319574,19891,74654,32219,19661,54975,54693,53882,78864,35002,12063,11846,2162,1392,2120,4877,466,19,46c2bfb6fb863a48,https://xoso.com.vn/xsmt-06-08-2025.html,OK
2025-08-10,Sunday,HUE,601376,55302,23924,26490,90110,32850,50219,74768,33185,10076,37473,60029,8740,3616,0025,1756,530,75,6c20e72c4033a803,https://xoso.com.vn/xsmt-10-08-2025.html,OK
2025-08-10,Sunday,KHANH_HOA,987034,04399,72991,44149,28665,75358,43808,79969,28559,56582,09190,92920,3505,2923,8729,0965,544,02,90ca68deba0a8822,https://xoso.com.vn/xsmt-10-08-2025.html,OK
2025-08-10,Sunday,KON_TUM,152981,90413,27388,73187,22651,17475,33263,45216,54752,13246,46948,53683,5642,4040,9415,2101,862,82,c60a0e7ad69f5f2a,https://xoso.com.vn/xsmt-10-08-2025.html,OK
2025-08-11,Monday,HUE,857798,42288,30227,36309,48728,06335,39604,81298,76680,93187,51127,07800,1770,5927,3206,3488,521,91,07704d571137e70e,https://xoso.com.vn/xsmt-11-08-2025.html,OK
2025-08-13,Wednesday,KHANH_HOA,235966,64115,99551,09711,80864,73035,45969,90574,87795,48714,53205,42470,8052,8691,6039,8689,473,63,494ae928d14ae251,https://xoso.com.vn/xsmt-13-08-2025.html,OK
2025-08-17,Sunday,HUE,215741,33765,90015,04511,68516,07994,67050,14347,02266,42645,24277,57263,6500,2804,2893,5162,705,23,b1f15f27d44109aa,https://xoso.com.vn/xsmt-17-08-2025.html,OK
2025-08-17,Sunday,KHANH_HOA,022480,67743,28665,04568,49479,99523,62125,60246,06548,39172,80515,70055,1107,5386,6573,2900,914,29,2c09094257fc019c,https://xoso.com.vn/xsmt-17-08-2025.html,OK
2025-08-17,Sunday,KON_TUM,188844,83596,00488,81439,18071,85182,92842,58919,27403,21995,82964,76528,5270,4630,8931,5839,134,71,bc62c4f29ec697cd,https://xoso.com.vn/xsmt-17-08-2025.html,OK
2025-08-18,Monday,HUE,759442,84642,87784,74420,92593,27735,03477,00516,65064,08203,75946,04995,9988,9699,5609,5009,432,60,479f6115af844328,https://xoso.com.vn/xsmt-18-08-2025.html,OK
2025-08-20,Wednesday,KHANH_HOA,102551,42131,61399,93334,28614,29287,93673,48093,61047,09504,51041,48888,0044,4164,9367,1154,288,30,4da8e371fb1ea0d7,https://xoso.com.vn/xsmt-20-08-2025.html,OK
2025-08-24,Sunday,HUE,449269,85141,54647,06412,14457,87074,78713,63905,82954,61256,68727,45085,3251,3798,6255,8835,841,35,4d8b7b0abce65403,https://xoso.com.vn/xsmt-24-08-2025.html,OK
2025-08-24,Sunday,KHANH_HOA,236110,50412,21974,30906,88422,95295,38538,53200,64443,43045,65687,78354,6745,5955,0249,9777,863,10,75597810ebae5e2a,https://xoso.com.vn/xsmt-24-08-2025.html,OK
2025-08-24,Sunday,KON_TUM,956601,06717,99744,87965,23155,20760,40465,10408,27096,75601,47724,82829,8321,2669,8956,5127,525,58,436192b0842147d7,https://xoso.com.vn/xsmt-24-08-2025.html,OK
2025-08-25,Monday,HUE,686013,73875,43775,90436,56324,16705,73387,88775,35613,43056,55643,77236,1495,6317,8510,3451,313,07,ca3071d61fe915be,https://xoso.com.vn/xsmt-25-08-2025.html,OK
2025-08-27,Wednesday,KHANH_HOA,166372,55306,83133,84689,44676,35886,05075,76661,45382,13134,00580,69026,2759,4200,3667,5618,576,25,a6230adae4755d92,https://xoso.com.vn/xsmt-27-08-2025.html,OK
2025-08-31,Sunday,HUE,711687,66825,56509,79884,13487,37076,17296,67633,03008,54161,08115,16349,9120,9555,0408,6608,168,33,18bbb2fd2b8f0b5b,https://xoso.com.vn/xsmt-31-08-2025.html,OK
2025-08-31,Sunday,KHANH_HOA,150300,39319,60779,06754,86209,23094,00274,23523,86382,75463,78869,54024,4565,2482,3573,9187,524,91,466faf2f30be31bb,https://xoso.com.vn/xsmt-31-08-2025.html,OK
2025-08-31,Sunday,KON_TUM,668404,72314,67901,09830,40324,62175,16716,81371,14904,55834,08373,10949,0357,6475,9226,7926,273,93,21c3c36ac7279cd0,https://xoso.com.vn/xsmt-31-08-2025.html,OK
2025-09-01,Monday,HUE,761937,03057,06407,87200,96857,69151,33582,79829,41175,38588,31641,24060,8943,9701,7089,5231,168,70,5216a9e11257b967,https://xoso.com.vn/xsmt-01-09-2025.html,OK
2025-09-03,Wednesday,KHANH_HOA,015034,50437,72525,50894,01062,30628,66486,54673,71757,52676,16347,60786,9177,0584,6423,5549,669,47,ce8e7a3c5243a728,https://xoso.com.vn/xsmt-03-09-2025.html,OK
2025-09-07,Sunday,HUE,961086,19534,96742,47823,35671,17166,32934,16316,72712,12690,45516,13640,9012,6995,0606,4276,452,80,2550415dd1d51054,https://xoso.com.vn/xsmt-07-09-2025.html,OK
2025-09-07,Sunday,KHANH_HOA,336943,70139,66446,22828,73519,41920,52002,45042,89550,33551,98189,21968,3786,9787,3834,2273,322,65,f6a7206c6e993e95,https://xoso.com.vn/xsmt-07-09-2025.html,OK
2025-09-07,Sunday,KON_TUM,243147,61221,42336,01292,34827,43530,37204,72498,55641,45599,35877,49527,3074,7590,3167,0720,039,74,d687ad571d9255d2,https://xoso.com.vn/xsmt-07-09-2025.html,OK
2025-09-08,Monday,HUE,874654,89156,09426,45837,18774,27740,89306,31118,56655,09164,88438,42027,0687,2288,4438,9078,606,38,764b9065b7eba6d7,https://xoso.com.vn/xsmt-08-09-2025.html,OK
2025-09-10,Wednesday,KHANH_HOA,993831,11925,22258,27283,66878,32941,56347,28980,59727,74934,03692,10225,6343,3981,5216,4173,980,47,2841b72fec05112a,https://xoso.com.vn/xsmt-10-09-2025.html,OK
2025-09-14,Sunday,HUE,900670,75309,43020,71502,30413,28930,57320,37397,12182,27580,98963,16160,6105,5657,8612,9998,431,24,be7d1dd7f40c31f2,https://xoso.com.vn/xsmt-14-09-2025.html,OK
2025-09-14,Sunday,KHANH_HOA,728799,40043,51178,19346,79234,31884,62918,54104,98501,75309,26673,15494,3004,3519,8515,3592,150,20,0d3a3ec8ae89d5c1,https://xoso.com.vn/xsmt-14-09-2025.html,OK
2025-09-14,Sunday,KON_TUM,264453,59905,05703,68828,87577,26544,12357,24708,67769,23079,26674,64523,0979,6541,9513,2010,712,14,942294e466ef03d8,https://xoso.com.vn/xsmt-14-09-2025.html,OK
2025-09-15,Monday,HUE,209975,02321,66406,86410,88649,79501,19844,73720,18011,12171,47998,57027,5024,4793,6256,5570,307,59,134008558d3d8400,https://xoso.com.vn/xsmt-15-09-2025.html,OK
2025-09-17,Wednesday,KHANH_HOA,908261,90557,58434,87129,98401,71599,61991,78492,89217,76443,59042,56083,0139,5550,9274,3688,439,88,7ce03b8925b8aa6e,https://xoso.com.vn/xsmt-17-09-2025.html,OK
2025-09-21,Sunday,HUE,502074,47885,33454,34687,09224,83887,73379,94272,13014,97653,70685,08224,2905,8246,3191,6739,594,49,a58bd724acccded7,https://xoso.com.vn/xsmt-21-09-2025.html,OK
2025-09-21,Sunday,KHANH_HOA,185435,34240,66736,49456,34503,48432,92366,81391,81185,63052,33544,76416,6440,4096,4788,3507,881,59,b870852609c51d2b,https://xoso.com.vn/xsmt-21-09-2025.html,OK
2025-09-21,Sunday,KON_TUM,129568,03124,47651,01988,20167,90575,66946,85904,82220,24528,84870,35639,8247,5629,7074,6678,724,61,5f4e68cc0a164285,https://xoso.com.vn/xsmt-21-09-2025.html,OK
2025-09-22,Monday,HUE,942254,35584,01902,08922,00201,70886,28357,02765,16414,00962,36509,78617,6218,9418,9390,1379,915,96,bb3fa3f66700fd9c,https://xoso.com.vn/xsmt-22-09-2025.html,OK
2025-09-24,Wednesday,KHANH_HOA,861914,32578,61911,88161,52565,10160,47977,62282,82137,18706,22957,51734,6664,2660,2696,8221,739,59,d729fa3877439eb7,https://xoso.com.vn/xsmt-24-09-2025.html,OK
2025-09-28,Sunday,HUE,980109,65092,79982,16099,09654,05918,18295,64568,55300,04427,91905,77855,1338,7421,2918,9923,727,45,62ee2b54583e9068,https://xoso.com.vn/xsmt-28-09-2025.html,OK
2025-09-28,Sunday,KHANH_HOA,134441,83371,28825,55190,77052,16602,21137,98219,49099,97464,76459,49716,5045,8800,1649,4816,612,60,442a99e58b0d03a9,https://xoso.com.vn/xsmt-28-09-2025.html,OK
2025-09-28,Sunday,KON_TUM,221981,88702,41761,74977,76154,36834,95049,37550,46314,07895,04477,57827,3269,8368,2302,8479,346,01,b7046f1e10cb02e9,https://xoso.com.vn/xsmt-28-09-2025.html,OK
2025-09-29,Monday,HUE,543916,60191,77424,11984,14126,62359,63713,77927,08706,74875,11261,51474,2821,1524,9591,8559,031,64,dcf2ca22d8c51c68,https://xoso.com.vn/xsmt-29-09-2025.html,OK
2025-10-01,Wednesday,KHANH_HOA,960515,12850,85450,25756,42811,85118,24429,63863,69151,71718,78401,06119,0047,7581,5609,4447,432,40,2c7f78d36a89d2de,https://xoso.com.vn/xsmt-01-10-2025.html,OK
2025-10-05,Sunday,HUE,589281,83881,54197,21826,94781,12806,82190,01998,35992,54732,52359,26125,9675,9004,1364,4147,398,26,1e2c2e8de1cd0ea3,https://xoso.com.vn/xsmt-05-10-2025.html,OK
2025-10-05,Sunday,KHANH_HOA,013901,38767,08745,34731,02906,43304,32563,85417,34506,30986,17267,64761,7070,5244,2369,6031,004,15,a6cee89f5dd22e3c,https://xoso.com.vn/xsmt-05-10-2025.html,OK
2025-10-05,Sunday,KON_TUM,674256,78816,55560,69578,96480,27318,75090,19296,67985,47154,76396,37865,6315,0255,6139,3494,780,41,113add6eae2c4329,https://xoso.com.vn/xsmt-05-10-2025.html,OK
2025-10-06,Monday,HUE,995118,95996,82720,68970,90206,89055,40725,01644,46195,74945,64019,43484,5647,9324,3381,2830,639,12,053c49184a9ae228,https://xoso.com.vn/xsmt-06-10-2025.html,OK
2025-10-08,Wednesday,KHANH_HOA,077346,83543,44193,63836,59489,50785,31650,91351,80998,39785,91011,52334,7479,3039,3631,8651,960,15,fc7cdf467d9a8a97,https://xoso.com.vn/xsmt-08-10-2025.html,OK
2025-10-12,Sunday,HUE,395309,04617,28621,99797,03177,09268,12405,17776,85055,05586,46562,49134,6312,6319,6300,2617,023,10,8ac5699686124a14,https://xoso.com.vn/xsmt-12-10-2025.html,OK
2025-10-12,Sunday,KHANH_HOA,094610,92044,00403,67510,71482,03696,99478,27769,51685,68459,98818,97032,4714,4722,0799,9437,684,11,cf4213f6781a32ae,https://xoso.com.vn/xsmt-12-10-2025.html,OK
2025-10-12,Sunday,KON_TUM,296358,71150,11913,57368,12262,62215,24907,70559,39811,44106,76715,79109,8762,7121,6307,4147,928,71,26506ca946e0d005,https://xoso.com.vn/xsmt-12-10-2025.html,OK
2025-10-13,Monday,HUE,931457,87740,88727,37716,06422,29693,25767,42319,56408,62141,62681,13102,2671,4634,7241,8885,264,03,2e3986944de28ede,https://xoso.com.vn/xsmt-13-10-2025.html,OK
2025-10-15,Wednesday,KHANH_HOA,951958,87771,74264,09896,84936,16318,20584,66729,66366,99731,17424,22239,5607,5003,3883,5273,146,17,f31b22e710dff08c,https://xoso.com.vn/xsmt-15-10-2025.html,OK
2025-10-19,Sunday,HUE,062307,78773,04218,71805,63516,65324,78046,96604,96315,82569,89904,21452,7930,0965,0630,2430,355,29,831d178c5f578e10,https://xoso.com.vn/xsmt-19-10-2025.html,OK
2025-10-19,Sunday,KHANH_HOA,351241,18606,14956,16858,53656,64508,58771,11664,66003,36072,96177,81593,7132,2955,0353,2982,266,70,53a5b43d31b6bc02,https://xoso.com.vn/xsmt-19-10-2025.html,OK
2025-10-19,Sunday,KON_TUM,784740,70637,64368,57295,71015,16236,55477,54229,62005,22334,88559,01123,5551,8006,3751,7834,429,68,c1a396b092d49039,https://xoso.com.vn/xsmt-19-10-2025.html,OK
2025-10-20,Monday,HUE,334029,49904,98676,73100,99473,66443,84025,11153,87236,41880,67805,43579,7493,3939,6994,4867,549,35,468e83fcdc472b53,https://xoso.com.vn/xsmt-20-10-2025.html,OK
2025-10-22,Wednesday,KHANH_HOA,091803,92797,62264,48996,90337,66191,87501,50879,59186,18589,42145,13138,5617,4808,2833,1260,133,28,4aa1b6c7274a0e76,https://xoso.com.vn/xsmt-22-10-2025.html,OK
2025-10-26,Sunday,HUE,045828,97145,08857,27702,31823,67065,09949,47872,49459,28779,50240,62157,6717,5932,2341,3987,761,23,76637dc3456ec2cb,https://xoso.com.vn/xsmt-26-10-2025.html,OK
2025-10-26,Sunday,KHANH_HOA,797511,60802,01970,42307,43512,70199,76296,24777,83326,81939,75931,76546,2711,9421,2755,0891,383,97,c15e1e1d56425ca1,https://xoso.com.vn/xsmt-26-10-2025.html,OK
2025-10-26,Sunday,KON_TUM,014828,71316,05594,86555,11393,56586,74856,37849,42349,46236,59233,16996,9333,8696,9846,4742,113,33,2fa1b645c5f19244,https://xoso.com.vn/xsmt-26-10-2025.html,OK
2025-10-27,Monday,HUE,963289,20871,23909,58280,12680,37055,38831,72863,90872,74401,28495,70065,0394,5731,3078,9993,968,75,cfbf5a7d406b8b36,https://xoso.com.vn/xsmt-27-10-2025.html,OK
2025-10-29,Wednesday,KHANH_HOA,069132,25461,05343,46861,98716,26718,58199,42243,99963,85989,35968,26356,3750,0199,9813,3103,245,02,3bd331488bc0a8af,https://xoso.com.vn/xsmt-29-10-2025.html,OK
2025-11-02,Sunday,HUE,481121,43639,45610,27934,28079,34139,22691,04117,07588,79824,67689,80940,3926,8616,9807,6020,314,71,bab7e7b70348af03,https://xoso.com.vn/xsmt-02-11-2025.html,OK
2025-11-02,Sunday,KHANH_HOA,471493,18234,36902,92569,33339,59159,31465,44770,25686,44102,63367,47672,7479,1234,1967,2391,306,37,ef959d99dcdf777b,https://xoso.com.vn/xsmt-02-11-2025.html,OK
2025-11-02,Sunday,KON_TUM,298365,64184,42753,33049,58127,05246,43492,92990,02745,94900,79032,14307,2685,9025,3008,8957,197,53,f53920a840a8256d,https://xoso.com.vn/xsmt-02-11-2025.html,OK
2025-11-03,Monday,HUE,866627,40370,03869,13179,52719,46437,35703,43910,83882,46707,66447,87314,3170,5403,7750,3575,775,53,d630b49d2a5c86cc,https://xoso.com.vn/xsmt-03-11-2025.html,OK
2025-11-05,Wednesday,KHANH_HOA,819251,58849,15397,89642,65634,01849,62408,15231,44255,05828,80328,54103,1600,5664,0799,4479,718,96,354e8f9476978473,https://xoso.com.vn/xsmt-05-11-2025.html,OK
2025-11-09,Sunday,HUE,269011,56532,91345,09100,94510,13655,52277,97567,97334,84876,89050,47008,4715,6780,3149,8479,015,23,b876c83add3f95c3,https://xoso.com.vn/xsmt-09-11-2025.html,OK
2025-11-09,Sunday,KHANH_HOA,405762,90315,33441,46338,52021,82879,75076,14242,59557,05318,78013,05057,1392,9788,6817,3536,869,90,0ef460f89ab8932f,https://xoso.com.vn/xsmt-09-11-2025.html,OK
2025-11-09,Sunday,KON_TUM,049110,91921,72147,72752,14378,42463,12612,41952,47191,94619,48143,35522,1498,6013,3397,9883,625,33,511ad8da3d784e48,https://xoso.com.vn/xsmt-09-11-2025.html,OK
2025-11-10,Monday,HUE,832197,37959,73760,62741,04427,99686,41137,63063,02279,51948,53235,73044,8600,9263,3932,7922,895,59,8b25d909a188f2e4,https://xoso.com.vn/xsmt-10-11-2025.html,OK
2025-11-12,Wednesday,KHANH_HOA,525928,08581,86092,56105,92723,42269,31668,49852,45786,26458,38739,90102,3768,3720,7830,4240,303,99,bde92d74aa2cc948,https://xoso.com.vn/xsmt-12-11-2025.html,OK
2025-11-16,Sunday,HUE,129782,45200,76472,39928,55585,68192,68442,78614,10716,13571,07805,54922,8298,2973,3544,8365,352,06,4cbae0753cb753e9,https://xoso.com.vn/xsmt-16-11-2025.html,OK
2025-11-16,Sunday,KHANH_HOA,657743,88967,64505,88178,87811,17944,03970,23949,39166,36069,96389,69672,0564,6264,3701,3378,655,33,b97fdf6aa0a8f5dc,https://xoso.com.vn/xsmt-16-11-2025.html,OK
2025-11-16,Sunday,KON_TUM,824350,30082,45015,59149,13960,14442,48386,96893,55069,65548,53361,96039,8920,9266,5408,0002,287,58,703ffbce40dc8bf5,https://xoso.com.vn/xsmt-16-11-2025.html,OK
2025-11-17,Monday,HUE,029629,88354,62628,11419,35246,31840,43340,02669,19954,70495,73605,94705,7688,8329,3514,8255,757,66,ef38a68320cea4e8,https://xoso.com.vn/xsmt-17-11-2025.html,OK
2025-11-19,Wednesday,KHANH_HOA,283708,67214,35767,10475,51930,73087,96629,32605,97530,29756,09657,30333,7026,0342,7875,3707,117,45,02c9ffa186186b5e,https://xoso.com.vn/xsmt-19-11-2025.html,OK
2025-11-23,Sunday,HUE,009664,56132,66353,00438,83069,81079,69436,81127,22106,46948,22413,00707,2933,1062,8015,8062,374,25,200c8dc6203e8137,https://xoso.com.vn/xsmt-23-11-2025.html,OK
2025-11-23,Sunday,KHANH_HOA,384211,78244,94144,01904,85150,21453,13066,05456,17320,98041,78903,43526,3054,5768,9507,0282,115,13,14730fa82e2ddfa2,https://xoso.com.vn/xsmt-23-11-2025.html,OK
2025-11-23,Sunday,KON_TUM,517044,67327,25134,86627,92004,73226,32997,42210,93803,20349,48676,93895,4206,1395,8213,3397,240,04,0493804f06420f10,https://xoso.com.vn/xsmt-23-11-2025.html,OK
2025-11-24,Monday,HUE,525279,60185,84576,35242,86472,56196,53652,45581,80386,94958,21366,44952,2892,3380,3546,6526,425,69,eaa8b1ad16b2a20c,https://xoso.com.vn/xsmt-24-11-2025.html,OK
2025-11-26,Wednesday,KHANH_HOA,281977,05830,67886,48060,12915,44197,90840,63074,68953,21795,92659,99317,4411,4192,1618,4918,553,14,c6859c389513cd03,https://xoso.com.vn/xsmt-26-11-2025.html,OK
2025-11-30,Sunday,HUE,231486,71039,45342,16789,82088,18715,89467,95036,12750,63472,25338,72114,4140,7217,7397,6694,881,49,2fa4feec3c4403b4,https://xoso.com.vn/xsmt-30-11-2025.html,OK
2025-11-30,Sunday,KHANH_HOA,111890,83054,42773,25903,04051,28606,54979,97440,96453,34971,21360,57742,7875,7055,1710,4640,687,50,157cfa0e636039d0,https://xoso.com.vn/xsmt-30-11-2025.html,OK
2025-11-30,Sunday,KON_TUM,635288,57031,75029,35789,72760,66760,59985,12300,99300,56184,33374,55615,0676,4691,5077,6394,444,14,2c46716468091e0c,https://xoso.com.vn/xsmt-30-11-2025.html,OK
2025-12-01,Monday,HUE,385900,65048,59653,26369,53061,01900,29839,66958,63007,55921,71411,31444,9031,1278,5866,7965,703,54,cc69667cad07b07e,https://xoso.com.vn/xsmt-01-12-2025.html,OK
2025-12-03,Wednesday,KHANH_HOA,259351,61358,76803,85371,80242,53677,73766,98832,49176,99955,62246,92448,2481,0809,1761,1117,161,70,c87afd5ee8c8f0fb,https://xoso.com.vn/xsmt-03-12-2025.html,OK
2025-12-07,Sunday,HUE,073662,00317,99644,84636,17667,11326,06199,46946,47728,61280,92357,74078,1569,9784,3274,0113,384,54,b2e06e54aa56cd54,https://xoso.com.vn/xsmt-07-12-2025.html,OK
2025-12-07,Sunday,KHANH_HOA,710146,02739,83588,78796,57634,50492,87777,40143,15144,18669,78491,11858,2541,0281,8035,8570,958,67,40e34ac077cc9bbc,https://xoso.com.vn/xsmt-07-12-2025.html,OK
2025-12-07,Sunday,KON_TUM,593376,15211,79842,16062,09514,31123,66070,54170,79201,22257,88582,45629,0380,2596,7394,1677,785,06,61e05038a2d4ac98,https://xoso.com.vn/xsmt-07-12-2025.html,OK
2025-12-08,Monday,HUE,995605,65314,29853,98296,89756,43329,31511,04719,79047,81459,00498,25533,0035,4828,0040,5264,177,58,914c0af55f6d5c99,https://xoso.com.vn/xsmt-08-12-2025.html,OK
2025-12-10,Wednesday,KHANH_HOA,542231,78008,56237,50033,54385,94107,46570,50868,73507,15360,73025,19559,6888,4448,3686,9169,727,32,29b018e4d45e072d,https://xoso.com.vn/xsmt-10-12-2025.html,OK
2025-12-14,Sunday,HUE,734008,65095,88850,28918,42471,43984,96668,97669,36565,17605,61463,10072,5231,3796,6723,8692,573,02,ee44789e1dfbe636,https://xoso.com.vn/xsmt-14-12-2025.html,OK
2025-12-14,Sunday,KHANH_HOA,918405,41467,13455,48771,90305,15278,41804,23946,95321,95464,53315,24046,3689,8275,9814,7952,924,35,ed8c37da1d326330,https://xoso.com.vn/xsmt-14-12-2025.html,OK
2025-12-14,Sunday,KON_TUM,173403,70511,33822,32747,25883,39165,09755,91348,49674,21057,69847,16643,6749,0609,6626,6368,426,87,4e26d420285d5b86,https://xoso.com.vn/xsmt-14-12-2025.html,OK
2025-12-15,Monday,HUE,384625,70156,59391,10368,60714,24653,11180,72253,57909,98012,92924,23556,6085,4105,2605,8312,965,42,289967f025b187e7,https://xoso.com.vn/xsmt-15-12-2025.html,OK
2025-12-17,Wednesday,KHANH_HOA,397432,37823,31234,20839,94537,27797,82126,85824,53525,70486,23580,95786,4127,8558,0737,1602,656,59,f0ff2e85260c05c4,https://xoso.com.vn/xsmt-17-12-2025.html,OK
2025-12-21,Sunday,HUE,196212,61216,04558,23809,26318,94497,65359,07874,98225,09068,39489,49966,4660,0884,9776,2630,306,20,59acff883419a225,https://xoso.com.vn/xsmt-21-12-2025.html,OK
2025-12-21,Sunday,KHANH_HOA,195492,30283,03932,41801,58676,28777,37737,12315,18111,81567,64289,21663,2794,7784,7454,6921,106,55,5aade9e5229abeac,https://xoso.com.vn/xsmt-21-12-2025.html,OK
2025-12-21,Sunday,KON_TUM,229204,25005,64267,16511,02282,32154,30429,25947,60163,07341,48807,19406,2623,0263,3841,2461,644,09,01d6c8dd27a4eb44,https://xoso.com.vn/xsmt-21-12-2025.html,OK
2025-12-22,Monday,HUE,636327,57456,85274,07959,71046,55769,42657,08271,22222,55343,41103,98972,0601,0689,5863,8651,392,30,1d40ed2350d47b6d,https://xoso.com.vn/xsmt-22-12-2025.html,OK
2025-12-24,Wednesday,KHANH_HOA,242340,18236,86205,54151,04951,70035,40526,08598,79536,40954,78990,87543,7694,5146,9169,2859,632,35,c7e8c35e30ceb9ad,https://xoso.com.vn/xsmt-24-12-2025.html,OK
2025-12-28,Sunday,HUE,855979,44409,94904,44504,63394,82913,21446,36220,78459,30487,94396,50754,5224,8493,8344,2011,345,57,b99bed4a56d3ddd8,https://xoso.com.vn/xsmt-28-12-2025.html,OK
2025-12-28,Sunday,KHANH_HOA,109059,20657,02336,70820,65052,30620,57108,10116,22870,60547,88580,52183,9167,9136,1571,9282,280,46,0304e4c1d8497f4f,https://xoso.com.vn/xsmt-28-12-2025.html,OK
2025-12-28,Sunday,KON_TUM,936096,07367,96798,47508,36094,83363,89733,96707,41439,83498,61159,03898,5664,4233,1144,2719,267,71,c4bfec2f3e0a81a6,https://xoso.com.vn/xsmt-28-12-2025.html,OK
2025-12-29,Monday,HUE,401707,38802,00251,08255,47623,83239,24880,52466,95877,20537,69356,14381,8350,3350,7397,7949,838,18,314f669e0cefb367,https://xoso.com.vn/xsmt-29-12-2025.html,OK
2025-12-31,Wednesday,KHANH_HOA,085141,77824,88639,21007,54221,07252,69034,71393,78812,68039,28186,85187,0009,2609,5732,2842,918,33,ef351150eb3bb370,https://xoso.com.vn/xsmt-31-12-2025.html,OK
2026-01-04,Sunday,HUE,528264,29811,55725,90303,54685,98256,32740,49770,70720,46982,25471,25760,5364,2227,6915,0195,753,81,cdfd875990466e73,https://xoso.com.vn/xsmt-04-01-2026.html,OK
2026-01-04,Sunday,KHANH_HOA,631267,36948,28172,58521,79545,73304,80770,64453,62693,18789,68081,54978,2984,7098,1188,9957,942,27,e87a64bccac3bab4,https://xoso.com.vn/xsmt-04-01-2026.html,OK
2026-01-04,Sunday,KON_TUM,840504,07665,93034,34596,83917,70272,23696,51452,18361,05454,59783,12309,2166,7020,0286,8016,451,78,98165ac1eea7712e,https://xoso.com.vn/xsmt-04-01-2026.html,OK
2026-01-05,Monday,HUE,715470,01606,18730,10591,14179,84297,84949,67173,80289,59729,74049,79725,7603,8361,0767,9651,630,78,65a7a555666ad5a8,https://xoso.com.vn/xsmt-05-01-2026.html,OK
2026-01-07,Wednesday,KHANH_HOA,319180,75304,48909,60843,65029,82796,88451,65833,77339,10252,08041,05535,2222,0440,9937,7105,561,76,98bb57d0655c1073,https://xoso.com.vn/xsmt-07-01-2026.html,OK
2026-01-11,Sunday,HUE,672315,78884,39064,55284,10890,65741,94673,85176,99326,23235,47423,79677,7984,1857,0499,0098,460,25,339e0d231705ce3c,https://xoso.com.vn/xsmt-11-01-2026.html,OK
2026-01-11,Sunday,KHANH_HOA,935846,15456,27441,64417,92083,05661,00812,87685,24796,88592,38096,60001,8551,9299,0875,8511,993,37,0c9db62ac96a9f3e,https://xoso.com.vn/xsmt-11-01-2026.html,OK
2026-01-11,Sunday,KON_TUM,723063,80242,70447,61390,46164,60044,18160,47789,92680,16200,68375,44740,9716,6550,1839,6750,674,23,e9fb8f754566b9f4,https://xoso.com.vn/xsmt-11-01-2026.html,OK
2026-01-12,Monday,HUE,640801,38437,04957,14446,65378,71150,95325,90357,71175,61948,54334,11464,3219,9875,9476,1087,769,41,beb80c428f00df55,https://xoso.com.vn/xsmt-12-01-2026.html,OK
2026-01-14,Wednesday,KHANH_HOA,507450,07369,48368,26379,13701,81666,12209,10607,40411,91149,17102,53891,0119,9774,2198,0454,768,66,5dd46358107c6d06,https://xoso.com.vn/xsmt-14-01-2026.html,OK
2026-01-18,Sunday,HUE,624211,83626,35722,28733,85201,46617,16034,30369,72667,01533,29854,05840,6253,6265,5093,1581,320,25,96f76c0ce87ed9fa,https://xoso.com.vn/xsmt-18-01-2026.html,OK
2026-01-18,Sunday,KHANH_HOA,418236,66265,28613,98886,32735,73945,92722,54232,21111,47034,34644,78382,7258,3358,1232,7064,292,27,6724097c5ee28575,https://xoso.com.vn/xsmt-18-01-2026.html,OK
2026-01-18,Sunday,KON_TUM,226303,95411,33601,37638,53601,07303,46374,69817,85998,28172,00170,34433,8416,9879,6806,8084,274,03,39d453407d0537e4,https://xoso.com.vn/xsmt-18-01-2026.html,OK
2026-01-19,Monday,HUE,097202,75713,28082,79681,77489,77882,35043,67631,98651,12671,79164,98508,7797,9068,7718,3458,613,64,f8e0db351c864a01,https://xoso.com.vn/xsmt-19-01-2026.html,OK
2026-01-21,Wednesday,KHANH_HOA,765951,06740,92176,60160,80039,04364,43905,24086,04407,68858,82339,91549,4443,0855,8604,6631,765,15,c4620f5c4d51ac47,https://xoso.com.vn/xsmt-21-01-2026.html,OK
2026-01-25,Sunday,HUE,865054,41975,64199,41590,01143,17938,22744,52595,51579,66552,74148,81090,2470,7657,8537,4636,083,70,e74d895224eb3c7a,https://xoso.com.vn/xsmt-25-01-2026.html,OK
2026-01-25,Sunday,KHANH_HOA,557999,66388,08887,76837,17211,19234,76046,28542,99867,89867,54018,50142,2582,4016,1057,4652,361,80,52d833d539aa1851,https://xoso.com.vn/xsmt-25-01-2026.html,OK
2026-01-25,Sunday,KON_TUM,002377,15082,95790,47969,53086,90385,51264,96935,30919,66729,81302,63889,2920,7583,0979,7210,129,73,61ac10f75043de3f,https://xoso.com.vn/xsmt-25-01-2026.html,OK
2026-01-26,Monday,HUE,282082,97191,82817,62656,32835,06985,20449,55710,76987,03463,87289,93072,7005,5033,9995,7830,346,53,f13eae9b1a4c9caa,https://xoso.com.vn/xsmt-26-01-2026.html,OK
2026-01-28,Wednesday,KHANH_HOA,132521,29814,66454,62805,55957,97260,03023,28727,39433,43609,88180,94386,8344,5770,2444,2906,444,75,7b59cbf9217ae7ee,https://xoso.com.vn/xsmt-28-01-2026.html,OK
2026-02-01,Sunday,HUE,485467,01335,05829,11581,52682,06622,41426,10689,23351,03333,28084,15632,1001,8151,0598,2041,503,79,384836df1c64bdf4,https://xoso.com.vn/xsmt-01-02-2026.html,OK
2026-02-01,Sunday,KHANH_HOA,921053,51454,94857,42368,05222,42731,76196,26169,78241,21396,11397,97622,4667,8218,9497,9922,596,67,d14a952afb939015,https://xoso.com.vn/xsmt-01-02-2026.html,OK
2026-02-01,Sunday,KON_TUM,009578,77760,30053,36644,43999,77862,00391,17590,93097,76390,01487,20932,1906,0179,0308,2704,562,07,75d07fdfa048d397,https://xoso.com.vn/xsmt-01-02-2026.html,OK
2026-02-02,Monday,HUE,861008,53550,53742,33825,30928,86422,55144,53512,26055,57513,77238,80186,3385,3337,2914,3233,576,61,9ac5065742a47e12,https://xoso.com.vn/xsmt-02-02-2026.html,OK
2026-02-04,Wednesday,KHANH_HOA,362103,27525,43483,75369,27263,82493,73299,37895,29050,45347,49945,05490,2857,9205,1526,6039,424,20,8562995ccd75901b,https://xoso.com.vn/xsmt-04-02-2026.html,OK
2026-02-08,Sunday,HUE,356221,61343,81208,29412,46871,86863,27747,27895,44737,30541,57265,15561,3749,6917,8439,0754,586,49,55333691c1ac1da5,https://xoso.com.vn/xsmt-08-02-2026.html,OK
2026-02-08,Sunday,KHANH_HOA,691162,21670,42055,98481,67162,30006,41981,82195,91312,14825,92599,24464,0715,9661,5379,2301,792,81,60b77bf3bfdf4c9e,https://xoso.com.vn/xsmt-08-02-2026.html,OK
2026-02-08,Sunday,KON_TUM,548788,38289,41909,21165,25309,43537,64410,97121,63873,20472,43009,98436,8490,9259,7977,7267,487,94,ea0a85ea8a5ed03d,https://xoso.com.vn/xsmt-08-02-2026.html,OK
2026-02-09,Monday,HUE,519579,88269,21122,66237,60231,56019,97129,19782,98885,26669,03565,92596,7611,3009,0230,4236,257,90,e9d53214b126eef3,https://xoso.com.vn/xsmt-09-02-2026.html,OK
2026-02-11,Wednesday,KHANH_HOA,598702,02802,80374,13309,14882,36769,41606,15563,08077,25619,03385,13700,9724,5271,2146,4545,582,57,1a7e2a3ceb19d52e,https://xoso.com.vn/xsmt-11-02-2026.html,OK
2026-02-15,Sunday,HUE,097708,90811,63347,06820,87085,07759,22975,17807,46901,29919,79766,36582,7647,6147,3486,4414,985,15,3bddcf66825a4df3,https://xoso.com.vn/xsmt-15-02-2026.html,OK
2026-02-15,Sunday,KHANH_HOA,904254,91051,27874,34819,64813,11536,05436,92106,30162,27432,13629,20425,6106,3643,7572,8919,082,20,8ccfd4cd8d7bd69a,https://xoso.com.vn/xsmt-15-02-2026.html,OK
2026-02-15,Sunday,KON_TUM,325724,56330,09990,04904,58010,84864,46872,42553,68571,46897,26778,23133,5446,0141,7921,2845,975,26,faece19599bd7cb2,https://xoso.com.vn/xsmt-15-02-2026.html,OK
2026-02-16,Monday,HUE,761468,21434,83214,12154,42265,56178,28671,65101,21180,72749,02283,29758,1787,9856,5874,9028,709,98,3455e2256e6b9210,https://xoso.com.vn/xsmt-16-02-2026.html,OK
2026-02-18,Wednesday,KHANH_HOA,843926,31276,20841,52557,32419,06072,27667,57976,74214,44490,63090,99528,2774,9542,2991,3754,698,80,6ed36cfd294152b5,https://xoso.com.vn/xsmt-18-02-2026.html,OK
2026-02-22,Sunday,HUE,541580,87778,00209,18465,87235,01800,81484,31618,17075,87254,82539,96148,2226,4674,7324,0748,718,66,9c69350ded7d3132,https://xoso.com.vn/xsmt-22-02-2026.html,OK
2026-02-22,Sunday,KHANH_HOA,575533,38222,42532,93977,62834,04904,16638,05308,35548,21076,60165,20699,1866,3538,6954,0770,701,85,bcaa15d5fe7abe3a,https://xoso.com.vn/xsmt-22-02-2026.html,OK
2026-02-22,Sunday,KON_TUM,184099,86927,37036,83931,71242,21518,02005,62008,04322,95980,25265,34089,9558,0705,2280,8076,096,38,94903eab90b9d554,https://xoso.com.vn/xsmt-22-02-2026.html,OK
2026-02-23,Monday,HUE,071982,67551,64779,59000,17917,45494,35685,85824,24793,07232,99936,85752,9957,0496,9683,6258,211,96,04ac233b1cb0d288,https://xoso.com.vn/xsmt-23-02-2026.html,OK
2026-02-25,Wednesday,KHANH_HOA,551175,77855,35117,22910,55986,36806,05260,20290,86472,34513,87638,87729,2589,5339,3399,0426,058,89,819318b6494ab31d,https://xoso.com.vn/xsmt-25-02-2026.html,OK
2026-03-01,Sunday,HUE,600510,74764,50046,94920,79888,52306,53322,64026,12947,76798,60494,62638,6103,7604,7001,4550,225,08,fbccd8393c0ac5e5,https://xoso.com.vn/xsmt-01-03-2026.html,OK
2026-03-01,Sunday,KHANH_HOA,131340,18119,16102,63085,92351,75655,74979,70439,49138,05985,56847,12027,7615,0150,2944,4031,402,95,eeed1646669d3f9e,https://xoso.com.vn/xsmt-01-03-2026.html,OK
2026-03-01,Sunday,KON_TUM,453019,72887,20191,83765,54988,29209,05614,75930,46847,02718,43071,41267,6975,1677,1603,2406,978,00,adf24d7e9d200d36,https://xoso.com.vn/xsmt-01-03-2026.html,OK
2026-03-02,Monday,HUE,280395,77056,26139,89279,89703,99836,36330,52403,91818,59560,04955,39213,4716,3213,1061,7385,453,86,f53fc23e74b697ca,https://xoso.com.vn/xsmt-02-03-2026.html,OK
2026-03-04,Wednesday,KHANH_HOA,971174,78634,98458,36152,57187,75104,27882,46843,23845,72029,19737,70782,2074,2958,2372,5786,449,88,6950775ea6ddb6b0,https://xoso.com.vn/xsmt-04-03-2026.html,OK
2026-03-08,Sunday,HUE,230678,42852,11041,41062,69417,32435,88044,23905,79060,69255,72976,59571,3879,0367,9581,3764,186,50,d9fa77733fdabe81,https://xoso.com.vn/xsmt-08-03-2026.html,OK
2026-03-08,Sunday,KHANH_HOA,658034,45275,73727,88464,01521,30665,95635,88179,13762,04831,14586,70579,4846,5341,4072,0606,922,65,716676b510274132,https://xoso.com.vn/xsmt-08-03-2026.html,OK
2026-03-08,Sunday,KON_TUM,124833,02578,42774,15972,82602,13530,10645,70265,37143,10555,07430,69530,8709,2815,7465,6770,153,98,72c3df716982f63c,https://xoso.com.vn/xsmt-08-03-2026.html,OK
2026-03-09,Monday,HUE,840103,94486,24525,28094,67873,21455,24498,40983,62965,19788,02697,45642,2619,7655,7914,9077,661,32,c252bb076cef9740,https://xoso.com.vn/xsmt-09-03-2026.html,OK
2026-03-11,Wednesday,KHANH_HOA,866862,87359,38628,17502,64111,14548,08365,43457,02801,69899,81290,99816,0781,6648,9722,4424,377,87,334abda9cf946a69,https://xoso.com.vn/xsmt-11-03-2026.html,OK
2026-03-15,Sunday,HUE,331464,54426,67165,11705,23736,14511,37269,04075,83665,92311,37036,49229,7456,0624,4311,6361,529,87,203356b78189c7fe,https://xoso.com.vn/xsmt-15-03-2026.html,OK
2026-03-15,Sunday,KHANH_HOA,518891,84059,91486,60620,19038,04709,45425,06204,01306,03787,16667,96929,5912,9212,9798,4433,795,50,a08b7ca54957f90c,https://xoso.com.vn/xsmt-15-03-2026.html,OK
2026-03-15,Sunday,KON_TUM,002345,58224,12846,58073,63904,35671,32376,42958,93845,52017,63156,90040,0227,2447,8671,7850,091,01,ca394c92ea8bd859,https://xoso.com.vn/xsmt-15-03-2026.html,OK
2026-03-16,Monday,HUE,568408,76076,52033,62991,48429,46885,48276,90988,83396,80137,89104,89581,0088,9055,5934,7928,277,47,9288ac1c4f15330f,https://xoso.com.vn/xsmt-16-03-2026.html,OK
2026-03-18,Wednesday,KHANH_HOA,345636,13471,69711,31685,73035,18563,81343,68056,10085,50674,92505,72513,3258,6207,1854,9388,966,15,24e1e63df01ce7f3,https://xoso.com.vn/xsmt-18-03-2026.html,OK
2026-03-22,Sunday,HUE,881533,77931,02087,67695,57816,79147,77030,23049,85806,33302,56082,09563,3097,8114,6962,9327,249,94,32e2ce00bc434130,https://xoso.com.vn/xsmt-22-03-2026.html,OK
2026-03-22,Sunday,KHANH_HOA,648581,27004,01647,61561,75310,43181,24576,37385,99808,90067,72708,34931,8074,9944,6291,6820,442,06,452c3c6db071cda3,https://xoso.com.vn/xsmt-22-03-2026.html,OK
2026-03-22,Sunday,KON_TUM,784140,28567,46385,94655,89555,68959,36661,44108,97089,27187,44188,31673,6624,2729,0655,0177,394,80,d1ab300042618d13,https://xoso.com.vn/xsmt-22-03-2026.html,OK
2026-03-23,Monday,HUE,888807,17869,63271,04771,81332,64566,01293,56119,53565,92344,32528,64681,5872,8066,5218,1379,542,54,afa073deeaf8fb9c,https://xoso.com.vn/xsmt-23-03-2026.html,OK
2026-03-25,Wednesday,KHANH_HOA,037532,43284,44196,90133,31585,69759,79881,11279,55891,37546,81279,66265,0196,0308,3362,4966,382,09,73c1b2e55a5da487,https://xoso.com.vn/xsmt-25-03-2026.html,OK
2026-03-29,Sunday,HUE,924386,43721,01577,43363,20962,35865,89098,99726,25189,85773,65363,98843,8149,3979,5806,7281,223,66,c829e6eb76cf1b28,https://xoso.com.vn/xsmt-29-03-2026.html,OK
2026-03-29,Sunday,KHANH_HOA,589049,14275,60044,36543,14112,39480,86251,87076,10908,79047,83601,72446,9406,9580,1046,6087,393,30,1441741183d61362,https://xoso.com.vn/xsmt-29-03-2026.html,OK
2026-03-29,Sunday,KON_TUM,914993,76446,88216,71844,89867,14811,76651,69029,11324,83818,79261,91516,9858,3690,2919,7752,306,70,944c52a4f0afe58b,https://xoso.com.vn/xsmt-29-03-2026.html,OK
2026-03-30,Monday,HUE,717636,75993,67441,31127,62221,14969,19092,37435,94631,06161,32743,76071,2724,8406,0703,5346,144,78,31022f0f0cbc4e35,https://xoso.com.vn/xsmt-30-03-2026.html,OK
2026-04-01,Wednesday,KHANH_HOA,339568,27697,52567,11864,79213,12713,90705,86627,93595,70912,19100,62731,0207,3061,1132,1822,969,97,887b6b8455d33f34,https://xoso.com.vn/xsmt-01-04-2026.html,OK
2026-04-05,Sunday,HUE,507554,37001,77219,69767,71524,07594,62512,61935,38551,07784,05015,32584,9877,1057,1825,4067,413,70,e85bb930f9d8d2ca,https://xoso.com.vn/xsmt-05-04-2026.html,OK
2026-04-05,Sunday,KHANH_HOA,106834,47288,84197,73839,34242,10028,57691,31553,82736,79660,77093,71074,1146,3501,8515,3974,075,22,dc0eb2e7060cced8,https://xoso.com.vn/xsmt-05-04-2026.html,OK
2026-04-05,Sunday,KON_TUM,003667,16646,48895,99111,55025,48925,88747,12197,64812,81825,46351,45638,7027,9361,7270,0125,433,12,8cefd1e43f51e7db,https://xoso.com.vn/xsmt-05-04-2026.html,OK
2026-04-06,Monday,HUE,303904,09486,10657,17418,84124,40493,27308,99224,47021,12204,59724,59624,7721,2332,7586,6707,526,95,c5a75b97efb40438,https://xoso.com.vn/xsmt-06-04-2026.html,OK
2026-04-08,Wednesday,KHANH_HOA,732501,00392,14837,15567,85488,72175,23412,90076,15311,53934,89420,68512,2307,3016,1887,1983,043,07,9bce68efc917beba,https://xoso.com.vn/xsmt-08-04-2026.html,OK
2026-04-12,Sunday,HUE,878653,29371,63011,87746,73391,17701,82340,46935,23528,96803,47018,65014,9862,7861,4841,0910,175,03,c721124defcb5619,https://xoso.com.vn/xsmt-12-04-2026.html,OK
2026-04-12,Sunday,KHANH_HOA,243524,70476,99482,76867,76983,19849,01141,05077,86647,30039,85452,68814,9817,6469,0928,9060,467,24,80551898d331c66c,https://xoso.com.vn/xsmt-12-04-2026.html,OK
2026-04-12,Sunday,KON_TUM,259939,22283,78002,54335,63721,27982,16712,95942,85278,75090,84557,31846,7130,4855,5784,3606,183,39,3015857ca6bfa6e8,https://xoso.com.vn/xsmt-12-04-2026.html,OK
2026-04-13,Monday,HUE,705900,17913,05319,80514,80333,29666,95969,28143,87122,87282,96264,83985,0260,5351,1560,4074,412,04,59ad7c6fa00fc234,https://xoso.com.vn/xsmt-13-04-2026.html,OK
2026-04-15,Wednesday,KHANH_HOA,665456,22308,67088,02256,51834,10783,26573,55511,95617,94206,29692,46252,1402,3849,7188,8671,049,80,88de7b0e4b8ac1e0,https://xoso.com.vn/xsmt-15-04-2026.html,OK
2026-04-19,Sunday,HUE,481381,20661,73270,99750,83190,99949,40438,71270,47407,05659,33332,98911,2503,2891,3073,1390,645,56,8515d8d10190142e,https://xoso.com.vn/xsmt-19-04-2026.html,OK
2026-04-19,Sunday,KHANH_HOA,459645,49854,09173,45634,07053,53704,81665,76044,66774,63239,45270,71400,7075,0548,0168,1089,276,03,a30e254f6e84fb75,https://xoso.com.vn/xsmt-19-04-2026.html,OK
2026-04-19,Sunday,KON_TUM,901057,96380,98178,95545,12673,16195,95701,20081,78367,71384,16484,10125,6385,3240,6516,5559,006,92,36492fd66c8165a9,https://xoso.com.vn/xsmt-19-04-2026.html,OK
2026-04-20,Monday,HUE,850554,78454,92450,50773,42913,46467,01527,11282,45195,36992,35093,43209,4437,0631,9649,4772,845,52,bc3dddc83cc80253,https://xoso.com.vn/xsmt-20-04-2026.html,OK
2026-04-22,Wednesday,KHANH_HOA,573973,00755,30184,38315,48976,20238,30410,81930,75148,25799,02603,49218,9738,3446,5873,8720,272,35,9eb11b648be40fdf,https://xoso.com.vn/xsmt-22-04-2026.html,OK
2026-04-26,Sunday,HUE,988002,73557,15002,24790,09135,95660,87433,04454,78207,68065,67762,11535,3792,9250,4994,2830,484,74,3c2f10929848ab66,https://xoso.com.vn/xsmt-26-04-2026.html,OK
2026-04-26,Sunday,KHANH_HOA,676666,33562,10575,15623,36831,68028,86231,96026,45819,67732,16683,99555,1871,2399,6445,6230,682,47,4d55a729003f34b2,https://xoso.com.vn/xsmt-26-04-2026.html,OK
2026-04-26,Sunday,KON_TUM,683004,47568,25582,87591,01484,75390,64223,57939,54754,02780,22849,46142,9981,6214,8550,9032,023,42,c6bf2df3736bee45,https://xoso.com.vn/xsmt-26-04-2026.html,OK
2026-04-27,Monday,HUE,836508,89366,67358,79595,41866,98922,96597,95228,17943,27156,19087,51791,9554,7933,4114,2186,634,86,51d44ac442327312,https://xoso.com.vn/xsmt-27-04-2026.html,OK
2026-04-29,Wednesday,KHANH_HOA,933564,54085,67106,02538,49793,83357,18119,58185,53830,66919,72846,51862,0698,6302,5348,0067,139,74,d204897583688fdb,https://xoso.com.vn/xsmt-29-04-2026.html,OK
2026-05-03,Sunday,HUE,155055,87109,92548,75662,58265,32387,23381,41312,10588,76646,05518,56891,2801,3875,2784,4674,042,08,892050f20f7beef2,https://xoso.com.vn/xsmt-03-05-2026.html,OK
2026-05-03,Sunday,KHANH_HOA,150982,22453,82285,86920,54637,57963,19399,86601,08508,84531,97071,10787,4053,2119,5897,5221,478,09,8da978c101a03b6b,https://xoso.com.vn/xsmt-03-05-2026.html,OK
2026-05-03,Sunday,KON_TUM,122248,84952,36642,90443,39872,71739,43171,60700,84895,69784,09985,62744,2895,0392,9478,0614,465,00,27ba0a0b6124870b,https://xoso.com.vn/xsmt-03-05-2026.html,OK
2026-05-04,Monday,HUE,559552,55081,32017,05582,47549,88045,93952,68029,13995,61145,83829,30438,1201,2074,7465,5316,051,94,541d4822c5d3c86e,https://xoso.com.vn/xsmt-04-05-2026.html,OK
2026-05-06,Wednesday,KHANH_HOA,102504,35184,62629,16079,72434,06472,88012,26720,68748,02550,61911,01131,2937,6597,8802,9435,578,85,9a9e63d9dac479da,https://xoso.com.vn/xsmt-06-05-2026.html,OK
2026-05-10,Sunday,HUE,694933,96901,73227,54590,73543,80767,13792,42532,01508,43768,15724,30512,9045,7132,1848,8501,368,39,c759c451e5e4ea75,https://xoso.com.vn/xsmt-10-05-2026.html,OK
2026-05-10,Sunday,KHANH_HOA,150818,22809,12754,10839,82767,23175,57914,76800,07192,87952,57966,16827,3354,8024,4193,8269,815,29,2a9f2d91790117fb,https://xoso.com.vn/xsmt-10-05-2026.html,OK
2026-05-10,Sunday,KON_TUM,432544,41050,84135,32328,81298,88695,32328,35926,82795,24224,96864,68503,5191,8876,9177,0648,271,68,b889a1cb5d3e3157,https://xoso.com.vn/xsmt-10-05-2026.html,OK
2026-05-11,Monday,HUE,793529,23932,54855,15787,41022,17921,42646,76943,47357,10503,45232,88728,4787,0253,3166,6359,292,02,984ffc3eef21a536,https://xoso.com.vn/xsmt-11-05-2026.html,OK
2026-05-13,Wednesday,KHANH_HOA,413370,51445,59208,77545,35285,16012,77738,09524,21868,89661,55948,98184,1119,8659,1887,8391,265,58,325021d0df5fae35,https://xoso.com.vn/xsmt-13-05-2026.html,OK
2026-05-17,Sunday,HUE,680674,93585,64501,08497,23218,77158,84709,72831,35996,32571,68277,79560,9753,9906,8410,0136,454,85,9a900b7ec9a4307a,https://xoso.com.vn/xsmt-17-05-2026.html,OK
2026-05-17,Sunday,KHANH_HOA,899519,01758,74790,82295,83822,25405,14398,34494,98180,12448,17439,47051,0322,8874,8146,6648,333,12,3c383a550616c805,https://xoso.com.vn/xsmt-17-05-2026.html,OK
2026-05-17,Sunday,KON_TUM,457888,60094,94679,01415,78662,59765,13095,19829,72648,00857,69746,86475,5334,6709,0455,5932,547,48,24a530a8a4e3822f,https://xoso.com.vn/xsmt-17-05-2026.html,OK
2026-05-18,Monday,HUE,449399,53676,80633,97610,76122,20873,85291,44376,67265,86342,36855,60501,5224,3976,1622,7075,565,24,cf7798593295e583,https://xoso.com.vn/xsmt-18-05-2026.html,OK
2026-05-20,Wednesday,KHANH_HOA,914016,43462,55773,01544,92194,37705,60499,16419,13718,91139,45302,22005,6713,6691,7549,0767,387,28,b88b24b03e5e04e1,https://xoso.com.vn/xsmt-20-05-2026.html,OK
2026-05-24,Sunday,HUE,032740,41391,79011,69695,18389,55175,62007,03312,53261,26703,43913,26848,2282,7470,1804,6936,694,38,987795633e738891,https://xoso.com.vn/xsmt-24-05-2026.html,OK
2026-05-24,Sunday,KHANH_HOA,554022,67779,52406,95071,13120,34555,25147,07197,12545,38482,93353,72378,2778,8501,7750,4098,289,32,5e23e6d6ad52f2dd,https://xoso.com.vn/xsmt-24-05-2026.html,OK
2026-05-24,Sunday,KON_TUM,179833,36453,06000,82855,88995,82317,33389,27431,57887,11244,89975,76340,0574,6392,1851,2174,154,37,d53b04879dc57c70,https://xoso.com.vn/xsmt-24-05-2026.html,OK
2026-05-25,Monday,HUE,410154,71122,09767,77399,15416,75513,97811,91148,57239,86520,48888,81377,6914,2118,3452,9697,918,49,50888a434f66853a,https://xoso.com.vn/xsmt-25-05-2026.html,OK
2026-05-27,Wednesday,KHANH_HOA,295812,40057,27422,69556,90651,63964,82000,76915,89358,09408,15704,91392,5045,3438,8260,5218,633,31,eb407804e3587711,https://xoso.com.vn/xsmt-27-05-2026.html,OK
2026-05-31,Sunday,HUE,371354,48824,37695,18976,29823,94024,85587,03176,37252,41318,30075,29456,6492,4159,6949,8396,301,93,c917945f5c6c2971,https://xoso.com.vn/xsmt-31-05-2026.html,OK
2026-05-31,Sunday,KHANH_HOA,536294,18276,82755,84813,28041,80908,25391,32789,32586,91873,16459,78802,0068,2161,5810,1059,765,31,a75e08aee6f4f5d0,https://xoso.com.vn/xsmt-31-05-2026.html,OK
2026-05-31,Sunday,KON_TUM,633119,57164,98397,51582,27665,58956,42689,38621,27245,23726,01698,78589,6552,8052,1641,9235,118,31,64f957df2ade0e2e,https://xoso.com.vn/xsmt-31-05-2026.html,OK
2026-06-01,Monday,HUE,013428,75893,35617,13446,26463,38095,11793,24476,42859,17764,07963,17302,7995,8875,4982,8158,097,01,968194be7ce9c8a4,https://xoso.com.vn/xsmt-01-06-2026.html,OK
2026-06-03,Wednesday,KHANH_HOA,863914,40960,70789,38452,01760,36454,07068,21238,98793,13806,40414,15906,1094,8811,5557,3749,887,71,ccad88ce3a34b82f,https://xoso.com.vn/xsmt-03-06-2026.html,OK
2026-06-07,Sunday,HUE,666379,06723,77838,41191,84885,50685,58905,08826,89320,60391,80520,62482,3992,9458,7947,3828,428,82,84fb6aad92d1d1f9,https://xoso.com.vn/xsmt-07-06-2026.html,OK
2026-06-07,Sunday,KHANH_HOA,838736,26801,72888,80897,59285,13277,18750,10634,64185,56799,29597,51784,9077,7924,5053,9552,774,88,2417298fe091c25c,https://xoso.com.vn/xsmt-07-06-2026.html,OK
2026-06-07,Sunday,KON_TUM,327574,48086,77026,39042,98039,81391,99418,61605,39599,42817,18617,69740,1488,6501,7911,1909,954,99,11d3e635a9bec47e,https://xoso.com.vn/xsmt-07-06-2026.html,OK
2026-06-08,Monday,HUE,744184,92655,51067,12968,85605,93708,57856,36529,51515,26445,65378,82518,9078,7538,4254,1904,400,27,62c22b71980b9eef,https://xoso.com.vn/xsmt-08-06-2026.html,OK
2026-06-10,Wednesday,KHANH_HOA,087038,07985,32147,32276,56291,53630,28080,28722,29138,61709,53109,41368,6592,0631,3069,2118,217,78,2ccaa0d7ce691a2c,https://xoso.com.vn/xsmt-10-06-2026.html,OK
2026-06-14,Sunday,HUE,028536,37212,60858,64388,26609,96323,24052,90083,28968,18170,37390,88640,5271,6853,4100,8144,613,31,014c0d0f2ee23abf,https://xoso.com.vn/xsmt-14-06-2026.html,OK
2026-06-14,Sunday,KHANH_HOA,309580,23860,96426,70829,67954,31740,97589,98291,63545,58946,06064,53378,2833,7984,8651,4941,390,40,20e41853a3b0d568,https://xoso.com.vn/xsmt-14-06-2026.html,OK
2026-06-14,Sunday,KON_TUM,645395,74137,98657,14693,98939,25062,67523,46741,31089,98717,12138,49836,8171,3585,6270,4861,627,52,0a40d8d4c4a76b26,https://xoso.com.vn/xsmt-14-06-2026.html,OK
2026-06-15,Monday,HUE,339761,75966,87093,08643,79054,99770,29817,67592,80657,88873,60298,09084,9594,2831,9542,5417,674,36,0606c5401c416e1b,https://xoso.com.vn/xsmt-15-06-2026.html,OK
2026-06-17,Wednesday,KHANH_HOA,089399,33934,13157,98052,92923,98138,41482,89264,60801,17618,48564,80802,7717,6932,1660,3996,572,03,21b92b4d2c36db0d,https://xoso.com.vn/xsmt-17-06-2026.html,OK
2026-06-21,Sunday,HUE,010504,96045,33279,50647,88841,82482,40331,59949,52582,54786,56347,37547,8847,2745,7974,0244,069,49,43110d02bae879be,https://xoso.com.vn/xsmt-21-06-2026.html,OK
2026-06-21,Sunday,KHANH_HOA,024130,62122,39826,10827,15443,76814,78355,81750,72329,80699,51961,53181,0220,8271,5840,7257,393,93,931687a6ed8079ca,https://xoso.com.vn/xsmt-21-06-2026.html,OK
2026-06-21,Sunday,KON_TUM,777871,60043,36759,49624,01154,53781,79221,19245,54235,71960,25087,77088,6003,0943,1959,2480,546,06,e6898c042430fd66,https://xoso.com.vn/xsmt-21-06-2026.html,OK
2026-06-22,Monday,HUE,122206,85901,74557,63545,41808,48607,92193,33658,00283,75552,48062,33641,9655,3200,8783,1819,828,43,d5ef0f3bb65a9003,https://xoso.com.vn/xsmt-22-06-2026.html,OK
2026-06-24,Wednesday,KHANH_HOA,323992,74122,94328,63631,85489,56352,96919,38922,15759,58094,23593,06712,9943,4222,7727,0232,677,81,3dc52c0ae113eb6c,https://xoso.com.vn/xsmt-24-06-2026.html,OK
2026-06-28,Sunday,HUE,482089,62264,14536,21756,81494,14693,12505,22841,79479,20428,79415,66438,6197,0806,3375,1497,428,89,ec5dabc128e28768,https://xoso.com.vn/xsmt-28-06-2026.html,OK
2026-06-28,Sunday,KHANH_HOA,866764,64297,42723,14592,47139,99249,59052,97722,47862,97442,96757,75611,6221,4025,8532,1027,904,51,22cbd8460ed22446,https://xoso.com.vn/xsmt-28-06-2026.html,OK
2026-06-28,Sunday,KON_TUM,738732,58856,70429,44397,48798,89500,70200,84508,15115,88472,03531,58314,3106,0680,2198,1449,493,61,d9bb45109125fe79,https://xoso.com.vn/xsmt-28-06-2026.html,OK
2026-06-29,Monday,HUE,475909,43027,14684,14379,98713,12813,12455,23938,77682,40868,90555,12416,3300,0780,2946,4465,177,23,52a5ce1be99aac99,https://xoso.com.vn/xsmt-29-06-2026.html,OK
2026-07-01,Wednesday,KHANH_HOA,835168,51255,43844,49671,03438,99320,19254,37559,27469,30568,09735,58095,0837,1578,6872,1946,495,01,1e124bbb9d06a379,https://xoso.com.vn/xsmt-01-07-2026.html,OK
2026-07-05,Sunday,HUE,318927,48387,22957,41587,19646,60242,17809,19296,79100,46440,02934,03474,7471,7197,5591,4190,390,12,7422887bd91f3e3f,https://xoso.com.vn/xsmt-05-07-2026.html,OK
2026-07-05,Sunday,KHANH_HOA,326063,33780,90374,74635,07311,41086,01024,13066,39502,99050,54892,42596,8688,7724,3711,5653,964,84,dae8fa0c3cfa2944,https://xoso.com.vn/xsmt-05-07-2026.html,OK
2026-07-05,Sunday,KON_TUM,818561,63266,27516,24711,03455,44809,62389,20237,85660,88080,41758,76453,2274,8007,4225,4950,245,07,2048b67940dd8c2e,https://xoso.com.vn/xsmt-05-07-2026.html,OK
2026-07-06,Monday,HUE,110194,07803,94339,30349,07846,73282,01930,03127,00465,54331,53555,43082,6328,2412,9388,2010,859,73,8e219b28bf99a122,https://xoso.com.vn/xsmt-06-07-2026.html,OK
2026-07-08,Wednesday,KHANH_HOA,918917,49246,34174,53763,80018,06448,42825,02908,46814,55279,83027,62021,0140,6107,9681,1214,414,34,38b6726731570fa0,https://xoso.com.vn/xsmt-08-07-2026.html,OK
2026-07-12,Sunday,HUE,010042,07554,86182,17579,33043,58752,13781,20371,97318,61022,66612,31767,0313,7798,2833,8881,565,88,b50bb238585d2bbc,https://xoso.com.vn/xsmt-12-07-2026.html,OK
2026-07-12,Sunday,KHANH_HOA,437936,66267,05845,78059,24566,63804,73588,30479,06527,58990,90754,78132,3949,5556,4073,0942,147,10,35e04be702bfb8cf,https://xoso.com.vn/xsmt-12-07-2026.html,OK
2026-07-12,Sunday,KON_TUM,613301,68587,44666,90096,09408,21413,98780,99766,02973,32709,22164,38583,2472,1058,5641,9507,344,00,124de6f0ed53fecd,https://xoso.com.vn/xsmt-12-07-2026.html,OK
2026-07-13,Monday,HUE,306089,06663,61821,28203,63163,03492,74893,78047,73483,57356,37339,74770,0586,6230,3033,8957,786,79,6d9601c0cddaffde,https://xoso.com.vn/xsmt-13-07-2026.html,OK
2026-07-15,Wednesday,KHANH_HOA,193826,92329,25997,56183,77559,49055,57346,90325,24231,25640,75688,59596,8957,4395,1897,3188,482,57,04ee6a5920804765,https://xoso.com.vn/xsmt-15-07-2026.html,OK
2026-07-19,Sunday,HUE,136472,24364,86743,44907,58362,68004,73671,86048,16205,35765,38790,17679,2492,1681,1204,2389,186,44,6610ba1a5ead7e52,https://xoso.com.vn/xsmt-19-07-2026.html,OK
2026-07-19,Sunday,KHANH_HOA,048363,84290,02883,38024,75151,64467,33451,43916,67060,99831,31952,41050,4023,5410,8953,6326,727,44,afc75faf21d4918a,https://xoso.com.vn/xsmt-19-07-2026.html,OK
2026-07-19,Sunday,KON_TUM,359736,93485,61793,67790,16032,81110,11379,27482,00670,94760,20592,09964,0842,5799,1977,3820,079,06,4d6bdd0fef65dd79,https://xoso.com.vn/xsmt-19-07-2026.html,OK
2026-07-20,Monday,HUE,586052,70119,61731,53485,17971,93853,59479,82490,87766,66631,37210,45549,9889,2909,5178,9198,151,68,c2f1fe7cea6fc660,https://xoso.com.vn/xsmt-20-07-2026.html,OK
2026-07-22,Wednesday,KHANH_HOA,232147,41562,73353,27325,94665,42730,71770,98134,14579,09120,16246,27927,8528,7349,0203,8432,407,93,ff95fbceda35e4e2,https://xoso.com.vn/xsmt-22-07-2026.html,OK
2026-07-26,Sunday,HUE,122781,22717,69093,00793,58001,52275,95372,43519,06901,78253,86145,99202,2047,6919,7434,9793,424,94,bf7afcd21f978cd2,https://xoso.com.vn/xsmt-26-07-2026.html,OK
2026-07-26,Sunday,KHANH_HOA,672739,06942,93302,07613,59525,10352,60099,86992,68274,36410,59020,56758,4481,2022,8596,3262,038,38,61b3775b699ad8cd,https://xoso.com.vn/xsmt-26-07-2026.html,OK
2026-07-26,Sunday,KON_TUM,734892,35414,06510,01060,90865,27026,92127,46016,49011,82848,80068,40628,6798,5432,4190,5245,453,39,155e59122cfb3998,https://xoso.com.vn/xsmt-26-07-2026.html,OK
2026-07-27,Monday,HUE,997718,53608,27004,64250,81458,28852,34252,08617,09551,03454,58320,91422,7228,5093,5691,1252,873,51,286d275499d13402,https://xoso.com.vn/xsmt-27-07-2026.html,OK
2026-07-29,Wednesday,KHANH_HOA,351055,41584,57507,78950,60248,89786,21049,75899,49698,10751,86722,85494,2425,1667,2482,1583,936,98,bffc04f7ca556085,https://xoso.com.vn/xsmt-29-07-2026.html,OK
2026-08-02,Sunday,HUE,960809,12027,21197,01744,20654,95935,88280,47466,72092,14388,61980,45832,6391,2138,8947,7818,571,21,4a17e59ba64db435,https://xoso.com.vn/xsmt-02-08-2026.html,OK
2026-08-02,Sunday,KHANH_HOA,840173,16395,60120,42440,40451,79317,07514,90360,77799,20532,36680,39774,0949,3324,3262,5569,721,64,5b6460381f6cc8bc,https://xoso.com.vn/xsmt-02-08-2026.html,OK
2026-08-02,Sunday,KON_TUM,375859,91360,89327,26151,84997,61260,67872,39637,82893,67083,73176,54169,1253,8443,6633,6941,362,25,b9f8ffd7d918a912,https://xoso.com.vn/xsmt-02-08-2026.html,OK
2026-08-03,Monday,HUE,546731,81826,35299,54605,34475,45490,71079,97628,36632,37935,19156,01589,7985,6997,1368,6326,632,04,192c2c5693cba675,https://xoso.com.vn/xsmt-03-08-2026.html,OK
2026-08-05,Wednesday,KHANH_HOA,659414,27674,46176,20480,73676,60342,49155,66952,29528,61028,40900,33926,2008,1704,7745,7258,266,95,ddcf18819bc2c751,https://xoso.com.vn/xsmt-05-08-2026.html,OK
2026-08-09,Sunday,HUE,401374,31180,98504,15847,66556,94928,50245,75899,61055,72540,89781,65956,7580,6397,4086,5951,555,20,701031c0a4bebee7,https://xoso.com.vn/xsmt-09-08-2026.html,OK
2026-08-09,Sunday,KHANH_HOA,610030,67223,55622,62787,91361,79240,37977,05221,39659,31362,43082,58339,7914,4655,6444,2746,158,82,ac27f85c0ca79b6c,https://xoso.com.vn/xsmt-09-08-2026.html,OK
2026-08-09,Sunday,KON_TUM,257468,30088,37586,70453,08729,45732,82665,00543,95650,64597,92859,71668,1821,9716,0116,0761,451,51,b54963da209440dc,https://xoso.com.vn/xsmt-09-08-2026.html,OK
2026-08-10,Monday,HUE,356426,12160,12236,58044,72373,27827,84823,53125,57135,78477,85023,95468,5664,1350,9611,3259,176,08,76a169b8132ad7fe,https://xoso.com.vn/xsmt-10-08-2026.html,OK
2026-08-12,Wednesday,KHANH_HOA,053232,48012,55076,96102,75916,12335,71405,30931,35288,80849,84689,47702,6931,4929,8265,0425,094,54,481c3852ec129070,https://xoso.com.vn/xsmt-12-08-2026.html,OK
2026-08-16,Sunday,HUE,023464,83943,84898,74856,78473,62988,72724,90785,95983,75891,58787,13508,9945,4596,0723,3482,106,96,dbb62dd9233413af,https://xoso.com.vn/xsmt-16-08-2026.html,OK
2026-08-16,Sunday,KHANH_HOA,685303,02314,48343,44080,31645,95216,23398,91377,50636,92931,99601,40949,8888,5108,9119,2854,973,86,43e0c499e583a945,https://xoso.com.vn/xsmt-16-08-2026.html,OK
2026-08-16,Sunday,KON_TUM,128077,12135,61800,68303,73312,54398,79151,70522,62996,29156,16124,93412,4405,9560,5733,6137,791,00,2c1594de1721f4cf,https://xoso.com.vn/xsmt-16-08-2026.html,OK
2026-08-17,Monday,HUE,829055,71504,92664,08747,26307,16837,91128,81224,93012,14244,88548,67880,2155,5883,2802,0755,425,64,4f34655252b22ef4,https://xoso.com.vn/xsmt-17-08-2026.html,OK
2026-08-19,Wednesday,KHANH_HOA,167249,10559,60622,09943,35933,49719,42269,35555,19769,86416,42497,21332,0848,8108,7489,8764,929,27,ce34de348c021187,https://xoso.com.vn/xsmt-19-08-2026.html,OK
