date,weekday,province_code,special,prize1,prize2,prize3_1,prize3_2,prize4_1,prize4_2,prize4_3,prize4_4,prize4_5,prize4_6,prize4_7,prize5,prize6_1,prize6_2,prize6_3,prize7,prize8,signature,source_url,qc_status
2020-01-04,Saturday,TPHCM,830331,22175,00454,28341,88788,53970,01756,92440,12645,43836,23845,53258,1835,4450,9600,2537,626,10,7bfc077e5ecc16d1,https://xoso.com.vn/xsmn-04-01-2020.html,OK
2020-01-06,Monday,TPHCM,418470,83056,06177,43694,25686,44172,51863,10390,63423,98357,64711,32659,2209,7561,0715,1460,738,14,0ddc8823639b15fe,https://xoso.com.vn/xsmn-06-01-2020.html,OK
2020-01-11,Saturday,TPHCM,982705,41714,80839,91968,15748,21724,51850,41392,99727,50874,66726,38113,6505,9038,1939,1609,740,84,1eb124a97707c80f,https://xoso.com.vn/xsmn-11-01-2020.html,OK
2020-01-13,Monday,TPHCM,695662,39292,00585,69816,62962,92357,78499,95280,56705,31258,60987,90686,9441,3144,2011,8465,748,88,715165439fea0236,https://xoso.com.vn/xsmn-13-01-2020.html,OK
2020-01-18,Saturday,TPHCM,084653,17468,40043,48968,51661,45358,49864,34732,66669,26782,94598,07560,6555,2208,0145,3828,894,59,e457e97a2301e5c7,https://xoso.com.vn/xsmn-18-01-2020.html,OK
2020-01-20,Monday,TPHCM,285333,37231,33209,80703,20258,82969,67303,14776,18120,55063,98823,19425,5099,0533,9258,7453,980,28,c11ff52c7cf32c02,https://xoso.com.vn/xsmn-20-01-2020.html,OK
2020-01-25,Saturday,TPHCM,049989,41334,11277,73534,64628,70818,22693,87651,93340,12713,25409,57359,6432,7993,5269,0663,315,32,60628498add9c61a,https://xoso.com.vn/xsmn-25-01-2020.html,OK
2020-01-27,Monday,TPHCM,180309,12204,66438,09112,41393,08933,72134,15665,96966,21116,02109,31888,4580,8770,5573,1150,394,85,c2612f8b3ef84ca7,https://xoso.com.vn/xsmn-27-01-2020.html,OK
2020-02-01,Saturday,TPHCM,959823,01014,58840,45847,52765,17076,29605,85131,51827,78092,54184,44435,1860,4878,8599,5608,723,57,03b1f40299d7ead9,https://xoso.com.vn/xsmn-01-02-2020.html,OK
2020-02-03,Monday,TPHCM,511050,53454,11077,61940,04817,04822,27312,56263,37482,23876,19155,12032,0515,0049,0812,1172,977,71,0f6c905d18e5c3bb,https://xoso.com.vn/xsmn-03-02-2020.html,OK
2020-02-08,Saturday,TPHCM,958841,36382,14474,20663,97059,60762,95933,97946,58848,69822,76201,19688,9765,0168,3011,2775,376,48,acb0e5ed3c3b71d0,https://xoso.com.vn/xsmn-08-02-2020.html,OK
2020-02-10,Monday,TPHCM,566283,21794,87686,66721,46981,63808,39031,65310,53210,54296,55450,74425,8458,6004,1352,5046,981,11,3ba82dd25b4a8056,https://xoso.com.vn/xsmn-10-02-2020.html,OK
2020-02-15,Saturday,TPHCM,456041,99768,18306,77073,05366,99723,71819,76235,31957,48046,07711,35486,2288,7732,8464,3357,137,28,370af72e91844878,https://xoso.com.vn/xsmn-15-02-2020.html,OK
2020-02-17,Monday,TPHCM,814312,55500,43816,27061,09955,85378,83489,85028,92064,98945,19057,20813,8417,5986,7862,3646,305,19,34ea9baff56b0071,https://xoso.com.vn/xsmn-17-02-2020.html,OK
2020-02-22,Saturday,TPHCM,153601,21032,80851,28659,62610,88417,18689,95767,27946,54551,62402,59674,4290,0514,8697,1514,246,66,934fc3cf662d7735,https://xoso.com.vn/xsmn-22-02-2020.html,OK
2020-02-24,Monday,TPHCM,236092,56723,62946,25304,79854,49144,05313,01408,44501,61066,37072,36696,4888,5390,7387,9914,266,80,ac5a08d29b2a4846,https://xoso.com.vn/xsmn-24-02-2020.html,OK
2020-02-29,Saturday,TPHCM,049184,79504,32644,59399,51223,85321,20574,74197,02595,18091,93057,68803,8919,5116,8602,3405,325,19,b10ecd539cc20828,https://xoso.com.vn/xsmn-29-02-2020.html,OK
2020-03-02,Monday,TPHCM,365329,12833,72124,93768,79400,30770,68261,99324,95099,07795,08524,93706,1923,5123,9811,7398,587,24,1379ca57b8ff09c1,https://xoso.com.vn/xsmn-02-03-2020.html,OK
2020-03-07,Saturday,TPHCM,231706,57305,66440,14574,40384,49979,84430,70206,73295,74253,93099,85912,1800,8153,4240,6374,060,51,39fd9277d4dfbeeb,https://xoso.com.vn/xsmn-07-03-2020.html,OK
2020-03-09,Monday,TPHCM,430062,51830,95667,85277,72073,47688,93836,40714,86494,43215,15270,38489,8851,8643,0338,5811,247,43,2b01e0423bff9a4e,https://xoso.com.vn/xsmn-09-03-2020.html,OK
2020-03-14,Saturday,TPHCM,025319,07417,79653,70139,09212,68733,31531,29362,33825,34706,66869,24632,4665,1582,3759,0042,216,67,30dd02963c4901b0,https://xoso.com.vn/xsmn-14-03-2020.html,OK
2020-03-16,Monday,TPHCM,237611,17094,99830,96915,61126,88760,22297,02264,28017,96473,38994,00797,6172,5232,5715,1242,605,16,b95cea0a9e2be523,https://xoso.com.vn/xsmn-16-03-2020.html,OK
2020-03-21,Saturday,TPHCM,200391,53219,30167,18664,74938,38005,08938,61899,10916,07762,91241,33231,4449,9912,6705,9612,397,16,eb8abf60f2fabb2e,https://xoso.com.vn/xsmn-21-03-2020.html,OK
2020-03-23,Monday,TPHCM,850221,08193,35731,33204,12791,64674,81642,88950,98239,24554,69941,93516,1441,2276,9783,6379,007,34,1ce57720590955f2,https://xoso.com.vn/xsmn-23-03-2020.html,OK
2020-03-28,Saturday,TPHCM,902358,15386,68518,85053,15425,66062,29327,74288,15854,22935,86253,61684,1961,2572,4499,4053,177,55,56fcfb5672d9ffd6,https://xoso.com.vn/xsmn-28-03-2020.html,OK
2020-03-30,Monday,TPHCM,318181,04577,14648,55194,06608,51101,54534,36307,82657,64325,00509,09855,4013,0793,2354,0087,658,12,609265aa79753200,https://xoso.com.vn/xsmn-30-03-2020.html,OK
2020-05-02,Saturday,TPHCM,027935,57874,23195,13649,37270,35104,04920,82208,39171,92473,88419,66866,5077,2005,1907,6335,272,56,c20f83e277c54283,https://xoso.com.vn/xsmn-02-05-2020.html,OK
2020-05-04,Monday,TPHCM,245914,98254,34458,01479,31610,60405,58418,90140,87507,18460,69487,39718,7811,4769,5727,9285,404,79,f17fb7a0ce1f20f4,https://xoso.com.vn/xsmn-04-05-2020.html,OK
2020-05-09,Saturday,TPHCM,028667,01146,44252,35336,84088,95102,29908,15289,72106,75028,76388,10681,4544,8609,0024,6065,932,75,1faa6c394d49766a,https://xoso.com.vn/xsmn-09-05-2020.html,OK
2020-05-11,Monday,TPHCM,577014,92711,25344,84614,30371,31186,81609,92938,34666,74989,72240,70515,9283,4538,4334,7652,252,88,579c4d6b38bbf0ef,https://xoso.com.vn/xsmn-11-05-2020.html,OK
2020-05-16,Saturday,TPHCM,723711,65452,90342,18706,14307,90432,92251,09317,66133,80214,89969,33738,6142,8023,8679,8278,974,24,58bdc72f88c54d30,https://xoso.com.vn/xsmn-16-05-2020.html,OK
2020-05-18,Monday,TPHCM,347672,30357,20137,59784,97055,84000,95682,96242,33430,09841,13032,01898,2166,3698,6014,2156,695,00,b5ddd84827b93a82,https://xoso.com.vn/xsmn-18-05-2020.html,OK
2020-05-23,Saturday,TPHCM,488480,14885,26624,48892,55497,09123,59561,77354,80165,02861,75497,20975,7082,3045,5798,9779,012,95,eedeaf4f8c8711dd,https://xoso.com.vn/xsmn-23-05-2020.html,OK
2020-05-25,Monday,TPHCM,006149,70910,33133,81714,08105,61128,63484,14454,37137,78402,16696,07920,5274,3576,1859,2676,419,92,3f8dab2ea70f361d,https://xoso.com.vn/xsmn-25-05-2020.html,OK
2020-05-30,Saturday,TPHCM,907577,91211,98675,84488,35126,46269,20634,79917,29884,86351,94401,34775,2766,1338,6055,4609,413,71,5e8318018543d10a,https://xoso.com.vn/xsmn-30-05-2020.html,OK
2020-06-01,Monday,TPHCM,499172,51450,70522,12381,66696,95242,69051,57193,90126,74484,24407,52320,1361,3627,3169,8371,298,99,3728c31414a39ecd,https://xoso.com.vn/xsmn-01-06-2020.html,OK
2020-06-06,Saturday,TPHCM,717635,72981,64321,45500,32892,41725,40760,26455,35134,52916,29423,47646,4374,0136,9843,5123,400,18,7a0c57b41266fb98,https://xoso.com.vn/xsmn-06-06-2020.html,OK
2020-06-08,Monday,TPHCM,001064,72283,70370,65937,00386,59096,26580,73491,96764,93136,31109,99991,2952,9249,1774,4076,382,67,00130cac76074317,https://xoso.com.vn/xsmn-08-06-2020.html,OK
2020-06-13,Saturday,TPHCM,108707,88580,67991,80093,27232,97099,56067,24843,66487,53745,87082,60293,6727,8931,8636,3779,735,49,bf5dbfddd625d4e9,https://xoso.com.vn/xsmn-13-06-2020.html,OK
2020-06-15,Monday,TPHCM,456826,04724,85301,31982,49990,79057,56300,60143,55476,04146,81005,18769,8646,0345,9324,3354,774,14,4546233d859079b5,https://xoso.com.vn/xsmn-15-06-2020.html,OK
2020-06-20,Saturday,TPHCM,400167,74187,66004,55202,09370,37414,16675,16740,31802,75884,65188,75963,4602,6925,3909,7650,337,11,adc306728bec3dce,https://xoso.com.vn/xsmn-20-06-2020.html,OK
2020-06-22,Monday,TPHCM,008625,94862,02730,20238,20582,35455,45582,45594,13780,78510,15216,09076,0273,4114,2250,9927,497,73,4528f982cc6607ea,https://xoso.com.vn/xsmn-22-06-2020.html,OK
2020-06-27,Saturday,TPHCM,181065,92704,46360,04284,85164,66921,69409,55529,75133,66775,24557,66882,1915,5871,5380,0721,053,36,1ead5796c38253c0,https://xoso.com.vn/xsmn-27-06-2020.html,OK
2020-06-29,Monday,TPHCM,617635,60467,05603,49342,93981,70338,73412,53525,60771,57199,58455,99176,6348,8846,7657,4660,943,79,b5cd5c3450e6e480,https://xoso.com.vn/xsmn-29-06-2020.html,OK
2020-07-04,Saturday,TPHCM,832802,23367,46162,47112,79833,37306,50525,52430,38566,58780,89273,72795,3446,1690,5268,6770,267,01,e75dbab3efe8ded9,https://xoso.com.vn/xsmn-04-07-2020.html,OK
2020-07-06,Monday,TPHCM,721311,55594,13088,68590,59141,03042,22668,16094,01263,48298,54275,25001,8497,4518,6874,7186,104,26,32e21372326ce193,https://xoso.com.vn/xsmn-06-07-2020.html,OK
2020-07-11,Saturday,TPHCM,347375,78184,38321,37883,74138,48693,94107,65554,31566,81928,51655,12731,1519,7902,1463,0978,292,13,f84dca0bcbf992b9,https://xoso.com.vn/xsmn-11-07-2020.html,OK
2020-07-13,Monday,TPHCM,080644,50552,68457,32091,16939,88962,34961,41788,59716,46725,24271,19003,6217,6853,5252,3262,145,75,f929253a341041f2,https://xoso.com.vn/xsmn-13-07-2020.html,OK
2020-07-18,Saturday,TPHCM,250350,86420,02883,14278,40452,47291,49777,95096,18189,63633,20104,70024,9083,3987,3225,2572,329,42,f9edd52c03ff1131,https://xoso.com.vn/xsmn-18-07-2020.html,OK
2020-07-20,Monday,TPHCM,998773,19966,09474,99571,83211,53888,92582,44033,40130,80214,73487,72369,3336,6832,0113,1503,179,69,21d30c2cf9e5b96f,https://xoso.com.vn/xsmn-20-07-2020.html,OK
2020-07-25,Saturday,TPHCM,971528,44812,26428,51290,26187,46774,05233,74816,52280,41612,96517,96936,2318,7829,7335,9656,276,47,72fcdddb0ebe4b4d,https://xoso.com.vn/xsmn-25-07-2020.html,OK
2020-07-27,Monday,TPHCM,470661,58895,53873,86271,55635,25524,73216,82623,33254,25532,71008,79609,4265,0953,6075,6179,770,24,8d10d34af47b69d1,https://xoso.com.vn/xsmn-27-07-2020.html,OK
2020-08-01,Saturday,TPHCM,126157,38786,24099,09605,34135,04965,38221,48183,23290,16817,46500,76660,3294,8344,5130,7014,678,97,0faffdd87ea9754d,https://xoso.com.vn/xsmn-01-08-2020.html,OK
2020-08-03,Monday,TPHCM,171897,12640,20486,04619,75254,88999,02291,49582,73185,79485,64155,62375,8020,8255,3975,2818,641,05,7a2860adbb911bc7,https://xoso.com.vn/xsmn-03-08-2020.html,OK
2020-08-08,Saturday,TPHCM,346206,71060,64269,53095,17717,63463,21548,53555,51364,01727,70001,84684,5296,3168,3299,3529,684,16,a091c841f7d313f1,https://xoso.com.vn/xsmn-08-08-2020.html,OK
2020-08-10,Monday,TPHCM,703980,70258,07051,53935,65937,94355,59044,70388,20136,63744,44559,88898,1030,4925,8393,1141,155,80,4dc9edbf8ac7bee3,https://xoso.com.vn/xsmn-10-08-2020.html,OK
2020-08-15,Saturday,TPHCM,599965,96427,67308,55917,98118,87202,43010,03813,15311,82052,49319,70039,5358,5893,4109,7820,085,64,0f319933038e7ccc,https://xoso.com.vn/xsmn-15-08-2020.html,OK
2020-08-17,Monday,TPHCM,749551,69764,66806,24500,71049,08342,89006,57300,40233,76025,66643,14433,2932,5047,2017,7670,124,42,71c1ad603abdcf19,https://xoso.com.vn/xsmn-17-08-2020.html,OK
2020-08-22,Saturday,TPHCM,666427,27003,40560,72230,44186,49746,24634,40668,03226,59461,06454,87349,7104,2034,7355,1293,658,30,42cb8b922fa9629c,https://xoso.com.vn/xsmn-22-08-2020.html,OK
2020-08-24,Monday,TPHCM,163844,69738,37286,57913,85791,88367,57656,51004,42359,96545,66789,26159,4693,1522,6222,3828,996,18,9ae459306bc32c5f,https://xoso.com.vn/xsmn-24-08-2020.html,OK
2020-08-29,Saturday,TPHCM,602590,59861,97226,61738,75498,98967,60372,49992,07288,49203,30273,25908,6553,8276,5584,4914,671,90,8a2061799af1e55d,https://xoso.com.vn/xsmn-29-08-2020.html,OK
2020-08-31,Monday,TPHCM,143441,51677,50672,29894,42406,52002,85872,74772,66566,03799,49290,17310,0670,4301,8964,9641,380,40,954fcae8d4b5c31d,https://xoso.com.vn/xsmn-31-08-2020.html,OK
2020-09-05,Saturday,TPHCM,097198,00417,39548,89495,34866,95653,99808,13254,71824,55834,63180,89121,1312,8373,7538,8698,552,48,522202753e2750a6,https://xoso.com.vn/xsmn-05-09-2020.html,OK
2020-09-07,Monday,TPHCM,968198,94348,24684,25342,13723,00842,04648,45869,96133,90218,03791,94114,8199,0477,3943,3715,765,70,c2f7ae0ebd5dcdb5,https://xoso.com.vn/xsmn-07-09-2020.html,OK
2020-09-12,Saturday,TPHCM,151529,67840,90811,29491,40040,67325,28510,33171,61383,56590,85479,01965,6926,8220,3939,2203,228,61,1125c00355b0ab4d,https://xoso.com.vn/xsmn-12-09-2020.html,OK
2020-09-14,Monday,TPHCM,217286,86484,89270,87705,47509,51614,92149,49552,71897,46626,86003,45838,7112,6607,7553,4734,835,89,706e3753b8f2fd78,https://xoso.com.vn/xsmn-14-09-2020.html,OK
2020-09-19,Saturday,TPHCM,610924,77455,88191,65407,98060,86385,26099,40669,17402,34308,34421,92315,3934,6515,1062,0210,137,06,4d9679bfbb3b6d70,https://xoso.com.vn/xsmn-19-09-2020.html,OK
2020-09-21,Monday,TPHCM,391596,81353,60266,36546,75009,91151,86655,48911,39667,96196,73003,82608,3855,7167,8230,3449,704,87,8b93afa05e6e228d,https://xoso.com.vn/xsmn-21-09-2020.html,OK
2020-09-26,Saturday,TPHCM,917768,30332,32461,49048,34373,60065,25436,60748,22918,31660,07983,49102,7163,6216,0480,4015,420,88,892b36ace483411b,https://xoso.com.vn/xsmn-26-09-2020.html,OK
2020-09-28,Monday,TPHCM,552532,74729,73512,52365,96098,42962,62871,31558,41033,76399,40056,46066,6077,1179,3686,8595,705,75,49acdb660bd6498f,https://xoso.com.vn/xsmn-28-09-2020.html,OK
2020-10-03,Saturday,TPHCM,476066,83889,07332,45099,19394,06858,64255,31492,53949,42316,24958,99618,2518,7804,1428,0094,131,71,9e022e0740bf30a6,https://xoso.com.vn/xsmn-03-10-2020.html,OK
2020-10-05,Monday,TPHCM,614347,61784,27339,90633,81737,05584,27745,57248,18101,45338,77710,11176,0487,1868,6410,5257,485,34,e18c41fa7d3f55eb,https://xoso.com.vn/xsmn-05-10-2020.html,OK
2020-10-10,Saturday,TPHCM,971775,68196,60324,91729,66560,32447,28842,42684,78201,95725,03410,59605,1429,8502,8302,9068,465,29,b5b2c63733346c5a,https://xoso.com.vn/xsmn-10-10-2020.html,OK
2020-10-12,Monday,TPHCM,173022,64611,12467,94425,43480,09305,17544,16275,98372,93647,18852,36900,5006,5479,9344,2412,424,40,440147ca043dcd6c,https://xoso.com.vn/xsmn-12-10-2020.html,OK
2020-10-17,Saturday,TPHCM,541854,23153,04869,41030,43986,37486,53798,45266,27235,18764,41176,01351,9081,5887,9262,0934,477,62,2d92d777b28a3c7e,https://xoso.com.vn/xsmn-17-10-2020.html,OK
2020-10-19,Monday,TPHCM,567363,76013,03161,79332,64319,93536,38071,94902,85927,86451,68138,64036,5254,1149,7399,7035,958,40,8f1c982b464e13de,https://xoso.com.vn/xsmn-19-10-2020.html,OK
2020-10-24,Saturday,TPHCM,230173,57922,97167,56550,22465,58546,50762,72367,57308,85847,96745,90151,1129,8639,1876,3621,818,09,b949d2017546c9c4,https://xoso.com.vn/xsmn-24-10-2020.html,OK
2020-10-26,Monday,TPHCM,867014,72395,31816,90876,51547,98224,20817,47940,51524,39764,47986,61081,0476,8808,7437,5493,470,41,a206e4eea3efe320,https://xoso.com.vn/xsmn-26-10-2020.html,OK
2020-10-31,Saturday,TPHCM,057964,38627,67494,27873,39847,36483,53482,08894,71218,77009,71110,67237,3804,0330,2523,0895,334,80,9962a1dac16d21d2,https://xoso.com.vn/xsmn-31-10-2020.html,OK
2020-11-02,Monday,TPHCM,054927,88768,97123,09731,25183,70839,68180,36164,86260,12108,47079,70672,2746,9651,6972,8686,781,48,afdb0a0bd27a486c,https://xoso.com.vn/xsmn-02-11-2020.html,OK
2020-11-07,Saturday,TPHCM,100080,20912,96463,31629,02150,14069,20414,05978,31773,26959,85448,64003,2444,5785,8258,4997,612,44,d09155a120e2e1f6,https://xoso.com.vn/xsmn-07-11-2020.html,OK
2020-11-09,Monday,TPHCM,409094,67005,46598,23802,13810,49968,07201,94014,51168,49439,71571,09837,6049,2038,3119,2576,811,26,d0cfc235ef37ac07,https://xoso.com.vn/xsmn-09-11-2020.html,OK
2020-11-14,Saturday,TPHCM,371449,80744,67821,52456,89012,02864,95083,56022,51315,77483,65213,66760,8442,8969,7305,2340,371,78,5e776ac5e99d4e00,https://xoso.com.vn/xsmn-14-11-2020.html,OK
2020-11-16,Monday,TPHCM,808513,22886,30619,84854,13419,22879,71743,10077,82409,61269,17256,26422,2241,1951,2002,6900,451,14,effbbc671b07c36b,https://xoso.com.vn/xsmn-16-11-2020.html,OK
2020-11-21,Saturday,TPHCM,633850,57824,23850,18640,88972,01263,23131,11754,91184,75371,42375,37832,3066,3212,4519,3217,408,77,1174a6d5b1bfe6b4,https://xoso.com.vn/xsmn-21-11-2020.html,OK
2020-11-23,Monday,TPHCM,499875,98625,13457,24076,01704,32242,64035,29299,51151,08499,13421,17052,0043,2295,5950,7314,255,76,406dac781ed094fc,https://xoso.com.vn/xsmn-23-11-2020.html,OK
2020-11-28,Saturday,TPHCM,333208,35881,96345,53137,26298,22724,47709,90161,17194,47783,07302,80107,7664,4088,7663,6453,410,08,6a706ca71d40c08e,https://xoso.com.vn/xsmn-28-11-2020.html,OK
2020-11-30,Monday,TPHCM,911240,51819,81453,28452,64716,40998,06768,84726,38892,88857,73904,93712,5628,2219,2801,9187,519,19,14e17420eec20f29,https://xoso.com.vn/xsmn-30-11-2020.html,OK
2020-12-05,Saturday,TPHCM,575885,62711,17048,92754,93185,61437,73495,32607,84028,63397,44364,94070,3783,4448,6976,7787,161,54,2291b052d3f415f3,https://xoso.com.vn/xsmn-05-12-2020.html,OK
2020-12-07,Monday,TPHCM,580653,10149,73670,82501,77118,24428,87793,49100,17558,93563,79936,90857,6894,3992,0566,9440,695,30,c73d9bfd4299e81f,https://xoso.com.vn/xsmn-07-12-2020.html,OK
2020-12-12,Saturday,TPHCM,678501,83178,04281,04461,00647,08353,33367,90968,52588,48569,00536,96909,7643,9312,9602,8661,940,05,7a7fbf8056f48d2c,https://xoso.com.vn/xsmn-12-12-2020.html,OK
2020-12-14,Monday,TPHCM,091113,91478,18969,24238,14611,12665,08304,81385,23168,54659,31764,38035,6175,7703,6454,2449,242,71,0668a08d09cc87cd,https://xoso.com.vn/xsmn-14-12-2020.html,OK
2020-12-19,Saturday,TPHCM,818600,34705,21020,76219,79653,44241,42410,93961,71002,21126,57832,13517,0081,4829,7552,0990,545,45,0e8344c57fa2a167,https://xoso.com.vn/xsmn-19-12-2020.html,OK
2020-12-21,Monday,TPHCM,008362,50634,18435,56168,10140,75121,58663,76665,79076,19164,37273,38525,0841,1762,6615,8295,986,75,b68c0461d5011335,https://xoso.com.vn/xsmn-21-12-2020.html,OK
2020-12-26,Saturday,TPHCM,204767,23585,69103,35833,52751,80289,15009,92473,30472,00233,93200,23146,1742,3052,9031,5320,813,54,483e6c3e3d119bef,https://xoso.com.vn/xsmn-26-12-2020.html,OK
2020-12-28,Monday,TPHCM,546044,21808,05085,97767,58283,95702,59205,70289,58354,23927,14495,09202,8331,6467,8068,7363,820,96,3e51358d9bd5c504,https://xoso.com.vn/xsmn-28-12-2020.html,OK
2021-01-02,Saturday,TPHCM,228914,31935,76766,11099,88287,55114,75839,66058,65562,77370,05935,78913,5878,9120,4049,9180,129,88,5ecd671f1a79b717,https://xoso.com.vn/xsmn-02-01-2021.html,OK
2021-01-04,Monday,TPHCM,693324,30428,97786,92732,32906,63662,27298,61142,75318,62941,11731,07145,1310,8986,9330,4614,242,61,0a565cefc1eaedcd,https://xoso.com.vn/xsmn-04-01-2021.html,OK
2021-01-09,Saturday,TPHCM,160248,69065,40217,18449,26401,56533,27886,55899,18600,97026,45460,51488,2599,6653,4861,3807,339,12,3d230a6d8b8756fc,https://xoso.com.vn/xsmn-09-01-2021.html,OK
2021-01-11,Monday,TPHCM,953126,27479,83509,14276,45418,21273,89601,19577,43122,78333,99464,89306,3588,6075,8076,2899,040,53,c2c0bb9384b86da6,https://xoso.com.vn/xsmn-11-01-2021.html,OK
2021-01-16,Saturday,TPHCM,021628,47776,05166,58446,90985,17686,43701,41785,68853,76778,26973,09884,5263,9316,4193,2075,511,89,21bcd5923359527b,https://xoso.com.vn/xsmn-16-01-2021.html,OK
2021-01-18,Monday,TPHCM,777204,10127,52279,79682,68014,22396,51917,40556,07877,77927,32803,87517,0521,9684,5220,0584,349,64,f5441dd394eaa54e,https://xoso.com.vn/xsmn-18-01-2021.html,OK
2021-01-23,Saturday,TPHCM,705683,97821,86955,51420,68826,22206,69608,23834,96008,82560,00356,31298,0078,7653,5615,1046,261,19,e575be05ddd037e7,https://xoso.com.vn/xsmn-23-01-2021.html,OK
2021-01-25,Monday,TPHCM,145583,53509,60660,80895,39446,52245,18337,19852,24244,02294,61708,21180,2871,0818,5602,3784,842,24,a903d8c91e7bf8ce,https://xoso.com.vn/xsmn-25-01-2021.html,OK
2021-01-30,Saturday,TPHCM,034031,64469,97968,84098,87798,26237,83912,18839,31530,05082,96847,53799,2088,8997,8935,5629,381,50,1978994c10379fef,https://xoso.com.vn/xsmn-30-01-2021.html,OK
2021-02-01,Monday,TPHCM,722174,08207,33303,59402,81165,19754,83442,81350,36206,86234,77258,66479,5348,6820,9332,9013,115,80,0301f35a139ab46a,https://xoso.com.vn/xsmn-01-02-2021.html,OK
2021-02-06,Saturday,TPHCM,530464,90406,55007,09862,83242,59392,08342,78720,78075,14692,73513,65585,8254,4105,9528,7678,519,14,113f5c953693096d,https://xoso.com.vn/xsmn-06-02-2021.html,OK
2021-02-08,Monday,TPHCM,502117,94856,67790,88973,93760,75778,46773,41235,44775,22681,59093,92033,5700,6308,3409,7873,711,73,920559656be93b1d,https://xoso.com.vn/xsmn-08-02-2021.html,OK
2021-02-13,Saturday,TPHCM,346015,72420,62044,30527,26707,16097,20404,53589,63340,01982,84821,97736,5336,8203,8964,1197,789,33,e3be4741e6665514,https://xoso.com.vn/xsmn-13-02-2021.html,OK
2021-02-15,Monday,TPHCM,569356,83922,49575,20166,85579,38172,88029,61826,94869,50073,21718,63169,4429,1530,5196,4456,458,52,b628e3a719b87cc9,https://xoso.com.vn/xsmn-15-02-2021.html,OK
2021-02-20,Saturday,TPHCM,001723,52110,96823,78688,02493,87033,63343,69754,32062,44910,08318,75885,0925,0907,8765,7529,807,26,8bf3b0ad6489e1dc,https://xoso.com.vn/xsmn-20-02-2021.html,OK
2021-02-22,Monday,TPHCM,594003,98007,68636,06486,35244,70494,83127,10371,00012,76269,57288,00036,1764,9050,9639,0790,894,25,1cf7541030990c8e,https://xoso.com.vn/xsmn-22-02-2021.html,OK
2021-02-27,Saturday,TPHCM,376616,22578,41254,04049,73555,54111,93144,16876,92829,55975,90172,80837,6721,6967,1703,2465,895,29,20d10b96cccacd74,https://xoso.com.vn/xsmn-27-02-2021.html,OK
2021-03-01,Monday,TPHCM,000507,80451,71448,31158,10215,23371,74160,42730,48603,60509,86404,97037,1636,9327,6022,9019,273,15,bfdfb1ad1eaf17d3,https://xoso.com.vn/xsmn-01-03-2021.html,OK
2021-03-06,Saturday,TPHCM,514750,63633,08668,15118,06547,97704,43421,23511,13149,41374,55624,84772,7477,8323,7793,1281,862,55,04a543908021c304,https://xoso.com.vn/xsmn-06-03-2021.html,OK
2021-03-08,Monday,TPHCM,527556,68186,66732,57991,82614,98739,66845,86589,20115,58555,31450,16304,0964,7179,1630,6937,000,64,69956ef60251dd8c,https://xoso.com.vn/xsmn-08-03-2021.html,OK
2021-03-13,Saturday,TPHCM,320441,62636,15884,26255,74490,35406,45590,79501,66088,92358,01473,35276,5600,1642,9437,4511,279,65,4c05764af991c9de,https://xoso.com.vn/xsmn-13-03-2021.html,OK
2021-03-15,Monday,TPHCM,387903,15418,10664,57385,86024,50043,82103,75410,63234,51278,60569,70129,3237,0071,1867,1876,243,63,637f8be120d543a9,https://xoso.com.vn/xsmn-15-03-2021.html,OK
2021-03-20,Saturday,TPHCM,701332,75058,14895,02017,71590,95177,68940,70696,01334,43228,38433,29684,6653,0090,2319,7055,273,72,06c13dd868cb57f4,https://xoso.com.vn/xsmn-20-03-2021.html,OK
2021-03-22,Monday,TPHCM,554890,13619,56468,08553,55909,77732,16067,34239,59793,30316,70468,68504,9470,6859,1788,5596,626,96,f5d473ee1027f8fc,https://xoso.com.vn/xsmn-22-03-2021.html,OK
2021-03-27,Saturday,TPHCM,039862,88781,39118,89948,42785,92874,82405,63219,16871,31765,20483,70325,3430,2670,2006,5292,574,61,edaf985448368df7,https://xoso.com.vn/xsmn-27-03-2021.html,OK
2021-03-29,Monday,TPHCM,989963,85674,28485,55331,18081,45536,71878,75713,39913,56989,39244,24181,1043,1369,0311,0506,964,50,5226a1d33d5b7c9e,https://xoso.com.vn/xsmn-29-03-2021.html,OK
2021-04-03,Saturday,TPHCM,670845,03281,38492,58286,12340,81086,36786,57920,93808,02194,54849,74208,0439,7690,3115,8099,946,85,3e28bbb33daa9975,https://xoso.com.vn/xsmn-03-04-2021.html,OK
2021-04-05,Monday,TPHCM,361554,01856,08806,11992,50430,08128,99773,08541,20778,16372,64295,36207,7454,0121,6886,7986,254,16,2754cf8fe3ca7fe9,https://xoso.com.vn/xsmn-05-04-2021.html,OK
2021-04-10,Saturday,TPHCM,481593,21834,90198,21235,69611,91553,26545,39987,38269,07584,36917,80181,6185,6042,0354,9946,833,11,d76f9d9ccb73f44c,https://xoso.com.vn/xsmn-10-04-2021.html,OK
2021-04-12,Monday,TPHCM,266470,59941,86783,19120,94749,12765,37524,81654,06493,43071,64715,80248,0299,6205,9006,7868,914,67,823e893a8bb77308,https://xoso.com.vn/xsmn-12-04-2021.html,OK
2021-04-17,Saturday,TPHCM,601679,91036,30851,21253,63542,67221,61957,62331,45474,35425,66489,83995,1447,7263,6038,1492,436,72,f4e0ddb0d8096fb7,https://xoso.com.vn/xsmn-17-04-2021.html,OK
2021-04-19,Monday,TPHCM,566558,93126,08179,25027,62044,51122,74574,79971,04314,56794,83760,62225,5303,4291,1661,2822,910,89,3cc233a76612a35f,https://xoso.com.vn/xsmn-19-04-2021.html,OK
2021-04-24,Saturday,TPHCM,760273,17611,92009,10185,30658,06254,31692,34514,30000,46118,34829,09218,5314,0533,0697,4880,021,86,86e9f0a6649760f5,https://xoso.com.vn/xsmn-24-04-2021.html,OK
2021-04-26,Monday,TPHCM,744616,08297,84370,00314,94737,66941,75532,15723,30953,48133,24864,86403,2871,4416,8436,4149,430,27,3644739b3a04c3c1,https://xoso.com.vn/xsmn-26-04-2021.html,OK
2021-05-01,Saturday,TPHCM,971634,79095,91077,05951,27173,18068,18835,14969,30502,91466,56585,19296,4272,4692,7245,9191,798,32,78d0f5dae619790b,https://xoso.com.vn/xsmn-01-05-2021.html,OK
2021-05-03,Monday,TPHCM,349046,16666,43508,66923,86790,70795,84128,19524,05066,88548,80281,21503,4335,3716,0110,4432,230,57,4409b8a0b769afc1,https://xoso.com.vn/xsmn-03-05-2021.html,OK
2021-05-08,Saturday,TPHCM,807073,24518,21704,01753,07113,77645,55451,71546,82520,09878,27795,61975,2549,8262,8049,4999,418,79,cb3d3b9b70785cf6,https://xoso.com.vn/xsmn-08-05-2021.html,OK
2021-05-10,Monday,TPHCM,333878,52214,03254,92929,57915,85331,14171,17163,32153,62970,71269,38560,9152,8780,6146,7132,384,26,1844fd7e88f0cb30,https://xoso.com.vn/xsmn-10-05-2021.html,OK
2021-05-15,Saturday,TPHCM,323053,68391,04671,29405,64970,24659,74459,40782,95475,79349,30477,34636,6983,7652,6398,9818,211,53,b4a5a2469430b853,https://xoso.com.vn/xsmn-15-05-2021.html,OK
2021-05-17,Monday,TPHCM,168761,05037,93874,34211,02429,29581,64358,17331,09711,87588,57989,19091,3379,5415,1884,1229,433,35,2487df4a5aed9473,https://xoso.com.vn/xsmn-17-05-2021.html,OK
2021-05-22,Saturday,TPHCM,095548,21049,99307,51168,42579,34706,74143,64399,61006,62935,74515,30075,9611,6104,7268,3768,241,31,065d0d6c719b1ca8,https://xoso.com.vn/xsmn-22-05-2021.html,OK
2021-05-24,Monday,TPHCM,705121,72599,71326,72163,53302,68337,36475,19007,93582,36501,66087,04334,2337,5911,0210,2435,390,57,ca16093b59ab07c4,https://xoso.com.vn/xsmn-24-05-2021.html,OK
2021-05-29,Saturday,TPHCM,561270,24205,56998,57477,89042,39268,98476,56237,02578,77467,54227,60307,2209,4762,9308,1708,394,47,7e92ce668f8fa254,https://xoso.com.vn/xsmn-29-05-2021.html,OK
2021-05-31,Monday,TPHCM,237960,54543,51044,89924,61128,61435,73883,19392,70474,71134,28260,46570,4526,1928,7375,7257,420,42,400a8a4a1772454e,https://xoso.com.vn/xsmn-31-05-2021.html,OK
2021-06-05,Saturday,TPHCM,301978,90825,13347,57555,36463,35768,72465,40475,62780,79385,82727,07339,8738,9995,9535,8800,922,51,e94ad564ac328a2f,https://xoso.com.vn/xsmn-05-06-2021.html,OK
2021-06-07,Monday,TPHCM,633890,30906,07611,13757,78493,56091,00410,66639,79546,67125,48971,17006,4785,5324,1013,5063,630,88,2cd201afe9dd7476,https://xoso.com.vn/xsmn-07-06-2021.html,OK
2021-06-12,Saturday,TPHCM,062117,61608,82353,97087,32917,27987,47741,63069,31967,26228,18272,45361,9506,2763,1913,7957,188,04,affc3d9fdc4e72f2,https://xoso.com.vn/xsmn-12-06-2021.html,OK
2021-06-14,Monday,TPHCM,546072,79195,97226,75585,03527,97508,77506,86064,74161,86971,90560,23536,0141,9867,7393,1212,161,40,2281eed079c149e2,https://xoso.com.vn/xsmn-14-06-2021.html,OK
2021-06-19,Saturday,TPHCM,664980,01152,69334,53233,05269,20399,15976,61345,32703,07790,12787,14289,6198,5490,1672,7159,164,68,4b4377151b0ad1dc,https://xoso.com.vn/xsmn-19-06-2021.html,OK
2021-06-21,Monday,TPHCM,373557,33208,60803,35538,14870,90510,07492,61888,52573,38138,58514,46855,8227,2705,9030,7944,205,66,650396724c04aa24,https://xoso.com.vn/xsmn-21-06-2021.html,OK
2021-06-26,Saturday,TPHCM,108196,91886,19928,37542,63283,33720,90132,53727,78229,99988,76582,05132,8580,6910,1667,6594,143,26,a55348cb824b84f0,https://xoso.com.vn/xsmn-26-06-2021.html,OK
2021-06-28,Monday,TPHCM,830771,23029,15898,95699,82845,34272,17647,86245,13458,49247,51822,86166,9717,2327,4799,3058,413,69,ace5f138c5754976,https://xoso.com.vn/xsmn-28-06-2021.html,OK
2021-07-03,Saturday,TPHCM,643631,01660,32995,57839,84380,44925,58228,39503,75956,71478,49975,82152,1736,5758,7479,3907,697,92,18561ade15d7be92,https://xoso.com.vn/xsmn-03-07-2021.html,OK
2021-07-05,Monday,TPHCM,472296,32520,73298,75030,81061,08158,71260,87652,11529,63707,54402,72607,3629,5488,9218,8403,546,54,04ce84eefdada862,https://xoso.com.vn/xsmn-05-07-2021.html,OK
2021-10-23,Saturday,TPHCM,749782,55565,92695,65156,39751,42338,05116,86520,12643,95692,71048,74235,5024,8007,6125,1909,631,91,1502623e961d0d79,https://xoso.com.vn/xsmn-23-10-2021.html,OK
2021-10-25,Monday,TPHCM,911182,47712,06107,86278,79964,92697,86408,62150,30375,26362,60858,27087,9458,8341,2674,5213,944,24,6236abfd97fccb34,https://xoso.com.vn/xsmn-25-10-2021.html,OK
2021-10-30,Saturday,TPHCM,393781,56497,15030,12461,40828,13443,89167,08311,93319,19451,01338,31530,6356,2870,6892,7594,389,22,52ca18ab8b86a025,https://xoso.com.vn/xsmn-30-10-2021.html,OK
2021-11-01,Monday,TPHCM,780388,38235,03904,25634,68196,37331,38383,40315,68793,63933,91113,65368,2310,3089,6264,4319,094,44,80027f051a4ce211,https://xoso.com.vn/xsmn-01-11-2021.html,OK
2021-11-06,Saturday,TPHCM,302233,31319,05322,16884,84981,35494,65011,87248,56593,84512,18709,47955,0755,5468,3192,2011,330,01,509e950d8c19ff32,https://xoso.com.vn/xsmn-06-11-2021.html,OK
2021-11-08,Monday,TPHCM,926633,80659,84508,13153,06275,79516,36633,48198,44798,32188,60616,36197,2752,3982,6370,0845,007,14,4fac6137bd45e6e4,https://xoso.com.vn/xsmn-08-11-2021.html,OK
2021-11-13,Saturday,TPHCM,871204,38000,21525,35539,47962,27978,15307,21251,66196,28455,49525,04211,5143,0031,8044,5925,181,59,6d452bf8fa4e7ab0,https://xoso.com.vn/xsmn-13-11-2021.html,OK
2021-11-15,Monday,TPHCM,670566,50578,48239,56077,79677,65498,37471,33219,37596,46997,19924,06193,5474,1836,2102,4678,305,47,282a64af0ea7f444,https://xoso.com.vn/xsmn-15-11-2021.html,OK
2021-11-20,Saturday,TPHCM,835921,83669,51071,10187,18357,91471,73599,28585,71627,22593,16798,80855,2199,8823,7920,3996,403,00,d6dce592507b04b9,https://xoso.com.vn/xsmn-20-11-2021.html,OK
2021-11-22,Monday,TPHCM,257907,70649,38942,01090,73915,35822,21813,46202,42058,33520,22531,27154,6507,5345,8131,4216,671,31,c5c1690305a1fc06,https://xoso.com.vn/xsmn-22-11-2021.html,OK
2021-11-27,Saturday,TPHCM,486755,73340,54268,60703,78419,59725,09302,15436,97927,25513,93488,92673,7705,2310,5163,7445,926,92,66029d2c3135add4,https://xoso.com.vn/xsmn-27-11-2021.html,OK
2021-11-29,Monday,TPHCM,444597,49719,72839,19276,44959,25484,40826,38555,71841,38162,10730,54996,5946,6476,8649,8173,659,04,bc8d95d04c27fe50,https://xoso.com.vn/xsmn-29-11-2021.html,OK
2021-12-04,Saturday,TPHCM,018204,34569,68572,86657,48511,90321,55875,79307,34384,66632,99008,33725,4942,4951,6507,7051,364,64,b7680aeef2063424,https://xoso.com.vn/xsmn-04-12-2021.html,OK
2021-12-06,Monday,TPHCM,245082,10161,79254,57476,16478,83881,96585,96912,17262,31842,34600,57547,9518,7852,8832,4100,585,93,0547655b1350c136,https://xoso.com.vn/xsmn-06-12-2021.html,OK
2021-12-11,Saturday,TPHCM,748834,16857,29769,02103,72890,54616,42966,51588,68724,78307,91474,72435,8531,6141,8729,2739,379,14,12f3b292afdbdff4,https://xoso.com.vn/xsmn-11-12-2021.html,OK
2021-12-13,Monday,TPHCM,646931,23870,66015,66715,24084,75155,95583,23272,95665,26091,27742,50011,5783,7879,2136,2529,530,31,2b095a88b1b957f4,https://xoso.com.vn/xsmn-13-12-2021.html,OK
2021-12-18,Saturday,TPHCM,661939,21928,11461,94977,71049,42667,18761,05633,17246,23205,22627,92461,1170,9890,7629,3126,811,21,2b0a1718ad9c7832,https://xoso.com.vn/xsmn-18-12-2021.html,OK
2021-12-20,Monday,TPHCM,892392,43474,52162,69660,29916,16369,13530,44209,39523,92251,80351,69901,5887,4878,1985,5336,623,93,84558f6272be1fa5,https://xoso.com.vn/xsmn-20-12-2021.html,OK
2021-12-25,Saturday,TPHCM,555304,99152,17469,75437,21379,53163,05069,45427,91823,78643,82962,72788,7773,9239,3474,7652,189,49,173356a7d8adf246,https://xoso.com.vn/xsmn-25-12-2021.html,OK
2021-12-27,Monday,TPHCM,510244,05454,96365,04654,43833,90683,34585,32754,76463,37452,60823,82155,5351,1081,4210,6032,480,96,0c5697cae632e29b,https://xoso.com.vn/xsmn-27-12-2021.html,OK
2022-01-01,Saturday,TPHCM,097869,09666,36658,89090,01773,68456,39319,87287,23995,82590,81014,53028,1512,2329,5161,8292,494,57,13c07c90f3bc138e,https://xoso.com.vn/xsmn-01-01-2022.html,OK
2022-01-03,Monday,TPHCM,238006,78698,27868,52183,85823,08808,42346,57532,41854,88994,96020,52263,1026,3309,1428,8743,954,77,13a525b58c2b4d75,https://xoso.com.vn/xsmn-03-01-2022.html,OK
2022-01-08,Saturday,TPHCM,368915,38828,89037,86409,80751,25847,27754,37004,81873,73651,03062,49273,6783,3478,3706,1331,085,52,6a094916b1687b7b,https://xoso.com.vn/xsmn-08-01-2022.html,OK
2022-01-10,Monday,TPHCM,884043,29704,70980,05442,78699,06867,38628,88420,85974,19130,52280,41065,4791,4176,0686,2817,888,61,96ea8fa43846f1ef,https://xoso.com.vn/xsmn-10-01-2022.html,OK
2022-01-15,Saturday,TPHCM,436392,42831,34258,69965,09722,53441,57565,19947,63976,80780,76216,43413,4684,6907,6733,8472,014,58,48be1381e8aea2e2,https://xoso.com.vn/xsmn-15-01-2022.html,OK
2022-01-17,Monday,TPHCM,780068,98072,75851,55001,64227,10362,14764,31470,39544,78583,54536,71203,5542,8977,3563,4329,803,67,abaa510f6a1079f6,https://xoso.com.vn/xsmn-17-01-2022.html,OK
2022-01-22,Saturday,TPHCM,014290,66655,08201,84417,05772,38012,30166,91399,36610,96530,60322,45868,3826,2190,6174,3711,979,98,db30a83174f7ed19,https://xoso.com.vn/xsmn-22-01-2022.html,OK
2022-01-24,Monday,TPHCM,516375,86968,82663,47994,40480,68690,69237,49057,09164,76424,42815,60978,4057,5140,5080,1090,046,94,a5ff105ed592e4fb,https://xoso.com.vn/xsmn-24-01-2022.html,OK
2022-01-29,Saturday,TPHCM,342439,52959,98472,65437,81557,20548,00930,90863,52338,76114,29002,46916,2383,9822,9054,8083,032,24,47b5a77ba861fea8,https://xoso.com.vn/xsmn-29-01-2022.html,OK
2022-01-31,Monday,TPHCM,027964,96820,04947,08175,53492,13878,15364,95465,54334,32912,69477,36243,8751,7465,5474,8214,865,65,f802a114b518d0cf,https://xoso.com.vn/xsmn-31-01-2022.html,OK
2022-02-05,Saturday,TPHCM,499771,28127,97390,88666,31020,74247,52412,47656,28724,40124,51232,46545,6281,1962,0516,6230,523,26,2acd670c2960d08d,https://xoso.com.vn/xsmn-05-02-2022.html,OK
2022-02-07,Monday,TPHCM,971774,19644,47877,69489,04393,98480,49354,08307,26403,50704,06407,58496,0313,7413,5444,7312,067,47,d24135506761f220,https://xoso.com.vn/xsmn-07-02-2022.html,OK
2022-02-12,Saturday,TPHCM,527041,72237,04655,39913,61163,24590,11996,88837,63012,59672,26937,38809,8422,9312,9426,0446,502,22,e306833ffb6dfa52,https://xoso.com.vn/xsmn-12-02-2022.html,OK
2022-02-14,Monday,TPHCM,701677,14461,70872,80397,08077,94216,68275,82377,35412,04900,42742,44231,6890,5022,0515,8142,022,12,2854762eab5ad282,https://xoso.com.vn/xsmn-14-02-2022.html,OK
2022-02-19,Saturday,TPHCM,487063,79074,73801,86076,22254,97129,37172,80361,28065,57287,49514,13705,2423,0682,2282,8926,836,83,3f513c82a8d5881f,https://xoso.com.vn/xsmn-19-02-2022.html,OK
2022-02-21,Monday,TPHCM,613555,45779,10760,44723,39659,89851,76321,04024,93761,14158,89863,44071,1114,7169,1146,5992,919,02,74c6d71e41331db6,https://xoso.com.vn/xsmn-21-02-2022.html,OK
2022-02-26,Saturday,TPHCM,722809,34343,98790,23221,08957,34406,96571,26729,52558,97056,46927,56137,6405,2235,9043,2489,008,36,0f5efa4175ca9782,https://xoso.com.vn/xsmn-26-02-2022.html,OK
2022-02-28,Monday,TPHCM,407251,38818,34885,16668,26353,27976,00006,78866,16796,73000,96791,02871,5135,0432,5531,8679,332,75,f08f21d83fc1e390,https://xoso.com.vn/xsmn-28-02-2022.html,OK
2022-03-05,Saturday,TPHCM,590978,36144,07226,15432,02789,98900,93240,74152,12156,01952,49346,56297,6829,3423,7580,1254,102,32,6e39a40e611c80a6,https://xoso.com.vn/xsmn-05-03-2022.html,OK
2022-03-07,Monday,TPHCM,238567,86675,71567,73528,82426,67367,34897,94059,52139,10360,41559,57582,2176,6640,5048,8093,417,66,760608c0b08b558d,https://xoso.com.vn/xsmn-07-03-2022.html,OK
2022-03-12,Saturday,TPHCM,262607,55122,76976,81212,58006,72638,04932,09859,40376,82836,00954,30880,1027,5230,8101,9598,470,37,4bc8edac5e4621b9,https://xoso.com.vn/xsmn-12-03-2022.html,OK
2022-03-14,Monday,TPHCM,562514,61574,19271,02724,94330,13749,66160,54965,51476,98242,68619,39093,6309,6286,7003,9802,057,09,4355371dd1601d4c,https://xoso.com.vn/xsmn-14-03-2022.html,OK
2022-03-19,Saturday,TPHCM,437618,84411,64546,33995,69886,02103,37589,06806,96737,13046,47970,80872,0221,4837,5969,4427,241,24,91ffd04b00c53752,https://xoso.com.vn/xsmn-19-03-2022.html,OK
2022-03-21,Monday,TPHCM,366833,18881,75983,60869,40785,14702,69817,31414,68031,87130,28472,10451,1399,1940,0910,1163,144,92,1355ac8265e9f0d3,https://xoso.com.vn/xsmn-21-03-2022.html,OK
2022-03-26,Saturday,TPHCM,046349,86252,65516,78343,69368,85613,06355,07764,10949,42396,04712,86348,5324,6048,1104,2365,349,45,aeea0a6a5f032c61,https://xoso.com.vn/xsmn-26-03-2022.html,OK
2022-03-28,Monday,TPHCM,327636,16762,33917,21143,92608,93906,29374,90930,21716,61692,85982,29650,5576,4467,0168,0426,295,42,7abb3f6f30c44a42,https://xoso.com.vn/xsmn-28-03-2022.html,OK
2022-04-02,Saturday,TPHCM,832608,45661,18219,82027,10710,50605,01086,35328,05899,96696,92857,02079,4201,1118,1648,0765,913,11,2266a88cd592d044,https://xoso.com.vn/xsmn-02-04-2022.html,OK
2022-04-04,Monday,TPHCM,000989,76682,31044,77577,16072,16335,33399,80449,43943,53243,85525,81280,4227,0327,0765,2937,411,34,bbf58392b11764cf,https://xoso.com.vn/xsmn-04-04-2022.html,OK
2022-04-09,Saturday,TPHCM,357575,16149,08575,43187,80567,96709,30093,37311,29587,95845,99885,35473,3130,9405,4381,5630,475,35,af492bccf5269390,https://xoso.com.vn/xsmn-09-04-2022.html,OK
2022-04-11,Monday,TPHCM,158611,79579,26537,74189,23789,38356,56673,37850,26498,85916,02022,57148,5648,9858,6632,8132,356,60,69d412f41543e0b2,https://xoso.com.vn/xsmn-11-04-2022.html,OK
2022-04-16,Saturday,TPHCM,559479,02626,92408,75854,39998,78874,66320,63086,84841,53705,63175,31510,7514,0993,6069,6582,212,87,cf2e5d6d071b3205,https://xoso.com.vn/xsmn-16-04-2022.html,OK
2022-04-18,Monday,TPHCM,979252,57364,15086,94841,76770,80517,33839,09799,69065,71201,10355,74742,6589,8102,2666,5284,724,52,67cb59502b4223f3,https://xoso.com.vn/xsmn-18-04-2022.html,OK
2022-04-23,Saturday,TPHCM,733438,96922,39088,33041,09562,23806,91009,01740,61747,85262,13726,50246,7012,6117,8832,4303,606,98,2300444e2788fca8,https://xoso.com.vn/xsmn-23-04-2022.html,OK
2022-04-25,Monday,TPHCM,142785,72819,62743,96286,10547,21371,31315,05150,58777,25676,76947,99975,0917,2358,7718,6831,912,35,9ffd0d457e09fbbe,https://xoso.com.vn/xsmn-25-04-2022.html,OK
2022-04-30,Saturday,TPHCM,981317,71206,12955,54631,20615,60968,56064,19390,75936,38270,07563,12341,7246,5590,3844,5710,005,90,7be3673e1c5386dd,https://xoso.com.vn/xsmn-30-04-2022.html,OK
2022-05-02,Monday,TPHCM,568875,14289,98388,31385,35680,85672,58337,86582,69053,43796,98318,05183,3294,8933,9529,2345,330,75,9f64a43ffb514e85,https://xoso.com.vn/xsmn-02-05-2022.html,OK
2022-05-07,Saturday,TPHCM,774344,33313,67180,74339,42307,42225,19556,61567,51937,86143,27647,81745,8838,1223,5222,5091,938,88,29c3cf9b5bc20d6e,https://xoso.com.vn/xsmn-07-05-2022.html,OK
2022-05-09,Monday,TPHCM,292289,24077,37900,35650,30008,49848,62173,66747,77446,26673,35460,35290,2108,9921,5205,5366,835,92,3232e4c847f7590d,https://xoso.com.vn/xsmn-09-05-2022.html,OK
2022-05-14,Saturday,TPHCM,275361,75796,32729,43553,21931,57580,05548,22050,73407,73948,87601,83613,3599,5354,9472,6469,912,07,01fbda8836a9f868,https://xoso.com.vn/xsmn-14-05-2022.html,OK
2022-05-16,Monday,TPHCM,977447,56984,17582,88937,36455,64718,49518,73327,44384,90220,81146,57435,4670,6422,4702,4355,002,79,4dddd23befa6ef76,https://xoso.com.vn/xsmn-16-05-2022.html,OK
2022-05-21,Saturday,TPHCM,108098,19578,21393,02861,59808,35704,25964,06997,14109,49260,20515,41417,8489,5638,5838,5916,840,27,3c1d74676524869a,https://xoso.com.vn/xsmn-21-05-2022.html,OK
2022-05-23,Monday,TPHCM,149345,70764,97125,55338,00119,32211,94030,83232,53256,21222,18911,92030,9464,3557,5302,4157,495,64,a40b1ef8faf13ae4,https://xoso.com.vn/xsmn-23-05-2022.html,OK
2022-05-28,Saturday,TPHCM,925810,86320,18000,50145,51775,41029,02223,22272,52204,07773,62408,63136,4785,8715,2586,8652,558,26,c48e47c42c4b0c4d,https://xoso.com.vn/xsmn-28-05-2022.html,OK
2022-05-30,Monday,TPHCM,275006,10665,27172,95794,04226,52558,80548,42387,43312,55063,76919,34120,1055,8940,0124,0410,858,32,88ac316349f4d9b9,https://xoso.com.vn/xsmn-30-05-2022.html,OK
2022-06-04,Saturday,TPHCM,666780,74899,82553,51629,97023,64589,87626,59909,77489,95648,50215,11110,4918,9050,5576,1879,435,13,3a45c89f4284894e,https://xoso.com.vn/xsmn-04-06-2022.html,OK
2022-06-06,Monday,TPHCM,444438,01999,22766,97620,16282,13087,82621,89752,05770,18106,48654,59323,9936,1088,1172,5439,705,85,1cded10deffd85ea,https://xoso.com.vn/xsmn-06-06-2022.html,OK
2022-06-11,Saturday,TPHCM,563395,60898,20565,06200,01151,32722,49428,28895,25878,07062,89795,16827,1103,9711,8952,0313,064,41,0690c0ed4b29ff26,https://xoso.com.vn/xsmn-11-06-2022.html,OK
2022-06-13,Monday,TPHCM,940927,57643,49158,15080,89059,74801,94675,15753,37493,03860,11944,26905,2510,3067,4405,1820,163,54,0d8711bbba524a09,https://xoso.com.vn/xsmn-13-06-2022.html,OK
2022-06-18,Saturday,TPHCM,296025,10841,23940,34668,25913,83843,44800,30542,17735,77660,48603,11914,5306,3942,1722,5506,297,45,abac7d2003a9b9c4,https://xoso.com.vn/xsmn-18-06-2022.html,OK
2022-06-20,Monday,TPHCM,298559,65784,56691,02994,21030,20962,63957,74249,76694,07678,90853,61670,9155,1567,3340,1362,507,52,bae02e7d690fb64f,https://xoso.com.vn/xsmn-20-06-2022.html,OK
2022-06-25,Saturday,TPHCM,757313,99845,26510,01510,43272,01505,18743,88168,17996,82160,59717,27375,8745,2684,2020,7330,287,78,94ef4d57cd52b705,https://xoso.com.vn/xsmn-25-06-2022.html,OK
2022-06-27,Monday,TPHCM,605912,14083,13408,01446,70371,10525,15051,77918,17651,82178,15561,12821,2079,0154,6542,2987,062,94,6be1c99e3db6b785,https://xoso.com.vn/xsmn-27-06-2022.html,OK
2022-07-02,Saturday,TPHCM,331053,05056,20079,28814,39179,47503,02606,71613,19360,95563,74913,48302,0959,1154,7515,9968,494,30,a5b4c0d0389f6d0c,https://xoso.com.vn/xsmn-02-07-2022.html,OK
2022-07-04,Monday,TPHCM,310311,22564,68539,43937,05909,34511,98480,29747,74959,85980,34105,65378,3229,0159,2479,3182,659,73,513e5a7ba3e6fd3d,https://xoso.com.vn/xsmn-04-07-2022.html,OK
2022-07-09,Saturday,TPHCM,049439,77318,43867,34658,23760,67176,79129,66024,26832,18662,41656,12247,8302,4603,3403,9863,139,68,87d1aa16571ce070,https://xoso.com.vn/xsmn-09-07-2022.html,OK
2022-07-11,Monday,TPHCM,815486,77502,02916,14197,72836,90340,35904,45686,97092,52651,62769,88565,4835,6347,8306,8632,973,54,0951a4dbd8251533,https://xoso.com.vn/xsmn-11-07-2022.html,OK
2022-07-16,Saturday,TPHCM,700435,26311,81408,43715,49906,38435,56514,16367,21258,05948,44280,27286,6185,8311,9958,3329,916,25,b9124b4ca896bf3c,https://xoso.com.vn/xsmn-16-07-2022.html,OK
2022-07-18,Monday,TPHCM,739652,94224,15277,66872,97290,59921,71207,73580,64999,74833,83877,11567,4987,1773,1973,0626,678,70,3fc06daf38574776,https://xoso.com.vn/xsmn-18-07-2022.html,OK
2022-07-23,Saturday,TPHCM,197889,67231,47759,81321,60753,45643,13923,76697,01571,71883,55111,62978,2473,2451,2626,5492,202,03,292d3592e2b4565b,https://xoso.com.vn/xsmn-23-07-2022.html,OK
2022-07-25,Monday,TPHCM,792251,73710,24212,18642,32387,23208,82857,87549,58643,36256,35858,83172,4667,6836,8410,8122,092,44,b13ac0c0ec6d6202,https://xoso.com.vn/xsmn-25-07-2022.html,OK
2022-07-30,Saturday,TPHCM,122133,81209,92368,14300,24328,27551,20226,23816,93849,30973,31015,08168,4156,9541,1306,1203,951,27,e3c054a3d9b2f396,https://xoso.com.vn/xsmn-30-07-2022.html,OK
2022-08-01,Monday,TPHCM,251992,78144,17902,79043,58703,39245,50140,21735,07987,57590,99101,81540,8447,3037,7089,7289,788,79,565f1925bef283aa,https://xoso.com.vn/xsmn-01-08-2022.html,OK
2022-08-06,Saturday,TPHCM,267716,17392,45316,09096,56866,99510,71678,85230,15550,10366,36303,40607,6200,5178,5018,5643,987,14,f11f532e82e59950,https://xoso.com.vn/xsmn-06-08-2022.html,OK
2022-08-08,Monday,TPHCM,113944,65467,54264,57850,31695,87109,63872,55002,02794,54386,15663,03831,1507,4404,7404,8459,145,91,4df511ce37da62a8,https://xoso.com.vn/xsmn-08-08-2022.html,OK
2022-08-13,Saturday,TPHCM,447907,99197,71867,77338,90532,37187,67186,72750,19706,45193,73027,71682,9760,7954,5279,9745,295,24,0096d29917677614,https://xoso.com.vn/xsmn-13-08-2022.html,OK
2022-08-15,Monday,TPHCM,404203,11403,12811,29352,24162,07453,10379,66577,25860,40340,47406,55926,2499,7065,8375,8702,714,45,11fecc4bf44c3125,https://xoso.com.vn/xsmn-15-08-2022.html,OK
2022-08-20,Saturday,TPHCM,206980,39722,67655,37139,27932,26364,89494,10843,53631,31323,05834,86967,1337,6638,0927,0288,534,66,65cd7682aaf7091d,https://xoso.com.vn/xsmn-20-08-2022.html,OK
2022-08-22,Monday,TPHCM,226043,22205,70088,77002,13114,90479,48399,92406,77178,63382,43402,85738,1565,9645,5380,5205,187,58,fa50dc2d278261a2,https://xoso.com.vn/xsmn-22-08-2022.html,OK
2022-08-27,Saturday,TPHCM,974485,70776,33344,71635,27891,79564,14441,38486,18000,45612,00436,31434,4860,2232,8060,0195,470,28,7d861f854c906e5a,https://xoso.com.vn/xsmn-27-08-2022.html,OK
2022-08-29,Monday,TPHCM,547490,32716,81043,39395,40787,78538,24908,74005,63750,16131,90790,42104,8586,7728,6617,3242,944,32,89127d0807dc70d6,https://xoso.com.vn/xsmn-29-08-2022.html,OK
2022-09-03,Saturday,TPHCM,320869,28248,00823,88689,78109,78446,70415,31101,11014,29811,10623,03479,3941,9667,2625,3725,614,93,d406a484027365bf,https://xoso.com.vn/xsmn-03-09-2022.html,OK
2022-09-05,Monday,TPHCM,511023,41786,64481,86152,22364,91612,47726,52720,30307,33661,70784,94115,4026,2985,2893,7144,758,72,b42d5bf880f28832,https://xoso.com.vn/xsmn-05-09-2022.html,OK
2022-09-10,Saturday,TPHCM,965021,93890,14951,46020,37264,30349,60871,08096,65363,76860,13575,97428,5181,7778,1557,9853,267,92,cdec44fc11406bd4,https://xoso.com.vn/xsmn-10-09-2022.html,OK
2022-09-12,Monday,TPHCM,027780,75744,44296,44937,96720,77984,18913,82560,46537,54249,34023,93135,2555,8680,9622,4275,089,10,54e783ae66a0d9aa,https://xoso.com.vn/xsmn-12-09-2022.html,OK
2022-09-17,Saturday,TPHCM,517935,88510,85716,15730,15195,82235,67754,38740,19692,20482,72453,50908,9863,4986,3798,4184,542,89,c53305fded95ddb4,https://xoso.com.vn/xsmn-17-09-2022.html,OK
2022-09-19,Monday,TPHCM,275622,04115,18626,82372,18895,23953,77945,22836,22716,66876,94644,66426,6780,9773,2242,0466,814,06,2849bdc59a10e27a,https://xoso.com.vn/xsmn-19-09-2022.html,OK
2022-09-24,Saturday,TPHCM,210135,72108,26518,21709,34098,46932,59565,43989,31487,95073,19237,64137,9594,2523,4055,8139,958,07,a0066ab6f36c6eac,https://xoso.com.vn/xsmn-24-09-2022.html,OK
2022-09-26,Monday,TPHCM,087007,36078,74461,37139,60175,55052,86443,49540,52465,14637,62708,82350,6857,5774,6135,5729,479,75,2b19e62c2723c3db,https://xoso.com.vn/xsmn-26-09-2022.html,OK
2022-10-01,Saturday,TPHCM,015021,63533,51263,93926,63686,88384,12376,13993,92681,39688,26654,19087,8209,7361,4476,9805,278,03,f0d76b66e18620af,https://xoso.com.vn/xsmn-01-10-2022.html,OK
2022-10-03,Monday,TPHCM,085720,70803,47517,59337,47724,24239,73064,19183,49412,99708,66385,18857,6125,0974,3113,1081,990,52,d24d04b9080d80f7,https://xoso.com.vn/xsmn-03-10-2022.html,OK
2022-10-08,Saturday,TPHCM,152369,37974,25882,94375,98995,69366,28727,98629,01413,87885,83833,04094,7299,4795,1389,9856,638,96,7d3c9ad5252ecbad,https://xoso.com.vn/xsmn-08-10-2022.html,OK
2022-10-10,Monday,TPHCM,221662,44178,36584,81673,15299,48505,00859,86167,03021,00778,01243,59182,9834,8630,3763,1338,952,28,dee6e693d77beabf,https://xoso.com.vn/xsmn-10-10-2022.html,OK
2022-10-15,Saturday,TPHCM,645652,71215,97949,76175,65522,18406,63930,18956,51711,07520,28521,31095,8721,8836,9013,4091,836,14,cd2804bbb4c92ace,https://xoso.com.vn/xsmn-15-10-2022.html,OK
2022-10-17,Monday,TPHCM,532276,69978,56516,40391,26169,70472,87141,77875,48163,15812,83344,50090,1063,3675,4272,5628,844,12,7cc07e015b4c39b9,https://xoso.com.vn/xsmn-17-10-2022.html,OK
2022-10-22,Saturday,TPHCM,846618,30336,73551,49487,38287,88268,93578,40388,74477,35011,64745,92761,2069,8680,2607,1683,186,50,49439a12770977fc,https://xoso.com.vn/xsmn-22-10-2022.html,OK
2022-10-24,Monday,TPHCM,099412,03018,07226,79438,41846,92081,96865,93346,70679,43676,03784,05018,1438,6280,8714,6965,849,70,052a708e931421df,https://xoso.com.vn/xsmn-24-10-2022.html,OK
2022-10-29,Saturday,TPHCM,712433,68938,42712,23214,23946,37884,70833,08275,57062,87870,70004,10908,7650,9622,1027,2844,479,46,3439759f02e383e7,https://xoso.com.vn/xsmn-29-10-2022.html,OK
2022-10-31,Monday,TPHCM,962455,30696,84304,37361,68286,82959,07176,89901,07904,77112,37597,86782,7317,7237,5057,5982,239,83,4696b1ee9c737258,https://xoso.com.vn/xsmn-31-10-2022.html,OK
2022-11-05,Saturday,TPHCM,011128,89623,28117,10251,05690,28590,46805,97775,45965,29525,21405,69423,8121,1970,1437,0152,690,60,8f96c3c5a594c6cf,https://xoso.com.vn/xsmn-05-11-2022.html,OK
2022-11-07,Monday,TPHCM,375596,96153,37599,60953,14381,25004,16208,73044,97708,01147,32302,60745,9393,9139,7280,8203,396,99,9f379770fb30dcd1,https://xoso.com.vn/xsmn-07-11-2022.html,OK
2022-11-12,Saturday,TPHCM,084841,59056,87026,07682,90486,15636,40912,08629,86296,35942,19564,59178,7458,1669,3677,4096,058,43,56e232573b8ea53a,https://xoso.com.vn/xsmn-12-11-2022.html,OK
2022-11-14,Monday,TPHCM,003081,49805,60161,49356,66430,22637,08305,36919,54926,52147,93432,60378,3776,1227,7470,8561,267,74,91ff55d1bbff8305,https://xoso.com.vn/xsmn-14-11-2022.html,OK
2022-11-19,Saturday,TPHCM,337741,96038,54459,93437,34515,50453,06255,61631,13568,32588,29397,21186,1888,9426,1135,8247,816,06,cb0bd1cf3a0ada40,https://xoso.com.vn/xsmn-19-11-2022.html,OK
2022-11-21,Monday,TPHCM,146610,31486,62041,02655,99691,75445,94450,49035,24222,03445,36782,62186,0969,3494,6865,0915,564,55,9dd818d6772c9f21,https://xoso.com.vn/xsmn-21-11-2022.html,OK
2022-11-26,Saturday,TPHCM,244392,86631,83675,03891,45070,55864,18399,34328,30012,91745,93432,16539,0354,1498,0181,5487,816,51,24e652da6d1413dc,https://xoso.com.vn/xsmn-26-11-2022.html,OK
2022-11-28,Monday,TPHCM,860428,70145,98275,52513,36608,27592,97186,08587,51720,88808,08129,28078,5354,5298,6129,8765,412,67,e48dc1be601383e3,https://xoso.com.vn/xsmn-28-11-2022.html,OK
2022-12-03,Saturday,TPHCM,628749,72207,73073,83899,68937,88247,34716,66967,01501,00741,92512,53315,7607,7583,1442,8979,353,47,37920e77036be803,https://xoso.com.vn/xsmn-03-12-2022.html,OK
2022-12-05,Monday,TPHCM,962464,52303,96667,48331,46910,05208,13966,88199,62643,35898,61988,07457,5998,8718,2738,9138,635,46,1821fc130abbfd89,https://xoso.com.vn/xsmn-05-12-2022.html,OK
2022-12-10,Saturday,TPHCM,272500,58116,39304,30604,32236,66435,56073,88122,37486,67316,17604,13565,8005,5955,7998,7710,979,23,3a08c08efdb5fc11,https://xoso.com.vn/xsmn-10-12-2022.html,OK
2022-12-12,Monday,TPHCM,367543,78633,99590,55772,47117,31337,25465,70743,01864,09839,88722,65475,4163,4689,5770,7687,898,32,b7e0f540a075cafc,https://xoso.com.vn/xsmn-12-12-2022.html,OK
2022-12-17,Saturday,TPHCM,713308,68907,02539,02042,23706,76015,98026,57725,05175,03625,97915,66890,5569,1957,8379,4591,402,11,e01b2aab911a0ffd,https://xoso.com.vn/xsmn-17-12-2022.html,OK
2022-12-19,Monday,TPHCM,685342,92627,00681,02019,91153,14023,13803,76771,03457,14617,02778,43021,6736,4045,4631,9858,711,42,2b85172c88bd0f3f,https://xoso.com.vn/xsmn-19-12-2022.html,OK
2022-12-24,Saturday,TPHCM,129033,27728,69244,23644,64489,03190,30276,47285,29911,86532,86908,81871,3066,2737,6876,5782,984,42,21badd150f30924e,https://xoso.com.vn/xsmn-24-12-2022.html,OK
2022-12-26,Monday,TPHCM,305973,33063,76274,21309,16801,73911,10107,51802,54691,60707,82727,08285,0169,7990,9594,5680,807,14,52f2aaa8f1012d51,https://xoso.com.vn/xsmn-26-12-2022.html,OK
2022-12-31,Saturday,TPHCM,562675,84806,83749,73837,48615,13760,85649,08725,45951,10773,54155,48902,1821,7871,0360,8758,650,52,ebada7f3c1562cef,https://xoso.com.vn/xsmn-31-12-2022.html,OK
2023-01-02,Monday,TPHCM,487998,27346,66478,56460,50266,03881,56450,24498,43263,51476,24164,90954,0445,4903,1963,3601,150,94,26e56e24840b619a,https://xoso.com.vn/xsmn-02-01-2023.html,OK
2023-01-07,Saturday,TPHCM,825071,80219,14040,06449,39050,31293,44115,08215,82895,36565,66982,03376,3005,6558,8586,2316,592,01,74bb5226e9b0235c,https://xoso.com.vn/xsmn-07-01-2023.html,OK
2023-01-09,Monday,TPHCM,830434,71905,64131,08815,71714,47653,09931,12722,05665,11810,22318,46883,4066,8026,5971,2521,787,03,f1f30775e848ae28,https://xoso.com.vn/xsmn-09-01-2023.html,OK
2023-01-14,Saturday,TPHCM,105565,82970,45596,94268,11865,38120,48914,12464,25770,99919,28188,93355,1317,9843,8402,3977,427,65,898da8973eef076b,https://xoso.com.vn/xsmn-14-01-2023.html,OK
2023-01-16,Monday,TPHCM,793235,82146,22110,05643,67161,89651,45438,57479,58773,90665,54540,38718,9428,6307,6494,6759,804,02,6a7ccade2f4c374f,https://xoso.com.vn/xsmn-16-01-2023.html,OK
2023-01-21,Saturday,TPHCM,483886,87021,16775,15459,52487,69146,95421,64180,02518,94637,43779,13484,8430,5832,7227,7091,278,52,667840226811cdaa,https://xoso.com.vn/xsmn-21-01-2023.html,OK
2023-01-23,Monday,TPHCM,929647,23955,24213,34565,55651,00556,25563,24722,70087,54307,52874,46694,0006,6837,7526,4177,735,33,98aa4c5eae53087b,https://xoso.com.vn/xsmn-23-01-2023.html,OK
2023-01-28,Saturday,TPHCM,153878,77246,19166,04639,67075,67118,74362,68665,50465,48370,79985,18160,3396,1932,2646,4776,540,49,8fd53320937c4ca7,https://xoso.com.vn/xsmn-28-01-2023.html,OK
2023-01-30,Monday,TPHCM,772132,86395,06994,82340,72769,92806,59263,50723,46785,02895,86940,43219,3440,2366,1297,0653,822,09,d091d681cffa0a0e,https://xoso.com.vn/xsmn-30-01-2023.html,OK
2023-02-04,Saturday,TPHCM,970167,15333,75881,18442,25304,08784,73036,77725,83856,45284,48547,01178,2375,7178,3123,2541,910,73,38b559da41fdef02,https://xoso.com.vn/xsmn-04-02-2023.html,OK
2023-02-06,Monday,TPHCM,144596,27361,39290,56743,22042,50057,03871,00886,95761,76809,49339,80022,0508,4789,5682,1612,626,53,58aa36e582ee5ea9,https://xoso.com.vn/xsmn-06-02-2023.html,OK
2023-02-11,Saturday,TPHCM,977073,59144,61967,71517,71789,88328,19721,19256,92527,10381,61487,43308,3930,4534,7901,6027,891,37,40138deb38090715,https://xoso.com.vn/xsmn-11-02-2023.html,OK
2023-02-13,Monday,TPHCM,511125,85561,26615,27984,96129,98430,44222,82363,13156,62648,12333,33415,8590,2181,5098,8286,850,80,a7723731c18397b0,https://xoso.com.vn/xsmn-13-02-2023.html,OK
2023-02-18,Saturday,TPHCM,901193,05798,00678,59274,89975,26964,43846,03563,31518,21828,47048,88422,3356,2859,3207,8368,986,57,06d8911b3f23c825,https://xoso.com.vn/xsmn-18-02-2023.html,OK
2023-02-20,Monday,TPHCM,643731,53007,82637,39059,80681,41494,79920,05495,73619,99263,43604,00241,4306,6715,4750,0899,164,59,6ceb4c307b4bc6b6,https://xoso.com.vn/xsmn-20-02-2023.html,OK
2023-02-25,Saturday,TPHCM,369214,56547,79520,62042,76147,46640,50558,13886,83796,33480,36128,80439,7313,5573,1952,4019,629,35,a29c247e1d51dfef,https://xoso.com.vn/xsmn-25-02-2023.html,OK
2023-02-27,Monday,TPHCM,317971,21342,10178,59526,76557,27579,82281,22485,82180,14500,64386,90341,4843,7515,3532,8899,784,69,b4d93934959e4edd,https://xoso.com.vn/xsmn-27-02-2023.html,OK
2023-03-04,Saturday,TPHCM,715547,85345,78724,44266,31054,42494,19380,16333,90895,27406,90446,10090,6768,7458,4693,0231,058,31,c972a2c4c44e5287,https://xoso.com.vn/xsmn-04-03-2023.html,OK
2023-03-06,Monday,TPHCM,434547,34992,46395,22743,77600,11328,62898,27083,57533,13379,33651,64557,1662,5843,8137,8444,197,75,1678a104032cf68c,https://xoso.com.vn/xsmn-06-03-2023.html,OK
2023-03-11,Saturday,TPHCM,270765,21765,10417,04483,27882,84103,00189,28448,37140,06400,84634,24574,2468,9039,6211,2345,525,58,6bf1e1dbc9610011,https://xoso.com.vn/xsmn-11-03-2023.html,OK
2023-03-13,Monday,TPHCM,841165,42744,65054,45072,34473,04800,19750,41091,44035,60028,88430,41143,2960,2793,6156,9222,494,18,1cf64e076b076585,https://xoso.com.vn/xsmn-13-03-2023.html,OK
2023-03-18,Saturday,TPHCM,652444,06266,92246,89426,78718,70828,74359,94685,73710,10604,60340,72101,4574,3536,4304,7824,675,98,804c21ac20686b01,https://xoso.com.vn/xsmn-18-03-2023.html,OK
2023-03-20,Monday,TPHCM,763435,10981,65716,04879,30533,07946,85091,55313,72255,12178,65849,13731,7921,1207,9243,9190,414,90,e602f969a827fbb1,https://xoso.com.vn/xsmn-20-03-2023.html,OK
2023-03-25,Saturday,TPHCM,262761,59679,74069,42256,79889,97120,00669,10268,74972,61942,34626,77512,6290,8387,9798,4717,730,76,7046f90c2c431478,https://xoso.com.vn/xsmn-25-03-2023.html,OK
2023-03-27,Monday,TPHCM,196165,71984,65629,94553,70308,26461,50275,84709,09153,63364,09323,91021,3721,1806,0536,9426,533,17,9f8060ad74db6a55,https://xoso.com.vn/xsmn-27-03-2023.html,OK
2023-04-01,Saturday,TPHCM,819946,52858,58896,40381,81358,02914,85150,64414,92389,87819,88191,03267,9752,2009,3534,1391,822,94,8850f034cae022f8,https://xoso.com.vn/xsmn-01-04-2023.html,OK
2023-04-03,Monday,TPHCM,551507,90215,28645,18219,22169,07989,15931,86157,15220,80132,42218,77636,1024,6426,7669,7549,064,90,45757e69f131ea34,https://xoso.com.vn/xsmn-03-04-2023.html,OK
2023-04-08,Saturday,TPHCM,744278,00696,27272,23994,55504,45400,39392,18603,08026,38131,08344,69763,4405,1460,7105,3006,530,41,e4a2b5d69672eb87,https://xoso.com.vn/xsmn-08-04-2023.html,OK
2023-04-10,Monday,TPHCM,331863,26196,85665,43472,46275,12040,61730,61467,95275,06567,26533,97288,2658,3039,1834,0256,067,96,fe730f45fc256f09,https://xoso.com.vn/xsmn-10-04-2023.html,OK
2023-04-15,Saturday,TPHCM,423809,30316,94447,64500,86620,73399,78479,90799,64227,16650,46520,07524,5122,9317,9206,8238,369,88,5c2dd5f6e4b091bf,https://xoso.com.vn/xsmn-15-04-2023.html,OK
2023-04-17,Monday,TPHCM,376763,82358,70903,03634,90742,01538,87676,45195,67521,36264,28251,65530,0004,0454,0224,2955,750,03,3e11c67f5bad5777,https://xoso.com.vn/xsmn-17-04-2023.html,OK
2023-04-22,Saturday,TPHCM,671998,19467,94597,51502,29178,12890,71358,05991,74940,66751,87445,01847,4216,1398,2650,2889,803,68,1b312a3c91e77a85,https://xoso.com.vn/xsmn-22-04-2023.html,OK
2023-04-24,Monday,TPHCM,228827,97773,80521,67374,60126,57937,29742,47636,24830,55989,12784,04115,4052,5549,5495,3306,126,44,9038e8307f2db7dd,https://xoso.com.vn/xsmn-24-04-2023.html,OK
2023-04-29,Saturday,TPHCM,356255,68556,20495,18409,86498,01130,13188,17130,99230,47226,85071,94520,2410,8980,8434,4961,766,60,a6ad448570d3390f,https://xoso.com.vn/xsmn-29-04-2023.html,OK
2023-05-01,Monday,TPHCM,109127,27778,90121,15556,28509,84057,72427,79783,51060,82418,34708,09510,5966,6531,5382,5585,071,62,5d9905284f38f2b6,https://xoso.com.vn/xsmn-01-05-2023.html,OK
2023-05-06,Saturday,TPHCM,899797,55773,58384,18991,97545,33185,49717,47461,41498,84549,42624,87138,3461,9051,4766,1537,284,64,f40846ec39e01a75,https://xoso.com.vn/xsmn-06-05-2023.html,OK
2023-05-08,Monday,TPHCM,127663,12451,72503,55907,49526,27323,01912,45702,79912,30681,94109,59890,4615,0745,6624,9846,214,33,756f52d02b013d8d,https://xoso.com.vn/xsmn-08-05-2023.html,OK
2023-05-13,Saturday,TPHCM,135994,96075,62399,81874,44529,64425,60618,32023,86786,87397,67483,86697,7150,4106,4451,2033,989,99,5518a4ff9ab0a93d,https://xoso.com.vn/xsmn-13-05-2023.html,OK
2023-05-15,Monday,TPHCM,054090,56292,80802,17355,91438,24648,55019,29755,76145,18552,65173,10335,3434,1166,3706,6901,314,81,ae7f8d660684e886,https://xoso.com.vn/xsmn-15-05-2023.html,OK
2023-05-20,Saturday,TPHCM,921019,27333,65847,21244,92475,59261,04060,18199,20318,00961,91005,58028,5267,9295,0434,3996,857,58,1767e173c2308f8b,https://xoso.com.vn/xsmn-20-05-2023.html,OK
2023-05-22,Monday,TPHCM,940078,71714,67849,57542,10898,04335,96482,17857,69373,48065,15443,90554,8154,8750,4913,1502,678,34,3d56b633cc0c3e50,https://xoso.com.vn/xsmn-22-05-2023.html,OK
2023-05-27,Saturday,TPHCM,467972,80920,56854,55682,86425,87137,11858,58616,28538,19370,22517,87915,6545,6879,4846,9181,260,63,f7a25c4ede6c3d27,https://xoso.com.vn/xsmn-27-05-2023.html,OK
2023-05-29,Monday,TPHCM,124399,58068,87280,66390,40716,67589,09910,66017,14590,01912,81722,52246,8051,9927,2176,1003,453,50,0d24a941a0a8e91c,https://xoso.com.vn/xsmn-29-05-2023.html,OK
2023-06-03,Saturday,TPHCM,331639,24135,12430,77105,18824,24273,96010,32536,79016,58375,08815,41639,8592,9319,5879,8421,096,20,c9a92b920a4d0230,https://xoso.com.vn/xsmn-03-06-2023.html,OK
2023-06-05,Monday,TPHCM,204147,32809,50891,72092,98840,97539,50838,84886,08834,35653,43973,28308,6044,5365,6729,1126,107,02,911172bf7967ddae,https://xoso.com.vn/xsmn-05-06-2023.html,OK
2023-06-10,Saturday,TPHCM,566939,78444,22349,03901,58296,80833,06613,18284,45581,25896,27156,59234,7502,9263,8852,3244,233,22,ee830734e9c7edcc,https://xoso.com.vn/xsmn-10-06-2023.html,OK
2023-06-12,Monday,TPHCM,457618,96495,20095,60476,05945,13305,89043,39523,17238,76691,28329,63677,9737,6500,2621,5986,401,78,036472f5e8b084b7,https://xoso.com.vn/xsmn-12-06-2023.html,OK
2023-06-17,Saturday,TPHCM,499222,72231,82037,70441,01559,74085,13484,72539,50617,00713,38402,48913,1524,2409,6873,6715,562,34,65e5788581c8ca8a,https://xoso.com.vn/xsmn-17-06-2023.html,OK
2023-06-19,Monday,TPHCM,778938,59047,86133,31672,43232,43862,67801,92241,85466,46065,40902,38663,6655,2970,1367,6236,633,80,57f8267a07a31a82,https://xoso.com.vn/xsmn-19-06-2023.html,OK
2023-06-24,Saturday,TPHCM,876536,88301,15266,94078,10360,56309,85625,86512,45888,48386,48197,08295,2900,2435,1305,4042,209,57,c4f9f94c3e9b35be,https://xoso.com.vn/xsmn-24-06-2023.html,OK
2023-06-26,Monday,TPHCM,818030,37820,74419,04215,92417,62924,26270,17925,59814,78009,19191,30361,0026,2275,8430,1684,219,58,f842291b3870ef97,https://xoso.com.vn/xsmn-26-06-2023.html,OK
2023-07-01,Saturday,TPHCM,940503,37015,02993,44973,05431,59694,74756,84595,33942,51840,90348,10272,3534,2708,4532,7246,432,99,d8c4fb3576074e85,https://xoso.com.vn/xsmn-01-07-2023.html,OK
2023-07-03,Monday,TPHCM,192240,83379,19469,46686,94421,76227,01305,65397,24508,35819,90788,02794,3418,4138,4354,6041,202,26,6ce84d18184f2fa4,https://xoso.com.vn/xsmn-03-07-2023.html,OK
2023-07-08,Saturday,TPHCM,934563,00931,57685,29121,60969,15316,16773,56477,62444,13131,84495,23745,7765,0919,5917,4042,508,11,b453f581a9bb6b1e,https://xoso.com.vn/xsmn-08-07-2023.html,OK
2023-07-10,Monday,TPHCM,368794,45566,41440,12807,69904,40938,41551,76187,94699,77599,27510,11647,2414,4005,3032,0685,796,82,3aa02153903e8630,https://xoso.com.vn/xsmn-10-07-2023.html,OK
2023-07-15,Saturday,TPHCM,138726,17446,03980,45595,59327,99532,82162,38806,56958,91654,50717,27770,8396,4426,7675,8652,599,81,6858ea572481868a,https://xoso.com.vn/xsmn-15-07-2023.html,OK
2023-07-17,Monday,TPHCM,215457,22214,22678,72084,87045,91354,92095,56662,69554,22429,94147,70319,9790,8875,4089,3878,354,95,1361e0c41fffd194,https://xoso.com.vn/xsmn-17-07-2023.html,OK
2023-07-22,Saturday,TPHCM,335018,92497,39768,92578,79429,14988,89595,66608,96783,27384,47911,58610,3467,8590,2447,3576,561,10,19cef70e12f19c34,https://xoso.com.vn/xsmn-22-07-2023.html,OK
2023-07-24,Monday,TPHCM,717985,46141,64125,12676,03987,36787,08346,18336,20509,25600,38281,67071,5752,0427,4808,1005,259,94,e2e8454db3c310bf,https://xoso.com.vn/xsmn-24-07-2023.html,OK
2023-07-29,Saturday,TPHCM,584073,17982,17236,43278,48547,29406,34626,68997,08404,85195,60456,90374,2361,9499,8314,5716,457,50,2cb319c2d0f494c3,https://xoso.com.vn/xsmn-29-07-2023.html,OK
2023-07-31,Monday,TPHCM,104822,29771,88232,71494,95150,40517,49833,99602,02727,26658,73245,21861,0413,1929,2711,0995,868,25,db085e5c84337fd4,https://xoso.com.vn/xsmn-31-07-2023.html,OK
2023-08-05,Saturday,TPHCM,368835,55538,16158,08005,95508,49915,61360,68353,50851,45537,86994,06546,4058,4665,6210,0064,826,14,e96343cd2499b399,https://xoso.com.vn/xsmn-05-08-2023.html,OK
2023-08-07,Monday,TPHCM,818059,77465,82785,56840,82813,50013,46551,10287,31607,11892,60900,80059,0140,8742,0401,0108,566,78,9e3b1f614a7c2fc5,https://xoso.com.vn/xsmn-07-08-2023.html,OK
2023-08-12,Saturday,TPHCM,508327,17382,41899,20975,68210,14995,57577,75317,85109,16278,52693,16383,2235,1263,4269,9406,011,03,eb3db92a51be5494,https://xoso.com.vn/xsmn-12-08-2023.html,OK
2023-08-14,Monday,TPHCM,193854,86386,10763,85894,38520,08825,91177,73269,10667,78345,68981,82725,3276,4247,1284,2066,553,91,d7ca2c32fe343176,https://xoso.com.vn/xsmn-14-08-2023.html,OK
2023-08-19,Saturday,TPHCM,938237,47115,38538,50088,85393,28231,96217,33759,60338,31517,84950,02294,9494,0153,0864,1321,995,06,be66f6ef74cdeb39,https://xoso.com.vn/xsmn-19-08-2023.html,OK
2023-08-21,Monday,TPHCM,302838,96500,37324,37719,19814,30231,37470,82708,73930,19650,70497,18615,7731,0312,0409,9662,471,47,53af62969fd915f6,https://xoso.com.vn/xsmn-21-08-2023.html,OK
2023-08-26,Saturday,TPHCM,588057,86521,75326,33728,69781,89227,24560,97873,59740,13185,25347,14476,0440,7611,3412,1396,431,99,c2fd98058b62a1c1,https://xoso.com.vn/xsmn-26-08-2023.html,OK
2023-08-28,Monday,TPHCM,877720,11846,99874,97924,40294,42016,66001,23683,21572,51452,62042,67260,3625,9525,9918,7402,938,25,816cb33fed4c608b,https://xoso.com.vn/xsmn-28-08-2023.html,OK
2023-09-02,Saturday,TPHCM,491459,10493,80405,20372,44013,71070,35928,14370,18493,92479,34456,21055,5752,0954,5594,6789,927,32,5e0cc234504da464,https://xoso.com.vn/xsmn-02-09-2023.html,OK
2023-09-04,Monday,TPHCM,579482,06308,80430,16184,16031,43305,57276,99124,14200,37019,26649,16939,0967,2667,6206,4209,668,05,d03147c1f6d8bb74,https://xoso.com.vn/xsmn-04-09-2023.html,OK
2023-09-09,Saturday,TPHCM,058175,85132,15442,46603,00414,13438,81025,08540,08555,75619,49498,34370,0129,3928,4823,6117,504,02,e3d1d70ce0c01be1,https://xoso.com.vn/xsmn-09-09-2023.html,OK
2023-09-11,Monday,TPHCM,329681,83509,30599,84201,92751,15555,36735,89875,19730,38526,35031,78937,3993,1945,2051,8618,199,99,974a123f7a658540,https://xoso.com.vn/xsmn-11-09-2023.html,OK
2023-09-16,Saturday,TPHCM,819447,55737,65464,96415,91604,61127,10324,62034,94572,54733,88071,88193,3532,1532,9443,2480,997,51,013cea6448e39805,https://xoso.com.vn/xsmn-16-09-2023.html,OK
2023-09-18,Monday,TPHCM,415373,31965,53523,42113,39282,24461,69769,93127,63431,31122,80697,10225,1533,1901,6797,6982,031,57,1f09e1e5c9a4bb42,https://xoso.com.vn/xsmn-18-09-2023.html,OK
2023-09-23,Saturday,TPHCM,262641,23918,60565,21604,32777,63823,11751,09012,00075,68872,50190,05383,1771,5622,9030,5248,720,51,62a4c03b92ce9f27,https://xoso.com.vn/xsmn-23-09-2023.html,OK
2023-09-25,Monday,TPHCM,587017,21640,78968,17892,59228,18373,55790,62498,65214,40454,64697,29841,5642,3817,1999,4913,489,49,9736f0e4aade37d0,https://xoso.com.vn/xsmn-25-09-2023.html,OK
2023-09-30,Saturday,TPHCM,674351,56141,05624,34974,17268,05644,69185,53180,10291,58694,14775,74653,0113,6686,0112,6990,416,44,e2ee68b82cc2f89b,https://xoso.com.vn/xsmn-30-09-2023.html,OK
2023-10-02,Monday,TPHCM,763971,16044,25430,31947,54250,29918,04397,51714,84525,14564,98934,92527,0703,3092,8060,5396,133,91,68022db988d11aa2,https://xoso.com.vn/xsmn-02-10-2023.html,OK
2023-10-07,Saturday,TPHCM,417800,51248,25856,92683,70688,81282,28919,48309,71271,56829,54394,32514,0349,9550,4808,8699,290,55,2041d9ea14a79b21,https://xoso.com.vn/xsmn-07-10-2023.html,OK
2023-10-09,Monday,TPHCM,576677,61661,07898,01214,61601,09852,46270,24024,01207,38434,81471,69451,8979,9857,8381,3396,953,34,578c119e74438de4,https://xoso.com.vn/xsmn-09-10-2023.html,OK
2023-10-14,Saturday,TPHCM,310208,09591,54242,53738,82584,56552,06682,82785,51132,89970,16325,03805,3110,0504,4014,6847,624,38,24e0b3c3a45a0346,https://xoso.com.vn/xsmn-14-10-2023.html,OK
2023-10-16,Monday,TPHCM,266274,77358,90883,22557,52122,26030,90682,63932,61364,12264,49229,92740,6033,3560,6514,8364,885,52,ccd58c35f6df6105,https://xoso.com.vn/xsmn-16-10-2023.html,OK
2023-10-21,Saturday,TPHCM,813827,08597,11394,82164,12059,31400,15173,87696,74921,35062,37505,94993,0932,2832,4058,8940,425,40,b978652b34842e21,https://xoso.com.vn/xsmn-21-10-2023.html,OK
2023-10-23,Monday,TPHCM,870926,72791,57116,02762,35480,21407,10866,75888,08388,85880,02035,98627,8812,1329,1012,9368,134,55,8affd44add13f0d3,https://xoso.com.vn/xsmn-23-10-2023.html,OK
2023-10-28,Saturday,TPHCM,578796,48335,76932,52908,67184,53545,93709,54055,31426,47816,76581,69862,0928,0065,2178,2514,438,16,394f43e6f368417f,https://xoso.com.vn/xsmn-28-10-2023.html,OK
2023-10-30,Monday,TPHCM,616404,71036,76523,29798,82395,63663,57010,13110,57959,29566,23871,32816,4907,1447,7512,8074,493,60,396905c2ad96c635,https://xoso.com.vn/xsmn-30-10-2023.html,OK
2023-11-04,Saturday,TPHCM,820585,22845,53648,21683,46513,18475,13918,46281,11150,26395,01386,27979,7818,5854,4913,8386,002,54,8cfea169e6b56d86,https://xoso.com.vn/xsmn-04-11-2023.html,OK
2023-11-06,Monday,TPHCM,151258,92952,33678,42815,06063,61157,20785,15606,48861,08778,05728,33750,1489,0494,0835,2043,305,46,c862d59e27d9dfef,https://xoso.com.vn/xsmn-06-11-2023.html,OK
2023-11-11,Saturday,TPHCM,692238,46924,88954,25632,95615,14120,21588,69110,12882,60876,61073,08083,5392,1829,8806,5465,226,88,afcdfa56c6b62795,https://xoso.com.vn/xsmn-11-11-2023.html,OK
2023-11-13,Monday,TPHCM,815945,63174,29597,84392,57111,71196,35839,34195,40855,55196,27379,53939,2037,2527,6404,5286,248,27,25cfb2d711cdc23b,https://xoso.com.vn/xsmn-13-11-2023.html,OK
2023-11-18,Saturday,TPHCM,081430,66418,25986,87102,83019,46990,70809,51436,45083,46952,24086,38015,9057,6543,3561,1659,034,54,d27c1bbadb11baf8,https://xoso.com.vn/xsmn-18-11-2023.html,OK
2023-11-20,Monday,TPHCM,346003,73148,50877,50046,63816,02031,85587,95945,67452,36728,37236,00665,0635,8850,1393,1807,590,75,08bb448068f8bfa1,https://xoso.com.vn/xsmn-20-11-2023.html,OK
2023-11-25,Saturday,TPHCM,187173,36162,71726,39837,54044,22968,18623,69934,10347,93727,71064,76824,7568,2249,3443,0232,149,61,41143f51a740d266,https://xoso.com.vn/xsmn-25-11-2023.html,OK
2023-11-27,Monday,TPHCM,674312,87569,95278,67766,48534,56691,02593,22377,00495,50737,43331,92107,4885,1717,1871,9942,189,71,ad6b72c314822b5f,https://xoso.com.vn/xsmn-27-11-2023.html,OK
2023-12-02,Saturday,TPHCM,425659,08556,51473,01340,46518,57768,20913,27895,78338,14285,84330,79303,9699,7319,3432,9600,636,45,c8629c3b0f1f47dd,https://xoso.com.vn/xsmn-02-12-2023.html,OK
2023-12-04,Monday,TPHCM,205086,84724,32841,11068,82689,23520,26301,51507,46437,60634,40103,56151,4854,4715,7622,5536,893,25,2fdd3670ba926e29,https://xoso.com.vn/xsmn-04-12-2023.html,OK
2023-12-09,Saturday,TPHCM,086733,93991,95898,19310,04180,75222,11939,05390,79262,12658,78311,23787,1026,4788,2815,8482,202,56,0e0370f9e91d40bf,https://xoso.com.vn/xsmn-09-12-2023.html,OK
2023-12-11,Monday,TPHCM,284448,07863,92428,75245,42606,46253,71217,25970,72836,54997,28019,22883,2789,7719,5838,3194,144,83,347320ea52856a21,https://xoso.com.vn/xsmn-11-12-2023.html,OK
2023-12-16,Saturday,TPHCM,827568,19957,02453,59493,96484,97157,55260,34998,67471,22710,66254,87152,4264,2117,0316,9867,750,88,675619422697db2f,https://xoso.com.vn/xsmn-16-12-2023.html,OK
2023-12-18,Monday,TPHCM,136936,10259,68179,76201,22613,38887,08608,71482,41669,65815,43431,95276,9056,9527,8801,9414,194,33,b184d33392239463,https://xoso.com.vn/xsmn-18-12-2023.html,OK
2023-12-23,Saturday,TPHCM,001271,16363,12354,74022,39391,30560,04379,39786,99235,22249,41782,59104,9142,1691,3516,4812,647,25,fa7e55a412cacf29,https://xoso.com.vn/xsmn-23-12-2023.html,OK
2023-12-25,Monday,TPHCM,012082,27096,79637,90297,99040,00310,22738,06519,37912,33166,73645,73933,7913,4872,3657,4319,008,57,244196a2e58456a4,https://xoso.com.vn/xsmn-25-12-2023.html,OK
2023-12-30,Saturday,TPHCM,006224,04636,89579,74127,96880,84770,77707,59532,51665,30049,95001,76631,6139,7885,4736,6825,242,85,066b951f85a4198b,https://xoso.com.vn/xsmn-30-12-2023.html,OK
2024-01-01,Monday,TPHCM,822009,95797,27410,13738,83427,73080,93947,97910,69538,48344,53353,42071,9709,6936,6205,0338,578,60,e3ed25c6375b643f,https://xoso.com.vn/xsmn-01-01-2024.html,OK
2024-01-06,Saturday,TPHCM,032799,53373,03177,94671,78467,01076,11563,21246,09156,92778,51941,77436,2266,3158,3444,1517,306,26,dfe13f3f10a762e6,https://xoso.com.vn/xsmn-06-01-2024.html,OK
2024-01-08,Monday,TPHCM,037227,08276,01689,27891,06501,47010,75728,77917,43266,20000,90849,88409,1739,1291,6519,9477,364,34,0d5247153d337865,https://xoso.com.vn/xsmn-08-01-2024.html,OK
2024-01-13,Saturday,TPHCM,322823,82691,83239,51700,07693,36866,28048,76610,42564,27903,11679,91266,1042,6022,1059,6363,976,22,272ad497de1c7425,https://xoso.com.vn/xsmn-13-01-2024.html,OK
2024-01-15,Monday,TPHCM,184783,95132,22508,06172,05926,14576,80905,48885,60474,56679,53372,31091,8457,0424,7857,5755,831,97,398287dcc56cf708,https://xoso.com.vn/xsmn-15-01-2024.html,OK
2024-01-20,Saturday,TPHCM,132339,75990,91186,51058,76068,12608,84418,11737,62486,89896,56325,46865,5953,8892,0961,3538,874,11,109df3eda81dd52d,https://xoso.com.vn/xsmn-20-01-2024.html,OK
2024-01-22,Monday,TPHCM,121543,96362,56153,67438,36498,95857,19139,46833,41162,18701,51000,95811,1309,2598,9725,5388,159,57,d2d615e3786bc4f1,https://xoso.com.vn/xsmn-22-01-2024.html,OK
2024-01-27,Saturday,TPHCM,299997,77332,60292,09074,94545,49444,83614,33740,40888,71595,78399,81277,1398,2391,4961,3783,655,28,3aa76bbdf6b65f6f,https://xoso.com.vn/xsmn-27-01-2024.html,OK
2024-01-29,Monday,TPHCM,046413,14199,33927,18114,80292,03725,90537,74819,31356,02831,96983,58898,8620,9597,7106,9330,968,58,ddc2dea5e539df6a,https://xoso.com.vn/xsmn-29-01-2024.html,OK
2024-02-03,Saturday,TPHCM,582950,68811,51424,87958,20788,35524,37291,09198,72435,31063,49728,59396,7640,9839,3044,9311,291,07,a6c637078ce81cf6,https://xoso.com.vn/xsmn-03-02-2024.html,OK
2024-02-05,Monday,TPHCM,983646,25103,16472,68322,79038,84173,19512,60946,79102,60199,50838,18536,9675,9163,8353,5506,270,13,3b9d3606687e5c59,https://xoso.com.vn/xsmn-05-02-2024.html,OK
2024-02-10,Saturday,TPHCM,850589,11027,05733,77538,29466,59691,50922,25668,74960,94763,03164,49828,2862,4028,5723,0634,621,89,0436243e2678ecf3,https://xoso.com.vn/xsmn-10-02-2024.html,OK
2024-02-12,Monday,TPHCM,433361,06495,63095,43258,04131,34719,31615,89293,91841,13568,93396,54828,3201,9590,5004,7980,501,37,247eecaa2d537c71,https://xoso.com.vn/xsmn-12-02-2024.html,OK
2024-02-17,Saturday,TPHCM,179627,84332,01177,32715,96871,16351,67135,36176,92097,62601,19208,27132,9606,8723,9695,0750,900,37,30941384cd730f4f,https://xoso.com.vn/xsmn-17-02-2024.html,OK
2024-02-19,Monday,TPHCM,172724,15989,33324,21121,57898,88707,98442,29162,73894,38802,07434,83136,8167,9048,3459,1867,075,99,394e4e0f8dfc0396,https://xoso.com.vn/xsmn-19-02-2024.html,OK
2024-02-24,Saturday,TPHCM,034241,11646,93320,04848,20509,90688,99424,84676,94219,18562,16630,74307,8735,4807,3530,9315,171,24,ebea45202fdbbf34,https://xoso.com.vn/xsmn-24-02-2024.html,OK
2024-02-26,Monday,TPHCM,988909,26661,12290,00926,95089,25497,60454,77191,59386,40847,89945,31806,8781,4512,1354,0977,258,73,6e60093f6828c3d6,https://xoso.com.vn/xsmn-26-02-2024.html,OK
2024-03-02,Saturday,TPHCM,830049,92132,54610,77900,51081,12392,95426,89142,43291,94523,93049,74332,3502,5917,9212,8310,041,09,60701c97f9850659,https://xoso.com.vn/xsmn-02-03-2024.html,OK
2024-03-04,Monday,TPHCM,176172,67291,50733,48776,87878,47070,13867,04393,15218,73764,59702,25493,8047,8485,9378,7276,741,96,e1778495be624c6d,https://xoso.com.vn/xsmn-04-03-2024.html,OK
2024-03-09,Saturday,TPHCM,211356,98110,54895,60189,90077,09048,55172,44956,55634,55046,24649,27462,5655,4346,1048,4075,529,95,f818ca833f798552,https://xoso.com.vn/xsmn-09-03-2024.html,OK
2024-03-11,Monday,TPHCM,929658,34272,27889,80707,77351,76577,59636,06686,08652,03645,50623,48867,8424,6740,7715,7290,498,75,8bae7595081c73d3,https://xoso.com.vn/xsmn-11-03-2024.html,OK
2024-03-16,Saturday,TPHCM,174016,02929,71480,74688,17950,37546,56246,24408,69577,17437,91920,37870,3208,9995,1374,5946,557,00,2c900a922f1df170,https://xoso.com.vn/xsmn-16-03-2024.html,OK
2024-03-18,Monday,TPHCM,318059,00315,44115,15989,93908,54579,77625,43743,48378,56553,76005,11163,1573,7743,9335,3266,058,64,8530d8f0ca308847,https://xoso.com.vn/xsmn-18-03-2024.html,OK
2024-03-23,Saturday,TPHCM,232734,93961,59499,84240,12643,98015,70263,41836,61686,99381,43950,26564,6014,0196,1293,9725,170,67,87701dabc33ffc29,https://xoso.com.vn/xsmn-23-03-2024.html,OK
2024-03-25,Monday,TPHCM,252048,83153,57284,36656,30970,58685,96598,48018,09207,18085,12799,43906,2857,2766,7226,3632,530,67,fcf854915f557815,https://xoso.com.vn/xsmn-25-03-2024.html,OK
2024-03-30,Saturday,TPHCM,379085,93533,88487,95342,22890,93745,96649,94079,73388,81773,64508,48980,0884,2230,7785,5399,049,59,54f1bf225f77e89f,https://xoso.com.vn/xsmn-30-03-2024.html,OK
2024-04-01,Monday,TPHCM,013739,65548,11314,66871,47492,15817,30224,13916,74123,55436,32360,11249,6691,5390,8939,0659,465,56,ff171a2042403dbe,https://xoso.com.vn/xsmn-01-04-2024.html,OK
2024-04-06,Saturday,TPHCM,193631,93846,78420,43280,02985,92758,57975,23937,88844,21611,15158,25460,3772,0092,9586,2241,127,91,13aa803fb4687810,https://xoso.com.vn/xsmn-06-04-2024.html,OK
2024-04-08,Monday,TPHCM,529215,98034,06394,61472,28640,85601,28788,77598,53243,95456,80798,46147,2524,4191,4489,3914,190,35,4a4f25f4e446473c,https://xoso.com.vn/xsmn-08-04-2024.html,OK
2024-04-13,Saturday,TPHCM,309125,65226,44565,51613,86409,61116,29576,42413,37115,29242,96636,38806,5714,8198,4977,8302,974,70,95c0dfed4e76d68d,https://xoso.com.vn/xsmn-13-04-2024.html,OK
2024-04-15,Monday,TPHCM,903684,24696,63050,91018,28489,58492,62416,15278,19922,21500,56497,47467,3468,1973,0520,6979,494,98,c8807e467d457375,https://xoso.com.vn/xsmn-15-04-2024.html,OK
2024-04-20,Saturday,TPHCM,597474,88161,55121,65794,20437,46650,96101,52950,59499,72666,74982,38377,7251,1846,7012,5636,718,40,c1bed5f93429d3f9,https://xoso.com.vn/xsmn-20-04-2024.html,OK
2024-04-22,Monday,TPHCM,689897,10690,76422,58414,12911,44942,24058,34478,97825,55023,83203,74191,6452,5258,2042,5126,630,89,9695fd49f680391b,https://xoso.com.vn/xsmn-22-04-2024.html,OK
2024-04-27,Saturday,TPHCM,598621,18456,28423,29448,35953,46731,28295,55330,49083,84028,94037,93382,8722,7867,9520,2730,925,80,61d42e2027da8224,https://xoso.com.vn/xsmn-27-04-2024.html,OK
2024-04-29,Monday,TPHCM,393297,95677,10798,44130,62631,73560,41630,97601,35273,03888,78777,77508,9412,7277,9218,3780,249,11,51a7164581604e85,https://xoso.com.vn/xsmn-29-04-2024.html,OK
2024-05-04,Saturday,TPHCM,742011,54533,74106,00130,41719,03149,73454,50400,49097,79262,34507,66844,3319,5406,8132,8130,696,60,217fcd3d14911559,https://xoso.com.vn/xsmn-04-05-2024.html,OK
2024-05-06,Monday,TPHCM,833301,97762,99786,64996,70372,49008,77595,24881,80293,30158,02758,76579,4487,8249,1183,9938,035,20,e85a224de38ea505,https://xoso.com.vn/xsmn-06-05-2024.html,OK
2024-05-11,Saturday,TPHCM,416236,53134,26648,38619,25628,93664,49006,76322,94256,40581,26258,18239,9655,6778,9029,0341,133,63,9cf31974352f600f,https://xoso.com.vn/xsmn-11-05-2024.html,OK
2024-05-13,Monday,TPHCM,968020,35512,48222,76210,98118,01892,79035,04069,85661,92539,22624,74152,9344,9782,5090,4323,649,38,3a6da82ea3f4cd13,https://xoso.com.vn/xsmn-13-05-2024.html,OK
2024-05-18,Saturday,TPHCM,067456,81584,50566,50419,25948,75112,69899,73261,41899,34195,83141,16416,7046,6977,4069,2583,644,18,8b9c1bbdc554dff5,https://xoso.com.vn/xsmn-18-05-2024.html,OK
2024-05-20,Monday,TPHCM,817292,37865,92683,24794,79754,75791,88011,09284,81848,54210,16359,55293,1931,6618,3005,4307,652,85,0c1837fe147bb577,https://xoso.com.vn/xsmn-20-05-2024.html,OK
2024-05-25,Saturday,TPHCM,056236,18331,44220,53620,33972,23678,45681,06355,80042,69522,74957,33392,1332,0453,2799,3508,346,56,919442b6e0bf930c,https://xoso.com.vn/xsmn-25-05-2024.html,OK
2024-05-27,Monday,TPHCM,765258,14593,55513,34246,22339,63287,38594,91657,35083,10533,41451,56399,4571,3477,1426,4465,711,27,4dab3d72f9122aa6,https://xoso.com.vn/xsmn-27-05-2024.html,OK
2024-06-01,Saturday,TPHCM,333958,71112,23403,34095,96878,55409,70611,50702,20036,62480,57110,63433,4376,6844,5855,6197,366,10,62882423e546fc90,https://xoso.com.vn/xsmn-01-06-2024.html,OK
2024-06-03,Monday,TPHCM,247480,98269,95350,56447,92889,50143,38217,16269,14299,89250,57692,94795,4714,8799,9860,6908,383,18,bffbcb72e6bd4ae8,https://xoso.com.vn/xsmn-03-06-2024.html,OK
2024-06-08,Saturday,TPHCM,409833,17601,37156,46801,73473,69711,97466,05379,18298,10103,96823,55731,5342,9232,7652,4501,732,33,ed2513b231aa3caa,https://xoso.com.vn/xsmn-08-06-2024.html,OK
2024-06-10,Monday,TPHCM,506737,27235,03305,14418,64804,80726,24511,62680,78957,40550,85396,11062,8661,2574,6006,4625,045,96,5193079864ae42fe,https://xoso.com.vn/xsmn-10-06-2024.html,OK
2024-06-15,Saturday,TPHCM,993308,25900,06178,73686,49663,20335,80216,76116,78374,57299,70896,85051,3636,6612,7109,9046,212,61,00830edd490a76af,https://xoso.com.vn/xsmn-15-06-2024.html,OK
2024-06-17,Monday,TPHCM,327882,67157,92356,34387,58556,14165,24372,23819,64365,68248,96832,07768,6872,7552,9404,9356,307,00,9c6b9d48f3baba6b,https://xoso.com.vn/xsmn-17-06-2024.html,OK
2024-06-22,Saturday,TPHCM,632991,73409,76038,46928,84494,76662,04889,52371,53610,32998,86948,46921,9877,2839,4975,9089,597,13,270433e8e403b092,https://xoso.com.vn/xsmn-22-06-2024.html,OK
2024-06-24,Monday,TPHCM,142066,61127,68582,50581,72587,55803,36470,76311,87112,50911,20703,61490,0896,3331,9071,5894,100,63,66171848bb5c634f,https://xoso.com.vn/xsmn-24-06-2024.html,OK
2024-06-29,Saturday,TPHCM,059230,50593,44390,49915,07659,06504,00943,96060,34655,05246,05597,35346,6331,7581,6123,9564,694,84,728e4b195c929995,https://xoso.com.vn/xsmn-29-06-2024.html,OK
2024-07-01,Monday,TPHCM,725785,43033,41625,83445,85068,01808,74214,10765,97697,48828,36387,19063,8178,5505,7362,2662,713,51,50bed93a53b27289,https://xoso.com.vn/xsmn-01-07-2024.html,OK
2024-07-06,Saturday,TPHCM,219520,62355,62736,91304,06098,37982,15698,45341,93575,34768,92518,26262,5824,8620,8430,1580,133,09,1e6788ee560dbff6,https://xoso.com.vn/xsmn-06-07-2024.html,OK
2024-07-08,Monday,TPHCM,308118,38147,86564,29859,62684,20350,58994,79235,96882,46701,98589,02089,2233,9695,2099,4810,189,45,09689cb711d7aea6,https://xoso.com.vn/xsmn-08-07-2024.html,OK
2024-07-13,Saturday,TPHCM,221403,40507,36221,86549,91874,92716,79348,70773,12364,65183,45317,41944,0647,5702,5932,5270,058,83,0261a513445250e1,https://xoso.com.vn/xsmn-13-07-2024.html,OK
2024-07-15,Monday,TPHCM,543831,79988,92818,75496,73378,62327,27803,50726,58264,13923,31600,62394,7791,2103,0170,5345,155,51,abdbc2985b1b79c4,https://xoso.com.vn/xsmn-15-07-2024.html,OK
2024-07-20,Saturday,TPHCM,799239,75768,31320,31409,93077,34656,89608,88443,31432,33526,43708,74496,8995,4360,4226,6423,540,14,3ce0872143993a12,https://xoso.com.vn/xsmn-20-07-2024.html,OK
2024-07-22,Monday,TPHCM,915016,32329,45800,18782,54041,60326,67036,18950,42463,61579,05375,32442,3943,5123,5309,5415,567,75,5e9537df3f7ba685,https://xoso.com.vn/xsmn-22-07-2024.html,OK
2024-07-27,Saturday,TPHCM,796305,78142,85272,52527,50080,73789,93030,43734,72834,06515,02790,58862,6502,6224,8681,7282,610,23,b56298add2376d45,https://xoso.com.vn/xsmn-27-07-2024.html,OK
2024-07-29,Monday,TPHCM,633624,39779,46472,93822,12551,40664,32194,22180,49232,47453,04721,88610,9053,6892,4062,2307,461,56,5e9fb7f08eb36be1,https://xoso.com.vn/xsmn-29-07-2024.html,OK
2024-08-03,Saturday,TPHCM,986052,97377,87645,89431,28388,96757,27845,39084,49474,28031,63520,30469,0568,8253,8368,1494,789,35,1ab5ccde1b4d4f8f,https://xoso.com.vn/xsmn-03-08-2024.html,OK
2024-08-05,Monday,TPHCM,764772,94214,07300,75026,26178,15673,67353,24988,13899,42120,42415,72338,3676,3239,5996,0877,802,62,7c7e9458d2dad505,https://xoso.com.vn/xsmn-05-08-2024.html,OK
2024-08-10,Saturday,TPHCM,478251,91748,89509,11267,22569,94947,51691,22027,05038,51167,70860,32702,8203,7920,5540,6221,827,34,c70f3fe97ce73a96,https://xoso.com.vn/xsmn-10-08-2024.html,OK
2024-08-12,Monday,TPHCM,426615,54066,64948,60117,51097,04118,96461,55500,32976,76643,80044,69120,4764,9369,5653,7307,306,32,6eabe795fc073849,https://xoso.com.vn/xsmn-12-08-2024.html,OK
2024-08-17,Saturday,TPHCM,341339,79096,67882,35790,00307,60883,21177,95852,43877,00124,04357,87210,6780,0164,4034,0098,636,65,7c7e0daefdd62d33,https://xoso.com.vn/xsmn-17-08-2024.html,OK
2024-08-19,Monday,TPHCM,941663,17966,95197,52162,54821,30805,02008,27015,91077,93985,72552,86052,4184,3107,7239,2317,353,75,84fe4ad45f31fc76,https://xoso.com.vn/xsmn-19-08-2024.html,OK
2024-08-24,Saturday,TPHCM,582320,73243,93781,01640,50004,67979,52012,56773,40844,73427,01191,90993,8993,9480,1798,3806,717,26,9986ca06fe7c6615,https://xoso.com.vn/xsmn-24-08-2024.html,OK
2024-08-26,Monday,TPHCM,288859,64620,12953,49376,47058,24218,09393,90578,10548,45978,76855,57622,4801,9343,9308,1762,410,60,48a1ae40fa18c18e,https://xoso.com.vn/xsmn-26-08-2024.html,OK
2024-08-31,Saturday,TPHCM,912485,23738,91865,83975,11798,72999,96895,35248,68835,75231,59662,36796,6651,0536,6317,4795,404,83,d95167cff7ddb341,https://xoso.com.vn/xsmn-31-08-2024.html,OK
2024-09-02,Monday,TPHCM,472088,81030,75278,90755,68611,83537,50904,53144,70193,42198,35922,37159,9821,4975,9649,7433,892,71,cab4c9326ee193ce,https://xoso.com.vn/xsmn-02-09-2024.html,OK
2024-09-07,Saturday,TPHCM,707032,40192,00833,97695,17264,28274,26986,39875,55916,79482,22112,91304,5969,6153,0893,8575,938,93,ef92163fb2136d85,https://xoso.com.vn/xsmn-07-09-2024.html,OK
2024-09-09,Monday,TPHCM,087296,69659,93945,39101,17782,77782,17693,18412,95640,15132,90814,62772,8892,8317,6187,8767,967,59,bf8595d58919eda9,https://xoso.com.vn/xsmn-09-09-2024.html,OK
2024-09-14,Saturday,TPHCM,011517,01774,73755,45079,52818,93349,43802,09057,91800,19821,06817,71760,1481,9685,4328,0237,568,84,ffc8f1dc204b1489,https://xoso.com.vn/xsmn-14-09-2024.html,OK
2024-09-16,Monday,TPHCM,549394,23412,06303,93321,65831,74955,82627,62198,02919,27494,32766,47479,5242,9248,1478,5292,100,07,8eaff4a329c34dda,https://xoso.com.vn/xsmn-16-09-2024.html,OK
2024-09-21,Saturday,TPHCM,276397,19226,88005,66263,87322,10225,61141,80134,50972,42321,96580,04123,5323,9347,4726,3816,265,45,b5555b7bd73c0e9f,https://xoso.com.vn/xsmn-21-09-2024.html,OK
2024-09-23,Monday,TPHCM,302921,30392,57824,31708,31965,98822,60430,70523,37225,96846,30279,09674,3019,5894,6406,3363,106,68,e3daeb89bf14c662,https://xoso.com.vn/xsmn-23-09-2024.html,OK
2024-09-28,Saturday,TPHCM,949348,73238,60519,60843,77870,95915,41270,87339,76929,76056,59971,99869,3805,2228,0911,1765,381,07,be0aafb4a0ebb23e,https://xoso.com.vn/xsmn-28-09-2024.html,OK
2024-09-30,Monday,TPHCM,495226,98933,32791,93976,13171,65730,20837,19611,12032,57465,60652,96170,7836,2650,7799,3807,645,09,47fb0477ad54e7fc,https://xoso.com.vn/xsmn-30-09-2024.html,OK
2024-10-05,Saturday,TPHCM,830533,16302,99177,57682,28618,00137,04423,95147,65477,30730,86194,46026,4199,5845,5833,1564,616,98,377772bc7d5a2b86,https://xoso.com.vn/xsmn-05-10-2024.html,OK
2024-10-07,Monday,TPHCM,233694,32281,97517,34156,01328,51386,75166,33333,92774,41520,31373,61529,2369,4199,5056,8731,603,92,6407f77ff0ce1bcf,https://xoso.com.vn/xsmn-07-10-2024.html,OK
2024-10-12,Saturday,TPHCM,876081,97440,97039,78441,81577,31814,64309,68127,94551,87974,89196,88588,8141,6452,6714,0917,592,63,ea4efb05215e989b,https://xoso.com.vn/xsmn-12-10-2024.html,OK
2024-10-14,Monday,TPHCM,111170,87285,63283,23867,68504,88499,70256,39475,73142,61608,19556,04710,6194,1596,7597,4076,134,29,5ab32fe4f77432b2,https://xoso.com.vn/xsmn-14-10-2024.html,OK
2024-10-19,Saturday,TPHCM,527967,16189,75222,77163,21052,02685,33385,12007,44924,25789,28829,63510,4493,2346,5490,2154,124,93,bce2f7a0d888db52,https://xoso.com.vn/xsmn-19-10-2024.html,OK
2024-10-21,Monday,TPHCM,069169,83925,34576,31016,76145,11856,73671,87030,46402,04680,00535,64868,1494,9368,0308,2655,083,19,bc528ef0f4709351,https://xoso.com.vn/xsmn-21-10-2024.html,OK
2024-10-26,Saturday,TPHCM,918254,35795,46621,37287,62090,41976,66339,85918,88331,10651,22949,43950,8721,4769,7301,2074,951,00,b6174cfc9da6e439,https://xoso.com.vn/xsmn-26-10-2024.html,OK
2024-10-28,Monday,TPHCM,967809,51115,29628,41200,59757,12461,77205,28486,77492,75240,15186,77656,8323,7397,0483,6910,037,94,f706c14db64fd0c5,https://xoso.com.vn/xsmn-28-10-2024.html,OK
2024-11-02,Saturday,TPHCM,365883,44236,37621,43687,81197,05447,71439,77867,14727,53932,57605,34130,1703,7628,6792,2400,086,12,97db7b6104d94bc6,https://xoso.com.vn/xsmn-02-11-2024.html,OK
2024-11-04,Monday,TPHCM,066832,31261,51279,89579,04358,16256,78378,71734,38235,43444,77958,89472,3934,6881,8969,6132,479,51,efdeb9e1fcc985c0,https://xoso.com.vn/xsmn-04-11-2024.html,OK
2024-11-09,Saturday,TPHCM,956097,23780,76378,53741,70457,83340,12206,26798,37107,24820,93293,97953,8907,9484,6513,0278,877,83,3e3e0c21d7247e3e,https://xoso.com.vn/xsmn-09-11-2024.html,OK
2024-11-11,Monday,TPHCM,392426,25602,82327,54572,36937,26210,26325,75044,04280,99885,58037,17856,6719,5327,8030,3625,835,08,a90000134bb630a7,https://xoso.com.vn/xsmn-11-11-2024.html,OK
2024-11-16,Saturday,TPHCM,344734,46361,32718,32690,51139,47422,80253,36017,26417,35143,93079,79829,9978,2079,2410,2761,453,27,d07570eb7671bb52,https://xoso.com.vn/xsmn-16-11-2024.html,OK
2024-11-18,Monday,TPHCM,233941,96070,47858,07499,65839,10010,25831,31679,94488,72022,46594,20549,9567,9218,4476,9941,737,28,a0d57ae1c645f6a6,https://xoso.com.vn/xsmn-18-11-2024.html,OK
2024-11-23,Saturday,TPHCM,135605,91285,45218,23887,72835,15357,19258,55242,15795,84312,48660,84352,7184,2664,9171,5295,117,04,3d8a8b41768c3c2e,https://xoso.com.vn/xsmn-23-11-2024.html,OK
2024-11-25,Monday,TPHCM,258650,67522,64010,65891,84277,89100,41417,16678,31843,41348,44260,50215,1637,8827,7987,0101,229,77,2814eb1b99ea0697,https://xoso.com.vn/xsmn-25-11-2024.html,OK
2024-11-30,Saturday,TPHCM,951312,89664,42232,18853,72567,78206,10694,96152,62399,43719,13686,57870,2266,3733,2304,0792,861,35,3184a8bf9ae61881,https://xoso.com.vn/xsmn-30-11-2024.html,OK
2024-12-02,Monday,TPHCM,340805,69509,15531,40622,70861,72877,60323,07267,46542,85866,74394,15968,3412,0089,2755,0182,190,32,47d43537cf593ae5,https://xoso.com.vn/xsmn-02-12-2024.html,OK
2024-12-07,Saturday,TPHCM,457881,15255,86132,71905,54803,80662,23085,55894,25346,78032,72477,40982,3691,6755,1679,7714,453,18,b7d38744fcc84dd1,https://xoso.com.vn/xsmn-07-12-2024.html,OK
2024-12-09,Monday,TPHCM,673746,25714,11730,83319,13082,56404,02751,20728,36674,44157,55488,74941,4083,0327,9959,9008,812,42,743cceff3c9c20b0,https://xoso.com.vn/xsmn-09-12-2024.html,OK
2024-12-14,Saturday,TPHCM,174810,43410,04204,09204,42365,56039,11606,66707,27052,14969,85332,67571,6214,4705,1835,0681,618,79,b4604b5bf0059795,https://xoso.com.vn/xsmn-14-12-2024.html,OK
2024-12-16,Monday,TPHCM,317622,04044,25250,65936,34076,39970,94138,29272,67514,63239,10481,87693,5446,3138,4777,6283,977,63,b96a97a872690a1a,https://xoso.com.vn/xsmn-16-12-2024.html,OK
2024-12-21,Saturday,TPHCM,566454,40894,25017,35648,52182,88013,73486,50294,28740,80621,48119,00908,1373,0634,9668,8157,112,32,b389b0b530bc3114,https://xoso.com.vn/xsmn-21-12-2024.html,OK
2024-12-23,Monday,TPHCM,401339,01696,40976,85218,56562,09957,62086,36758,72953,96209,11730,90714,0334,6608,3401,7043,819,20,d1a1432b00627c23,https://xoso.com.vn/xsmn-23-12-2024.html,OK
2024-12-28,Saturday,TPHCM,945921,58157,13182,58502,91896,20539,54168,04115,26120,26714,26742,81169,8763,9850,1449,7747,919,02,dd4c52b491d74c15,https://xoso.com.vn/xsmn-28-12-2024.html,OK
2024-12-30,Monday,TPHCM,451386,44762,08472,71933,75901,48389,11350,00419,16572,70124,76443,96569,7464,1429,6144,8888,153,18,dc14781ab8326cb8,https://xoso.com.vn/xsmn-30-12-2024.html,OK
2025-01-04,Saturday,TPHCM,254306,00739,73087,41021,11276,13991,56469,68309,88309,15241,37044,93773,0713,2433,2249,3949,302,15,1a11653306b682a9,https://xoso.com.vn/xsmn-04-01-2025.html,OK
2025-01-06,Monday,TPHCM,933378,72947,98117,50331,01629,81860,76708,49974,37399,45571,16485,24330,4708,2369,5994,5256,744,66,d93027c716ddf2a5,https://xoso.com.vn/xsmn-06-01-2025.html,OK
2025-01-11,Saturday,TPHCM,559158,74231,73595,09315,04883,71022,26677,15304,73378,86800,37225,18930,5791,3333,4891,1257,209,88,d1c1d8b1b74dd6b5,https://xoso.com.vn/xsmn-11-01-2025.html,OK
2025-01-13,Monday,TPHCM,039430,15022,13334,03155,67818,55992,62888,73010,40321,60246,38502,84942,1199,2141,7682,2334,950,29,e8ad8a033172c0e9,https://xoso.com.vn/xsmn-13-01-2025.html,OK
2025-01-18,Saturday,TPHCM,454394,51761,81167,99292,00396,19595,83091,24764,72820,96362,56121,59759,8268,4971,3556,4573,861,16,c261b063c43ccf02,https://xoso.com.vn/xsmn-18-01-2025.html,OK
2025-01-20,Monday,TPHCM,891824,69549,34276,27796,19958,65677,38199,80187,36413,67198,79453,52416,2056,1226,5076,6500,857,72,42adc58dc5acafad,https://xoso.com.vn/xsmn-20-01-2025.html,OK
2025-01-25,Saturday,TPHCM,284874,96418,14274,39884,90820,43858,45390,80654,55932,39390,96235,04255,3276,7869,4500,7669,574,47,0b647671aa8a634b,https://xoso.com.vn/xsmn-25-01-2025.html,OK
2025-01-27,Monday,TPHCM,628494,28066,47021,37003,77092,44814,59686,75052,39011,21988,35363,62958,5608,7408,8442,0089,605,42,ee18b44bc7b16066,https://xoso.com.vn/xsmn-27-01-2025.html,OK
2025-02-01,Saturday,TPHCM,978950,37989,91845,09922,90171,53227,27089,25845,62617,26351,87522,41621,1877,2113,2577,3713,228,49,d964f257c1e5037a,https://xoso.com.vn/xsmn-01-02-2025.html,OK
2025-02-03,Monday,TPHCM,261718,68245,78570,10921,40235,63667,20901,28248,60711,33383,11793,68905,1857,8188,9869,1350,264,66,e0151d9ab6ba29c8,https://xoso.com.vn/xsmn-03-02-2025.html,OK
2025-02-08,Saturday,TPHCM,973157,92169,61173,60654,72112,08589,90007,32194,99289,35933,41057,70142,9026,2736,9305,5722,769,89,4a370498b8314379,https://xoso.com.vn/xsmn-08-02-2025.html,OK
2025-02-10,Monday,TPHCM,359722,48670,79155,49331,03225,22598,90230,01206,36097,21942,92462,67816,7213,8175,0194,2020,435,81,ee1a8445d5b2344a,https://xoso.com.vn/xsmn-10-02-2025.html,OK
2025-02-15,Saturday,TPHCM,682158,51303,49629,24953,93996,29762,58893,24439,15332,88807,83454,42091,3109,8653,6219,6964,794,41,1c26ff98a76169e5,https://xoso.com.vn/xsmn-15-02-2025.html,OK
2025-02-17,Monday,TPHCM,180023,03403,88352,44716,43967,19319,64464,45836,36845,91810,86382,25012,0897,7658,1816,5242,846,19,5a5d4de55ca7a2ab,https://xoso.com.vn/xsmn-17-02-2025.html,OK
2025-02-22,Saturday,TPHCM,275415,94063,66875,60542,21690,02970,97485,74825,67481,38273,60341,06113,6353,6806,0465,8638,410,49,1571af560f549620,https://xoso.com.vn/xsmn-22-02-2025.html,OK
2025-02-24,Monday,TPHCM,840624,82952,40583,72325,21948,09449,10958,52362,54235,27153,68611,32909,9813,1958,3854,0142,799,03,f2c160b81d24997e,https://xoso.com.vn/xsmn-24-02-2025.html,OK
2025-03-01,Saturday,TPHCM,108907,10618,30616,35088,22437,16101,06988,54966,11589,14091,71513,71974,7676,4158,4748,3118,143,69,cb42bec2f71206d2,https://xoso.com.vn/xsmn-01-03-2025.html,OK
2025-03-03,Monday,TPHCM,249761,59505,99699,56375,58953,07390,23072,15262,97012,23086,36393,09364,2310,8277,9465,9759,439,80,32f3c580468a056c,https://xoso.com.vn/xsmn-03-03-2025.html,OK
2025-03-08,Saturday,TPHCM,877729,01109,74036,40835,62243,82890,72367,40623,88401,66944,02770,16580,4623,4129,4794,2827,535,28,4ba73748fabebdb1,https://xoso.com.vn/xsmn-08-03-2025.html,OK
2025-03-10,Monday,TPHCM,170643,83264,15246,35473,42244,10432,19588,19647,58792,91914,87983,27874,4838,9728,5815,1472,308,22,0c0b2fa7524569a7,https://xoso.com.vn/xsmn-10-03-2025.html,OK
2025-03-15,Saturday,TPHCM,970730,25713,62276,22937,91397,19742,39446,26128,54984,01680,50195,66848,7862,3147,2256,6760,124,92,51257e437fa8e29d,https://xoso.com.vn/xsmn-15-03-2025.html,OK
2025-03-17,Monday,TPHCM,713581,62539,53480,87573,77164,21205,65370,32624,84058,67208,95912,35377,4103,7786,2409,4667,348,03,3f4192913d1f123b,https://xoso.com.vn/xsmn-17-03-2025.html,OK
2025-03-22,Saturday,TPHCM,838911,12658,80794,26616,27735,82918,16939,20457,61412,68495,90365,32407,8056,6334,4312,1991,867,65,3796d2da6711a84a,https://xoso.com.vn/xsmn-22-03-2025.html,OK
2025-03-24,Monday,TPHCM,500922,83429,58869,33158,97495,25276,30384,22144,69994,93952,43948,12904,1385,1781,9565,6081,622,64,4eb2faf2d7b0c39c,https://xoso.com.vn/xsmn-24-03-2025.html,OK
2025-03-29,Saturday,TPHCM,752779,26271,21039,17158,87424,59058,22076,13510,21141,90270,61365,26638,6743,2932,8625,3543,789,15,196021fcd23c1ede,https://xoso.com.vn/xsmn-29-03-2025.html,OK
2025-03-31,Monday,TPHCM,300168,97314,16934,33741,78478,94347,30688,13422,98834,73726,01163,51274,9653,8402,0404,4788,696,16,376059b431b6851b,https://xoso.com.vn/xsmn-31-03-2025.html,OK
2025-04-05,Saturday,TPHCM,964098,42063,61528,08697,10656,86339,28965,79091,75294,29066,37640,39115,7217,9720,8316,6218,840,77,cc2708739fb4cf6d,https://xoso.com.vn/xsmn-05-04-2025.html,OK
2025-04-07,Monday,TPHCM,166943,50914,76834,86251,70329,63460,96364,17290,71563,43916,70936,23725,6732,2889,3278,3598,957,54,4da331ba559d3362,https://xoso.com.vn/xsmn-07-04-2025.html,OK
2025-04-12,Saturday,TPHCM,259054,88379,07448,71610,57854,66063,73371,07476,94957,09073,79924,42164,8956,1037,3383,0270,079,44,6dbe10af8990989e,https://xoso.com.vn/xsmn-12-04-2025.html,OK
2025-04-14,Monday,TPHCM,499030,24550,91587,79795,70029,22944,33223,31070,84876,18265,98828,77462,0654,9465,3776,6429,730,61,209219c8170b6b31,https://xoso.com.vn/xsmn-14-04-2025.html,OK
2025-04-19,Saturday,TPHCM,107402,87230,42793,36231,25651,03678,33867,36870,60596,83866,54607,60664,3270,3952,3408,1251,842,00,eb7a473f839932ae,https://xoso.com.vn/xsmn-19-04-2025.html,OK
2025-04-21,Monday,TPHCM,955525,92063,64389,39183,79606,62799,54812,27300,92873,45971,60810,67006,6182,8929,2925,2008,866,49,5d25aaebde6815df,https://xoso.com.vn/xsmn-21-04-2025.html,OK
2025-04-26,Saturday,TPHCM,670517,43042,81368,90340,06903,42454,97918,62303,29590,90534,95717,82633,2457,9415,3641,9010,337,65,dbd6a42c64e1d448,https://xoso.com.vn/xsmn-26-04-2025.html,OK
2025-04-28,Monday,TPHCM,577286,07521,50294,98986,96193,50174,97677,65046,53584,77737,71737,17537,3181,2291,7000,7730,731,19,2a67effab1a6aaf7,https://xoso.com.vn/xsmn-28-04-2025.html,OK
2025-05-03,Saturday,TPHCM,705636,10418,66034,96416,63054,21615,06083,41755,34595,09782,73924,30068,9686,8899,3230,6720,180,77,a3ebf51b2e254eb8,https://xoso.com.vn/xsmn-03-05-2025.html,OK
2025-05-05,Monday,TPHCM,997334,44365,74109,19512,63236,12500,30032,34731,31929,97000,07440,93486,9165,4968,6723,6566,272,51,50d2146f8454cba6,https://xoso.com.vn/xsmn-05-05-2025.html,OK
2025-05-10,Saturday,TPHCM,879451,22310,84659,36295,04057,79800,76976,92144,37652,66478,73534,53162,2713,7275,8839,8703,777,35,1ebd87e6aedee96c,https://xoso.com.vn/xsmn-10-05-2025.html,OK
2025-05-12,Monday,TPHCM,347415,84441,86183,79046,41367,77964,61001,19016,65485,94967,97887,86033,3134,6790,9513,5964,632,71,9adca4603b80de87,https://xoso.com.vn/xsmn-12-05-2025.html,OK
2025-05-17,Saturday,TPHCM,488774,68722,76274,25242,46196,67894,61413,87920,40387,52070,46185,08752,1859,8317,3794,3816,801,94,2faf5004f2ade3d3,https://xoso.com.vn/xsmn-17-05-2025.html,OK
2025-05-19,Monday,TPHCM,793989,44650,22517,07189,07182,56588,95760,48646,21878,42336,54954,64363,5574,0228,4569,2642,380,26,69b71760f691d991,https://xoso.com.vn/xsmn-19-05-2025.html,OK
2025-05-24,Saturday,TPHCM,043704,16321,85565,66110,73468,74977,27978,43517,94773,25663,57191,16567,2379,4817,7353,2635,095,96,bbe5fb9dd6497cfa,https://xoso.com.vn/xsmn-24-05-2025.html,OK
2025-05-26,Monday,TPHCM,824412,72305,11189,94485,33274,63177,61189,33675,14995,22462,87669,61906,7017,1343,6514,9354,371,60,93bcdcb57740516e,https://xoso.com.vn/xsmn-26-05-2025.html,OK
2025-05-31,Saturday,TPHCM,093936,91731,99875,10533,11339,38413,01149,94686,97770,66011,34352,28690,2523,5584,0678,0551,855,76,f77ec9197a8f7154,https://xoso.com.vn/xsmn-31-05-2025.html,OK
2025-06-02,Monday,TPHCM,390609,22666,28699,57161,22153,61825,12695,72695,79159,75216,32211,03837,0580,7275,2835,5617,698,37,cb9c67725d65f75f,https://xoso.com.vn/xsmn-02-06-2025.html,OK
2025-06-07,Saturday,TPHCM,521276,75764,75389,25031,92848,01542,96594,43214,63761,33600,70478,67313,1239,3029,7316,1412,608,68,242e36ad4ee92cfd,https://xoso.com.vn/xsmn-07-06-2025.html,OK
2025-06-09,Monday,TPHCM,945743,70029,37750,05771,10905,52539,09919,83713,88919,55005,07398,99696,2775,0510,1376,3096,040,12,8275a85d31f571ed,https://xoso.com.vn/xsmn-09-06-2025.html,OK
2025-06-14,Saturday,TPHCM,587296,52518,45879,33657,23130,20165,52435,11187,61014,42441,26107,14370,5471,2279,4764,4104,030,20,f99efaa02c3bc8c5,https://xoso.com.vn/xsmn-14-06-2025.html,OK
2025-06-16,Monday,TPHCM,995595,57037,76395,59326,56270,73006,24815,90897,19735,52070,48113,58599,4086,3173,9629,0927,419,07,c212af5c9d1a22f0,https://xoso.com.vn/xsmn-16-06-2025.html,OK
2025-06-21,Saturday,TPHCM,485230,11562,97009,13842,59640,32902,74585,58093,85799,06190,72301,28719,1533,3135,6453,5527,676,51,26a128f329d35ef5,https://xoso.com.vn/xsmn-21-06-2025.html,OK
2025-06-23,Monday,TPHCM,156675,28959,71630,59081,65623,08408,19868,05184,61595,18899,86041,82877,1535,6133,3321,3507,598,68,44283801db196038,https://xoso.com.vn/xsmn-23-06-2025.html,OK
2025-06-28,Saturday,TPHCM,696717,50146,87920,80215,73181,92186,42886,40717,27650,40847,95135,11179,5236,6384,0413,0653,467,28,826ab8c1a40609af,https://xoso.com.vn/xsmn-28-06-2025.html,OK
2025-06-30,Monday,TPHCM,974826,16942,39399,88722,75108,54631,25656,22952,21057,26040,51550,80192,4585,9368,7783,9560,270,60,c94ac06e06d74dcb,https://xoso.com.vn/xsmn-30-06-2025.html,OK
2025-07-05,Saturday,TPHCM,141938,58065,54171,05086,15824,07629,77576,38043,04872,23734,56551,30457,0004,0796,4195,8754,660,08,1eb98f85e6c19f34,https://xoso.com.vn/xsmn-05-07-2025.html,OK
2025-07-07,Monday,TPHCM,287172,82625,70209,58379,51740,45642,58285,00997,16819,18294,43639,06858,7388,8637,2173,3554,078,88,7136dec793ff982e,https://xoso.com.vn/xsmn-07-07-2025.html,OK
2025-07-12,Saturday,TPHCM,475742,40497,12572,66772,94828,56352,03766,36086,99989,94244,92366,69706,0119,7575,4808,3107,731,29,dfd93b42deaed9c3,https://xoso.com.vn/xsmn-12-07-2025.html,OK
2025-07-14,Monday,TPHCM,866372,93433,54045,30535,66161,17719,42065,95756,18369,04712,40224,42958,3987,0845,3277,1781,234,21,32f08169c0fb08a7,https://xoso.com.vn/xsmn-14-07-2025.html,OK
2025-07-19,Saturday,TPHCM,106753,27223,54682,25175,85442,08665,48713,23329,51590,41995,04948,96358,5200,6520,9923,9102,225,61,80cdc5b8249bed23,https://xoso.com.vn/xsmn-19-07-2025.html,OK
2025-07-21,Monday,TPHCM,888994,82047,91548,56603,38749,28570,28229,15721,65941,67741,61128,83395,0086,3003,5490,9600,862,08,b12600e0dab70ed5,https://xoso.com.vn/xsmn-21-07-2025.html,OK
2025-07-26,Saturday,TPHCM,962753,13948,83664,57554,86886,47945,41019,52726,10896,00623,80317,13408,5581,0817,0735,3018,110,27,8cd45e21ffb86c26,https://xoso.com.vn/xsmn-26-07-2025.html,OK
2025-07-28,Monday,TPHCM,629034,60248,91572,28193,15924,91943,01363,82314,22407,66763,38746,13615,4263,3477,8617,3396,012,12,3c2ac0af56de7288,https://xoso.com.vn/xsmn-28-07-2025.html,OK
2025-08-02,Saturday,TPHCM,172738,79252,07664,89942,02439,61058,87818,01063,58977,82019,47500,65167,0733,5735,1654,6691,672,38,c3fc59af5ae5c296,https://xoso.com.vn/xsmn-02-08-2025.html,OK
2025-08-04,Monday,TPHCM,537881,53936,66463,50993,51695,75343,58375,34770,71970,55713,65694,18946,4454,2816,7805,7702,786,07,3d6c128f6ff8f8bf,https://xoso.com.vn/xsmn-04-08-2025.html,OK
2025-08-09,Saturday,TPHCM,078249,17329,07750,53378,14777,86958,83223,66677,95090,61271,91138,30741,1435,3382,7706,8854,668,49,fa1986450871394d,https://xoso.com.vn/xsmn-09-08-2025.html,OK
2025-08-11,Monday,TPHCM,239999,18218,58818,34510,96342,48826,73784,61939,07102,06772,32036,23652,9351,9307,8657,7161,228,94,8b2468b290b3ab4e,https://xoso.com.vn/xsmn-11-08-2025.html,OK
2025-08-16,Saturday,TPHCM,771331,98832,99851,28692,95777,45443,81777,90256,29548,57276,00172,44059,0361,9499,2132,9738,044,30,3a21976c0086bae8,https://xoso.com.vn/xsmn-16-08-2025.html,OK
2025-08-18,Monday,TPHCM,544764,65820,69628,82623,20593,72453,41282,36199,54266,22387,91059,68670,6238,5913,1642,4571,498,06,62f3c44e9d90b450,https://xoso.com.vn/xsmn-18-08-2025.html,OK
2025-08-23,Saturday,TPHCM,556033,88839,53252,85442,12711,46778,29292,93361,61107,33066,43583,23716,9621,5194,4378,4089,452,57,166dc3e5bb254f18,https://xoso.com.vn/xsmn-23-08-2025.html,OK
2025-08-25,Monday,TPHCM,895927,97958,70671,60901,69784,93189,87798,40424,66931,40833,81782,97389,0732,7889,0788,3476,520,56,dfa29c14dca986c5,https://xoso.com.vn/xsmn-25-08-2025.html,OK
2025-08-30,Saturday,TPHCM,330148,79082,31705,84659,02158,27881,32923,77091,54450,21847,48450,28754,5263,3565,3873,6992,881,63,733cb431b5e2c2b8,https://xoso.com.vn/xsmn-30-08-2025.html,OK
2025-09-01,Monday,TPHCM,369772,95073,37878,31234,98923,61592,26673,12280,48432,04047,47915,70630,0230,4085,7111,0038,091,40,22587409e8458cb8,https://xoso.com.vn/xsmn-01-09-2025.html,OK
2025-09-06,Saturday,TPHCM,001472,56521,92572,64909,84364,86140,05176,34514,81899,17050,88036,61598,4294,3898,2488,9567,912,37,dedb07949158752e,https://xoso.com.vn/xsmn-06-09-2025.html,OK
2025-09-08,Monday,TPHCM,863498,25108,95052,63305,76773,80569,41512,16142,35713,87573,98158,97674,7638,6130,6879,4291,989,12,e797a5e544c68abf,https://xoso.com.vn/xsmn-08-09-2025.html,OK
2025-09-13,Saturday,TPHCM,434536,45028,83274,28064,64391,96135,67873,82271,42453,93841,18480,21794,9022,1552,8393,8328,132,78,3eb838f8615fb514,https://xoso.com.vn/xsmn-13-09-2025.html,OK
2025-09-15,Monday,TPHCM,834299,92861,27621,61534,60838,75006,57148,07084,11035,95937,11081,08217,9487,4887,7740,0891,119,49,7d4df0c80db20251,https://xoso.com.vn/xsmn-15-09-2025.html,OK
2025-09-20,Saturday,TPHCM,916888,88786,40459,42285,60001,97753,96955,40384,76319,69914,52820,90137,5561,6695,6419,2811,553,07,89fda8801d6bf1d8,https://xoso.com.vn/xsmn-20-09-2025.html,OK
2025-09-22,Monday,TPHCM,563054,79807,28736,87918,71659,64926,22281,50949,74880,85016,47748,48018,6149,9571,6019,2405,852,87,26a68af69f5bf6bf,https://xoso.com.vn/xsmn-22-09-2025.html,OK
2025-09-27,Saturday,TPHCM,921004,63216,72599,03257,59706,90019,04681,92345,17983,37838,02433,93380,9546,5935,1290,9616,465,79,8da8de9b030448fb,https://xoso.com.vn/xsmn-27-09-2025.html,OK
2025-09-29,Monday,TPHCM,481776,64878,47716,42987,42685,84471,58120,80618,94537,17282,07642,22805,1345,7771,6732,0290,309,17,64a4c6d609ca39af,https://xoso.com.vn/xsmn-29-09-2025.html,OK
2025-10-04,Saturday,TPHCM,427538,21094,16736,38329,04467,35175,01730,84095,74543,02478,05145,81293,9323,7023,4600,5205,780,92,9e1cd0f2e851f6aa,https://xoso.com.vn/xsmn-04-10-2025.html,OK
2025-10-06,Monday,TPHCM,092612,47917,51868,06066,42180,22894,40118,99026,54423,41262,53805,04941,2716,1571,9770,9198,401,82,fed75ba84e73930f,https://xoso.com.vn/xsmn-06-10-2025.html,OK
2025-10-11,Saturday,TPHCM,688416,25869,83226,61769,37125,85294,49527,56337,33647,38398,51617,24544,4425,9362,7250,4754,900,72,3226f6b061645785,https://xoso.com.vn/xsmn-11-10-2025.html,OK
2025-10-13,Monday,TPHCM,167699,83460,65713,81221,01713,89847,62589,44483,87773,07376,75211,88528,8916,5345,7485,1721,145,23,de8ce99b2592380f,https://xoso.com.vn/xsmn-13-10-2025.html,OK
2025-10-18,Saturday,TPHCM,567567,97111,80536,68133,82654,35044,96876,77407,84801,49132,21773,87865,5884,7793,5385,5867,551,49,6b7cd2bf71741147,https://xoso.com.vn/xsmn-18-10-2025.html,OK
2025-10-20,Monday,TPHCM,261504,49726,58660,88183,97831,89650,56620,98366,14642,03043,68914,14933,1417,2411,0972,2006,391,48,d99de7b2612ce2e7,https://xoso.com.vn/xsmn-20-10-2025.html,OK
2025-10-25,Saturday,TPHCM,016855,38816,60342,32663,32110,71662,44287,56886,08893,19288,97699,12813,9617,8804,9443,6823,367,34,e18b3cc0ebcdde4c,https://xoso.com.vn/xsmn-25-10-2025.html,OK
2025-10-27,Monday,TPHCM,586769,80452,96309,57607,21883,35787,14903,86604,34679,21781,21988,14568,4452,8176,7642,5543,661,55,48ad540254afa71b,https://xoso.com.vn/xsmn-27-10-2025.html,OK
2025-11-01,Saturday,TPHCM,425632,26168,22853,17421,04629,68833,28879,38136,75798,63073,34046,79770,3912,0547,1482,8276,050,48,eab3e821e927bd28,https://xoso.com.vn/xsmn-01-11-2025.html,OK
2025-11-03,Monday,TPHCM,842823,49787,08591,96679,18964,09260,32766,46807,01146,25794,31664,81943,4034,4100,7639,1138,253,50,5b9409de711f8607,https://xoso.com.vn/xsmn-03-11-2025.html,OK
2025-11-08,Saturday,TPHCM,862490,94006,40482,64684,21283,25788,51042,52836,98279,56935,24928,60642,5006,6157,4480,4282,167,18,8952a7d629031e72,https://xoso.com.vn/xsmn-08-11-2025.html,OK
2025-11-10,Monday,TPHCM,837009,92841,95173,69540,05881,14231,44852,29190,50078,37646,06789,30671,5064,7264,9320,1812,157,86,4d3c9e7850cd3672,https://xoso.com.vn/xsmn-10-11-2025.html,OK
2025-11-15,Saturday,TPHCM,112150,89284,30942,03348,18920,13800,42129,33293,00272,44269,07364,26540,6402,5887,2716,3269,904,37,0b42b0710ef0fe36,https://xoso.com.vn/xsmn-15-11-2025.html,OK
2025-11-17,Monday,TPHCM,998227,29546,56216,72931,46224,47136,36090,96461,33717,63317,10134,85124,3065,0430,4787,1780,054,62,f6b1d7756edd9186,https://xoso.com.vn/xsmn-17-11-2025.html,OK
2025-11-22,Saturday,TPHCM,364551,29518,87729,86235,29185,43839,70628,01994,72036,34890,27117,66347,0213,3034,1925,5293,441,48,d347b365c2072373,https://xoso.com.vn/xsmn-22-11-2025.html,OK
2025-11-24,Monday,TPHCM,392530,25908,39707,16799,21296,53034,40706,25967,60778,06927,46105,81598,2788,8901,1401,3332,855,40,0fecb25000f887b1,https://xoso.com.vn/xsmn-24-11-2025.html,OK
2025-11-29,Saturday,TPHCM,758818,39746,54246,06296,95145,32538,50143,36355,75157,21426,89485,71736,3236,8433,1322,9044,037,62,f90586708e71bec2,https://xoso.com.vn/xsmn-29-11-2025.html,OK
2025-12-01,Monday,TPHCM,953117,78216,78938,49628,67616,73680,48005,52438,09679,83079,06287,76951,9501,0371,3047,4539,022,04,8255aadad2b25e2c,https://xoso.com.vn/xsmn-01-12-2025.html,OK
2025-12-06,Saturday,TPHCM,433544,10927,49205,91522,46552,96361,63388,07789,62442,09852,63564,84985,4374,9323,0546,8837,655,79,393e5fd3006b47da,https://xoso.com.vn/xsmn-06-12-2025.html,OK
2025-12-08,Monday,TPHCM,287570,44980,01845,46931,28064,74011,66082,05573,31367,93104,83196,75884,8874,8027,5483,5044,696,90,c1e1a7fea85b0073,https://xoso.com.vn/xsmn-08-12-2025.html,OK
2025-12-13,Saturday,TPHCM,484938,86862,98842,57691,57062,92614,93305,02028,33132,14634,19823,29646,4308,6193,4495,9944,127,52,7ea43bf1b296120a,https://xoso.com.vn/xsmn-13-12-2025.html,OK
2025-12-15,Monday,TPHCM,548565,93742,67769,62582,43555,47282,65921,01425,36202,74022,41228,05960,6278,1452,3774,6673,869,94,435355a263e0b231,https://xoso.com.vn/xsmn-15-12-2025.html,OK
2025-12-20,Saturday,TPHCM,416435,84441,12676,49936,56590,38869,81517,68707,01946,84689,25185,48818,2081,1151,4385,5395,514,85,f7846f1fad0c6eae,https://xoso.com.vn/xsmn-20-12-2025.html,OK
2025-12-22,Monday,TPHCM,547078,82922,98269,22369,14075,22938,08631,16584,87320,06099,49936,03325,4088,3822,4064,7603,228,38,1f785bbc6ee9fe3a,https://xoso.com.vn/xsmn-22-12-2025.html,OK
2025-12-27,Saturday,TPHCM,361780,94720,03367,54546,58196,04593,34624,32227,75113,03420,04285,33005,2573,4362,2546,8052,934,12,7d4548d3a9b19519,https://xoso.com.vn/xsmn-27-12-2025.html,OK
2025-12-29,Monday,TPHCM,956196,00385,63558,66419,95178,54188,27085,41946,56311,68045,08430,63757,0822,2342,9920,7476,677,44,ab20c5116312dcf3,https://xoso.com.vn/xsmn-29-12-2025.html,OK
2026-01-03,Saturday,TPHCM,697243,99799,87559,25199,92810,12529,24093,14582,17580,61469,50215,42614,5349,5778,9190,1497,938,26,c2c5b4e89cb1ab0e,https://xoso.com.vn/xsmn-03-01-2026.html,OK
2026-01-05,Monday,TPHCM,823878,31660,39403,45422,38044,56004,83301,77760,82893,31532,84848,16286,4656,5655,4074,1888,666,26,242dd40cc23eb976,https://xoso.com.vn/xsmn-05-01-2026.html,OK
2026-01-10,Saturday,TPHCM,532887,79162,74095,49350,81999,42171,24769,06778,26597,30455,96135,32961,1006,8613,0815,2852,459,87,dc1ba915e78d8191,https://xoso.com.vn/xsmn-10-01-2026.html,OK
2026-01-12,Monday,TPHCM,965406,01618,70088,51462,68841,87444,62356,21501,31591,23054,22168,38719,6560,1295,6808,2651,249,12,3d7e4bb2fa1014b2,https://xoso.com.vn/xsmn-12-01-2026.html,OK
2026-01-17,Saturday,TPHCM,426716,57725,90984,19734,05551,33785,14080,47383,79628,89204,47032,20244,8577,2105,3278,6148,782,62,e5de5fb29d897c7e,https://xoso.com.vn/xsmn-17-01-2026.html,OK
2026-01-19,Monday,TPHCM,647068,06214,44916,31109,03106,19004,07963,86871,79342,05287,87931,38293,7851,5905,1622,4660,978,47,72008753e1eb1942,https://xoso.com.vn/xsmn-19-01-2026.html,OK
2026-01-24,Saturday,TPHCM,124594,42045,97035,49182,37256,75176,24962,96685,57997,23260,69342,59915,9544,9920,1815,3755,196,52,8cad298127b2e068,https://xoso.com.vn/xsmn-24-01-2026.html,OK
2026-01-26,Monday,TPHCM,683111,84622,56143,66334,84631,64498,65882,89492,57156,00989,49158,85259,6667,1412,8086,7271,180,20,f1e81ca457d15480,https://xoso.com.vn/xsmn-26-01-2026.html,OK
2026-01-31,Saturday,TPHCM,380305,95867,59790,98880,96060,33860,02563,18074,78726,56692,14620,75402,4845,2792,7750,2106,499,08,1e28272480f27968,https://xoso.com.vn/xsmn-31-01-2026.html,OK
2026-02-02,Monday,TPHCM,170364,12986,77049,54900,55853,60798,27728,03389,37086,58734,34735,18716,9387,3100,9611,1509,290,19,f0e7b72be4d1ed2b,https://xoso.com.vn/xsmn-02-02-2026.html,OK
2026-02-07,Saturday,TPHCM,375271,02520,49204,85512,13813,21012,82554,18579,12909,09621,01404,58443,8262,7942,6156,9522,576,60,73e849509bd8b09d,https://xoso.com.vn/xsmn-07-02-2026.html,OK
2026-02-09,Monday,TPHCM,329379,07066,38924,59619,39564,25909,87263,85373,07453,48266,51577,90342,5679,1201,9298,0818,386,17,d4542c0e8d9ab082,https://xoso.com.vn/xsmn-09-02-2026.html,OK
2026-02-14,Saturday,TPHCM,525331,14432,17015,09823,58407,02956,25577,05505,74856,27949,44869,51847,9330,3665,5670,3576,542,01,b17f6ae7663abc82,https://xoso.com.vn/xsmn-14-02-2026.html,OK
2026-02-16,Monday,TPHCM,549645,43599,60136,87772,25357,80087,49303,23821,74685,99390,56202,41859,8557,2093,3481,7926,542,72,2d1899b8f04685bc,https://xoso.com.vn/xsmn-16-02-2026.html,OK
2026-02-21,Saturday,TPHCM,510389,30038,36066,69747,92806,20532,33437,28211,60872,35718,19771,85832,4359,2743,6054,3066,381,36,6f42c52cf68722f1,https://xoso.com.vn/xsmn-21-02-2026.html,OK
2026-02-23,Monday,TPHCM,278841,57517,02754,13701,57261,90433,07238,23456,02295,71619,60077,84886,0291,9929,5025,9713,645,95,e874bc1e1053532e,https://xoso.com.vn/xsmn-23-02-2026.html,OK
2026-02-28,Saturday,TPHCM,735820,90054,65724,23705,32087,79781,46624,36158,70135,24737,99205,32465,8571,7387,2639,0877,507,56,e182a908207af34f,https://xoso.com.vn/xsmn-28-02-2026.html,OK
2026-03-02,Monday,TPHCM,733819,74571,81681,80957,29388,40070,41446,11299,50445,70658,14507,46630,6087,3104,4514,2937,945,38,dabd674a19ca5775,https://xoso.com.vn/xsmn-02-03-2026.html,OK
2026-03-07,Saturday,TPHCM,885734,67663,18235,77399,96726,41791,54328,47952,26670,05005,49741,44489,1502,5989,9992,1182,778,27,c3980e56d29ccfe9,https://xoso.com.vn/xsmn-07-03-2026.html,OK
2026-03-09,Monday,TPHCM,808467,57647,10605,29881,11223,68708,98837,76683,55393,70855,62572,89214,6631,5746,0621,0819,373,58,8a9093c3a99dfe4e,https://xoso.com.vn/xsmn-09-03-2026.html,OK
2026-03-14,Saturday,TPHCM,224652,51024,59586,14580,16092,54097,33200,88537,21265,71912,54625,87852,6867,2248,2827,3934,063,91,65d2fac7a7f22c39,https://xoso.com.vn/xsmn-14-03-2026.html,OK
2026-03-16,Monday,TPHCM,087069,04475,38181,86877,32622,79607,33320,39226,40616,98643,60864,42851,2169,1142,4167,0095,426,01,dbf117fe9a524b72,https://xoso.com.vn/xsmn-16-03-2026.html,OK
2026-03-21,Saturday,TPHCM,442630,74124,26741,82499,75361,12811,22202,83624,99769,41924,91769,98961,2836,6712,9303,1572,583,12,3cfd869253490252,https://xoso.com.vn/xsmn-21-03-2026.html,OK
2026-03-23,Monday,TPHCM,354293,14280,98622,47229,98693,93351,26881,32335,76006,06949,85521,70663,7294,2086,9452,1405,928,04,114cc706591170af,https://xoso.com.vn/xsmn-23-03-2026.html,OK
2026-03-28,Saturday,TPHCM,802879,54338,02798,31224,32016,66314,85208,34551,03793,92303,44172,42207,2858,9841,7911,7232,740,61,a73383248d61388d,https://xoso.com.vn/xsmn-28-03-2026.html,OK
2026-03-30,Monday,TPHCM,090674,36207,11681,81621,25924,18340,21744,82159,44433,88325,75924,27104,1665,9168,7443,5705,678,77,44c746a98e608c1e,https://xoso.com.vn/xsmn-30-03-2026.html,OK
2026-04-04,Saturday,TPHCM,269291,47750,42151,91137,04261,61033,60231,23875,63987,81694,89314,09202,1216,8755,4925,4418,469,00,6630bd03573c98b3,https://xoso.com.vn/xsmn-04-04-2026.html,OK
2026-04-06,Monday,TPHCM,099965,54463,32026,12368,05686,34908,00020,20847,51662,69966,72491,09031,6622,8287,5438,3394,131,97,e89ba6dbf3ce427d,https://xoso.com.vn/xsmn-06-04-2026.html,OK
2026-04-11,Saturday,TPHCM,812128,03769,49980,88131,92072,85847,47603,70014,06504,85806,08922,42403,0244,2409,4086,0603,961,94,d550d6f8c149c85e,https://xoso.com.vn/xsmn-11-04-2026.html,OK
2026-04-13,Monday,TPHCM,310631,67501,16244,40232,94170,60684,75206,01217,87930,86044,99326,36303,4574,2648,1819,1455,454,48,c1f32710fa44f92e,https://xoso.com.vn/xsmn-13-04-2026.html,OK
2026-04-18,Saturday,TPHCM,724556,84911,56465,76171,97094,71547,34467,89393,53714,88469,78345,75365,8156,5658,0084,1452,084,76,018f8431ab24dc06,https://xoso.com.vn/xsmn-18-04-2026.html,OK
2026-04-20,Monday,TPHCM,327706,88290,15039,44955,36375,27846,12330,69104,08971,63241,88701,89037,3987,2864,9041,3530,280,12,4759fa477e7b0021,https://xoso.com.vn/xsmn-20-04-2026.html,OK
2026-04-25,Saturday,TPHCM,077465,96078,01164,61380,61983,97593,03627,24571,64204,06681,19002,11494,0906,7793,8407,7765,012,52,cfcef3ebf883c11e,https://xoso.com.vn/xsmn-25-04-2026.html,OK
2026-04-27,Monday,TPHCM,688903,98027,50342,90296,67805,53813,90730,66480,16603,55852,66501,38544,4666,9558,5988,9171,284,69,fd271a15c66cf69e,https://xoso.com.vn/xsmn-27-04-2026.html,OK
2026-05-02,Saturday,TPHCM,309079,33183,32154,84059,11994,90309,32266,49673,71468,49163,89227,16240,4750,5456,3625,5989,173,33,bb6a0dcfe9efa55b,https://xoso.com.vn/xsmn-02-05-2026.html,OK
2026-05-04,Monday,TPHCM,975219,82161,37386,84046,25226,05730,61846,95984,98332,98740,84073,74599,5628,2060,1982,0041,598,41,dc744717eed1ea7d,https://xoso.com.vn/xsmn-04-05-2026.html,OK
2026-05-09,Saturday,TPHCM,063178,27267,98159,06773,99588,12374,05949,47189,32784,27474,41031,22627,3271,0990,7134,8442,874,13,f6b5c4e5a0d904e3,https://xoso.com.vn/xsmn-09-05-2026.html,OK
2026-05-11,Monday,TPHCM,115854,98301,97781,01387,58344,86873,73430,05706,07918,21430,76206,51322,2042,8633,0567,8337,727,80,0485da7c85d61a57,https://xoso.com.vn/xsmn-11-05-2026.html,OK
2026-05-16,Saturday,TPHCM,911805,07481,75541,22302,94319,31340,06531,29369,19229,29267,31681,70703,0346,1440,5694,1358,172,06,bd6e02d19eaba18e,https://xoso.com.vn/xsmn-16-05-2026.html,OK
2026-05-18,Monday,TPHCM,590856,55065,20056,86971,35330,98291,51114,65521,24525,58221,64442,27024,6698,6837,7860,1857,142,80,5352bce5d09fa955,https://xoso.com.vn/xsmn-18-05-2026.html,OK
2026-05-23,Saturday,TPHCM,121910,04001,90535,12498,31302,84104,78730,86570,54022,58464,82240,29470,7561,4656,3766,2655,209,38,90c30f64281c7ffc,https://xoso.com.vn/xsmn-23-05-2026.html,OK
2026-05-25,Monday,TPHCM,846479,72403,29991,63850,67358,90914,30485,95966,60585,43339,93884,83229,7043,6553,5793,7873,760,76,55b0d61cadcd3a5c,https://xoso.com.vn/xsmn-25-05-2026.html,OK
2026-05-30,Saturday,TPHCM,805808,96879,53344,68270,46101,40480,76299,48432,07033,83564,71301,74717,9525,9062,7997,3321,257,93,c14cbb43fa7b3053,https://xoso.com.vn/xsmn-30-05-2026.html,OK
2026-06-01,Monday,TPHCM,725887,23234,27569,00003,66394,56864,65810,70373,90351,83333,13752,71353,2799,0244,9957,1606,372,08,8d2eeab42c42d230,https://xoso.com.vn/xsmn-01-06-2026.html,OK
2026-06-06,Saturday,TPHCM,094580,17895,53172,13453,59076,43852,80668,99881,93594,95461,98404,69356,5326,6437,6986,3001,702,95,31eb694ec69c5015,https://xoso.com.vn/xsmn-06-06-2026.html,OK
2026-06-08,Monday,TPHCM,925261,92526,77229,93185,70100,43034,48552,73454,20955,26652,81877,76095,2460,3795,5987,8271,439,75,a9a0a59c041cfeb2,https://xoso.com.vn/xsmn-08-06-2026.html,OK
2026-06-13,Saturday,TPHCM,122619,64203,87108,94357,13753,36839,53264,34587,55978,41396,20441,62133,3617,5693,1685,8492,065,74,58014bf705e3e43f,https://xoso.com.vn/xsmn-13-06-2026.html,OK
2026-06-15,Monday,TPHCM,285122,66382,97467,82950,51229,64240,41551,82062,39797,21357,10268,98540,5640,2105,0007,1797,616,34,e8c7a4987c1ecab4,https://xoso.com.vn/xsmn-15-06-2026.html,OK
2026-06-20,Saturday,TPHCM,569733,30806,77488,12702,94108,93986,24942,54496,38550,24312,74323,57347,3581,9271,5551,0516,406,33,075867e18c60879c,https://xoso.com.vn/xsmn-20-06-2026.html,OK
2026-06-22,Monday,TPHCM,712554,46958,37364,76666,73039,30230,15722,06908,45568,23293,72547,20203,7811,1980,4915,6194,047,68,2a782ccc6c660d25,https://xoso.com.vn/xsmn-22-06-2026.html,OK
2026-06-27,Saturday,TPHCM,608165,06554,82478,20190,21088,85176,59787,21162,40767,08337,01564,97524,6693,3249,1646,9653,347,28,7bf911cbb9992c79,https://xoso.com.vn/xsmn-27-06-2026.html,OK
2026-06-29,Monday,TPHCM,531137,32859,10630,46332,28464,77126,66496,46579,52250,25881,56352,16765,6152,4062,5746,6591,008,45,4e27ad8e6f793b8a,https://xoso.com.vn/xsmn-29-06-2026.html,OK
2026-07-04,Saturday,TPHCM,185542,10124,31285,38864,73603,10817,03857,08323,03793,77113,00517,86435,7853,7252,8102,2155,817,98,e257bca1a4fa9611,https://xoso.com.vn/xsmn-04-07-2026.html,OK
2026-07-06,Monday,TPHCM,831548,85817,30356,34240,48028,16001,51614,49335,99318,92519,01921,78130,5742,1256,5846,1210,015,33,0e45926813445578,https://xoso.com.vn/xsmn-06-07-2026.html,OK
2026-07-11,Saturday,TPHCM,333464,00845,22438,41053,01925,15735,28046,79507,44304,12410,71600,24702,7040,7132,4249,3653,479,02,21ed8a4af4729307,https://xoso.com.vn/xsmn-11-07-2026.html,OK
2026-07-13,Monday,TPHCM,256022,76748,64476,04976,02576,90043,55833,67619,06219,77996,86006,13613,7645,3498,1040,1591,053,16,421384da7df67b5c,https://xoso.com.vn/xsmn-13-07-2026.html,OK
2026-07-18,Saturday,TPHCM,246882,59174,78893,29076,17449,11970,72294,56366,79173,70041,09912,71613,5799,7042,7726,0734,342,78,08fe517674ac33aa,https://xoso.com.vn/xsmn-18-07-2026.html,OK
2026-07-20,Monday,TPHCM,008556,87113,39304,07273,11601,76012,20936,10883,66037,69616,46064,12103,8972,4728,5592,3783,409,28,8ddfa7849a9c15f4,https://xoso.com.vn/xsmn-20-07-2026.html,OK
2026-07-25,Saturday,TPHCM,304240,45291,10883,47947,26122,70572,55859,00822,20501,77680,81233,80148,1716,1786,6853,1870,037,01,7e8c893fecc13e9a,https://xoso.com.vn/xsmn-25-07-2026.html,OK
2026-07-27,Monday,TPHCM,578824,83905,27362,45415,72394,01186,79553,77566,10389,50668,09692,66423,9985,0535,5214,4780,644,80,f5fb4c620bf6ca0c,https://xoso.com.vn/xsmn-27-07-2026.html,OK
2026-08-01,Saturday,TPHCM,752169,91532,66056,98472,70683,59703,31947,32108,27369,74498,04766,03729,3328,3042,5431,5269,586,67,e439fb035bea68a4,https://xoso.com.vn/xsmn-01-08-2026.html,OK
2026-08-03,Monday,TPHCM,574027,72911,87891,40469,00395,82375,76222,10009,13950,31331,72521,21526,1608,6957,3371,4547,545,08,91154c53722a0a24,https://xoso.com.vn/xsmn-03-08-2026.html,OK
2026-08-08,Saturday,TPHCM,209039,69322,70255,99575,66968,91170,45347,39604,40770,39529,86507,86511,8451,7527,8137,9324,238,10,2ed086203533f73d,https://xoso.com.vn/xsmn-08-08-2026.html,OK
2026-08-10,Monday,TPHCM,339922,90396,94141,30858,88662,41319,82729,60484,18624,52719,98253,56695,9263,8796,1879,5045,191,63,a979eb7935fd05a8,https://xoso.com.vn/xsmn-10-08-2026.html,OK
2026-08-15,Saturday,TPHCM,040589,55672,75464,55129,28930,44351,18954,65673,56983,75239,67899,82116,7001,8531,0599,7531,729,31,b5483cf42013ba79,https://xoso.com.vn/xsmn-15-08-2026.html,OK
2026-08-17,Monday,TPHCM,706890,31185,35259,08334,61189,59466,81376,52545,86745,79654,25295,52783,6429,2328,0872,2935,109,54,90864b2579a9f6aa,https://xoso.com.vn/xsmn-17-08-2026.html,OK
2026-08-22,Saturday,TPHCM,296215,68795,97663,31471,78879,87601,40205,16122,83417,47612,49104,81537,4478,5681,4809,3063,414,22,03a0c01fa14fa669,https://xoso.com.vn/xsmn-22-08-2026.html,OK
