date,weekday,province_code,special,prize1,prize2,prize3_1,prize3_2,prize4_1,prize4_2,prize4_3,prize4_4,prize4_5,prize4_6,prize4_7,prize5,prize6_1,prize6_2,prize6_3,prize7,prize8,signature,source_url,qc_status
2020-01-06,Monday,HUE,247502,93524,86152,67114,21218,32651,88412,39006,66241,65245,05344,25332,7307,0610,0783,4410,423,93,e10574512f2d9ce2,https://xoso.com.vn/xsmt-06-01-2020.html,OK
2020-01-13,Monday,HUE,060496,42134,79341,13153,07509,18590,19186,41338,17028,45085,34121,24277,3043,7709,9901,1735,614,03,aa875ff238313ccd,https://xoso.com.vn/xsmt-13-01-2020.html,OK
2020-01-20,Monday,HUE,029735,67589,29179,94276,57102,40124,28100,12322,06990,78741,64731,88971,4406,7602,4752,3585,384,84,b152d363afe07f9b,https://xoso.com.vn/xsmt-20-01-2020.html,OK
2020-01-27,Monday,HUE,467901,63677,11902,67637,54058,51169,74994,46319,51630,10600,21128,01592,8206,2087,1907,5025,872,70,c124ef8c4f09d14b,https://xoso.com.vn/xsmt-27-01-2020.html,OK
2020-02-03,Monday,HUE,810522,28060,01391,60291,95587,16015,83955,38377,85836,55040,15638,95041,4019,1535,8540,2270,330,19,797d978a4ecfe63e,https://xoso.com.vn/xsmt-03-02-2020.html,OK
2020-02-10,Monday,HUE,986281,63805,88382,49802,68191,77130,30171,79398,11844,54967,27449,23225,6325,7117,9928,8852,101,25,f31124b3025dcb61,https://xoso.com.vn/xsmt-10-02-2020.html,OK
2020-02-17,Monday,HUE,658149,15356,36074,56762,47911,41445,19194,84050,20029,23429,76908,58146,0194,3000,3948,5545,000,96,d64d389879e33dbd,https://xoso.com.vn/xsmt-17-02-2020.html,OK
2020-02-24,Monday,HUE,828017,07017,90330,55308,79455,61591,06317,72638,23625,60697,09763,11162,3441,0094,2568,0424,609,85,fa297acbcacfbf71,https://xoso.com.vn/xsmt-24-02-2020.html,OK
2020-03-02,Monday,HUE,737783,04724,70971,19037,99877,50293,77665,51128,20866,04520,28185,63294,0708,5054,0869,0647,523,28,c58c7338226c3c31,https://xoso.com.vn/xsmt-02-03-2020.html,OK
2020-03-09,Monday,HUE,745361,46948,99688,34277,05285,12186,58507,89869,72527,45195,38259,65209,2913,0968,5209,0361,632,39,781c5dcb512baf93,https://xoso.com.vn/xsmt-09-03-2020.html,OK
2020-03-16,Monday,HUE,690355,48928,94866,53341,80017,85795,18782,16869,87538,49636,20942,11579,4411,0439,0770,6755,341,96,bfc5f55613cfe2ba,https://xoso.com.vn/xsmt-16-03-2020.html,OK
2020-03-23,Monday,HUE,524007,03770,60108,16402,30197,90634,23117,58143,29719,20247,34011,26904,1922,9608,1123,0723,759,11,a7166631dba3376a,https://xoso.com.vn/xsmt-23-03-2020.html,OK
2020-03-30,Monday,HUE,381455,57756,46230,60537,64001,55403,24975,24225,24048,15461,79113,99176,4842,6016,2671,5692,924,17,2563f981f0e706f2,https://xoso.com.vn/xsmt-30-03-2020.html,OK
2020-04-27,Monday,HUE,373307,48337,82598,33357,43735,54254,33814,97273,69323,82808,55474,49618,1393,1027,7974,7589,249,28,9415ce460ad4efc0,https://xoso.com.vn/xsmt-27-04-2020.html,OK
2020-05-04,Monday,HUE,550668,14610,83146,34456,56496,00664,01100,32781,98902,25556,03671,87588,1955,0331,8686,2980,809,17,44f590d6e73fac1e,https://xoso.com.vn/xsmt-04-05-2020.html,OK
2020-05-11,Monday,HUE,481192,09641,10094,85909,41756,15203,76005,95047,43729,21198,84835,30650,1579,3971,2623,2784,220,75,b27f694c6142f29f,https://xoso.com.vn/xsmt-11-05-2020.html,OK
2020-05-18,Monday,HUE,059261,99576,98704,50217,89902,26582,39089,97587,01250,79080,98404,37191,7711,3838,7667,3565,029,38,c4173a4393a04497,https://xoso.com.vn/xsmt-18-05-2020.html,OK
2020-05-25,Monday,HUE,006272,72068,02941,55851,21399,76915,93641,84418,13226,49106,21276,60171,5665,5937,2136,6111,040,98,bbe6536d47ffc8a1,https://xoso.com.vn/xsmt-25-05-2020.html,OK
2020-06-01,Monday,HUE,988336,13763,07783,80662,97482,23690,23216,39841,26782,04001,47795,19434,7787,5038,6667,6028,110,21,b8bf8e377aae5a13,https://xoso.com.vn/xsmt-01-06-2020.html,OK
2020-06-08,Monday,HUE,857592,87578,15893,26545,11786,08807,04891,60328,61278,36476,06786,77282,8739,3886,9117,9167,410,53,2f78c6b02d7ecea5,https://xoso.com.vn/xsmt-08-06-2020.html,OK
2020-06-15,Monday,HUE,301413,00083,39841,05125,40659,72197,48313,45616,77835,58618,82717,42085,8039,2581,7661,4000,700,19,e3976bf8dd930349,https://xoso.com.vn/xsmt-15-06-2020.html,OK
2020-06-22,Monday,HUE,702100,88577,29583,75105,56631,54917,86693,88691,31244,32120,21074,81646,5908,7559,6501,0699,374,73,125f7ab3016d92e0,https://xoso.com.vn/xsmt-22-06-2020.html,OK
2020-06-29,Monday,HUE,589406,50394,64804,77976,55384,42782,95585,77316,27970,24741,31382,28362,8370,0703,4815,8828,375,17,f986e003549b03df,https://xoso.com.vn/xsmt-29-06-2020.html,OK
2020-07-06,Monday,HUE,509906,38743,36437,28957,58646,16349,61327,10090,35527,18521,29929,38278,0321,3282,5483,4722,724,52,04e2acdf9d01636b,https://xoso.com.vn/xsmt-06-07-2020.html,OK
2020-07-13,Monday,HUE,871213,42401,01396,51863,08730,69416,22047,52024,91052,47606,77224,14517,2170,0632,2424,5480,729,65,238ee6396fdb95f1,https://xoso.com.vn/xsmt-13-07-2020.html,OK
2020-07-20,Monday,HUE,374369,22078,22601,38956,59915,48527,65014,99223,77405,93363,30688,92221,9491,0944,3855,7334,295,67,df82bae1f48ba08e,https://xoso.com.vn/xsmt-20-07-2020.html,OK
2020-07-27,Monday,HUE,634422,38218,75310,39407,13458,81348,56872,05251,40228,53834,63664,40135,9173,1017,2256,4092,994,76,3786ce7f3893a716,https://xoso.com.vn/xsmt-27-07-2020.html,OK
2020-08-03,Monday,HUE,261151,67084,26384,30322,55041,40779,87717,86911,10328,45854,29487,60601,0262,5990,5993,7767,293,47,91d7ba28a2ec6c0a,https://xoso.com.vn/xsmt-03-08-2020.html,OK
2020-08-10,Monday,HUE,274697,40705,47579,60200,19578,37131,23442,61654,31709,26011,12637,32539,6489,5811,3216,2003,516,25,2c2519599e4a2df3,https://xoso.com.vn/xsmt-10-08-2020.html,OK
2020-08-17,Monday,HUE,968010,22894,98238,65493,29953,45067,03378,82367,75031,69373,55637,91833,7595,7409,4900,2810,549,67,9e629161eea4dd01,https://xoso.com.vn/xsmt-17-08-2020.html,OK
2020-08-24,Monday,HUE,087214,83830,28512,38469,12170,74396,65810,25968,84632,86864,41321,15862,3243,0932,7457,3663,724,81,9da07a9357bd9c04,https://xoso.com.vn/xsmt-24-08-2020.html,OK
2020-08-31,Monday,HUE,441012,56518,07081,18588,48500,11191,50747,19314,61175,97245,31600,39094,7070,4445,1053,2882,187,28,c81b49e382078ac3,https://xoso.com.vn/xsmt-31-08-2020.html,OK
2020-09-07,Monday,HUE,068129,11982,35423,74518,52175,44696,08911,77527,21477,08996,11220,13236,8884,2486,5164,0373,127,54,c3a1a23c281bd71d,https://xoso.com.vn/xsmt-07-09-2020.html,OK
2020-09-14,Monday,HUE,830132,32014,59512,42682,55135,81959,49342,22420,51830,61329,67971,42853,0576,3554,3640,1072,549,08,da420e2645fedc57,https://xoso.com.vn/xsmt-14-09-2020.html,OK
2020-09-21,Monday,HUE,465299,45727,74851,75466,26248,09262,97139,52445,73867,47238,04051,50376,0380,2056,6294,6794,742,22,01a2272685dfab44,https://xoso.com.vn/xsmt-21-09-2020.html,OK
2020-09-28,Monday,HUE,100360,56660,41502,40655,89852,74220,74049,65810,53906,45549,53278,67371,6534,4353,2971,2900,380,17,e52e077975f0336c,https://xoso.com.vn/xsmt-28-09-2020.html,OK
2020-10-05,Monday,HUE,499092,75794,00708,33993,97235,79807,45768,87152,55603,62503,84206,71378,0581,6827,0521,1711,236,62,e89ece909da2e374,https://xoso.com.vn/xsmt-05-10-2020.html,OK
2020-10-12,Monday,HUE,884904,16194,23148,82408,10136,09615,18882,90538,98449,73903,25379,37760,5475,2896,1061,3297,251,11,34d5b3e6dda06c74,https://xoso.com.vn/xsmt-12-10-2020.html,OK
2020-10-19,Monday,HUE,543636,51933,17908,25164,84886,99353,54049,73861,54180,97802,38456,19120,3656,1439,8035,8153,921,71,3d8d2b07623863a8,https://xoso.com.vn/xsmt-19-10-2020.html,OK
2020-10-26,Monday,HUE,338929,07946,36860,35061,79588,04848,77573,10007,18318,53797,12228,13033,6576,1612,7310,9908,123,06,a664ca1d21981fe9,https://xoso.com.vn/xsmt-26-10-2020.html,OK
2020-11-02,Monday,HUE,900540,65650,35783,43862,17613,59820,37042,00756,24912,24848,70543,52232,3129,8032,5957,3772,270,56,6cb3a14531d1b056,https://xoso.com.vn/xsmt-02-11-2020.html,OK
2020-11-09,Monday,HUE,886801,57782,58775,37084,95269,92491,60039,12264,09716,73741,37493,41991,7259,9400,9386,2677,761,37,3ff752e39feab279,https://xoso.com.vn/xsmt-09-11-2020.html,OK
2020-11-16,Monday,HUE,774014,01043,16029,69331,92273,95652,88224,95739,71528,99795,02372,26485,9418,8999,7011,2269,367,53,e50c961d27db4607,https://xoso.com.vn/xsmt-16-11-2020.html,OK
2020-11-23,Monday,HUE,056098,16747,14315,55183,12621,00723,60233,74407,47220,12325,28989,06857,9343,4493,4821,5728,630,62,89da7518946ed4c8,https://xoso.com.vn/xsmt-23-11-2020.html,OK
2020-11-30,Monday,HUE,927731,99600,42696,74285,08708,35306,42425,94297,39187,52863,94220,90273,5170,4531,2248,7777,257,94,ec45fc961eb32598,https://xoso.com.vn/xsmt-30-11-2020.html,OK
2020-12-07,Monday,HUE,993511,95212,44135,26836,77138,79568,98613,37177,21779,77239,09110,22277,4742,8524,9515,3932,544,58,82f799f0c5edb152,https://xoso.com.vn/xsmt-07-12-2020.html,OK
2020-12-14,Monday,HUE,145340,91391,39725,10427,95790,56132,01380,13418,72247,63176,77676,34133,5503,8683,0201,6723,260,16,e3c169823b7ce6e8,https://xoso.com.vn/xsmt-14-12-2020.html,OK
2020-12-21,Monday,HUE,917885,09385,82651,43404,09093,21590,68885,46329,46357,64059,68497,58583,7206,5993,0847,7614,208,31,710dcd9401272e1e,https://xoso.com.vn/xsmt-21-12-2020.html,OK
2020-12-28,Monday,HUE,293480,67724,21806,81612,51491,24470,00258,49392,43830,12472,41741,38392,9537,8027,6681,1295,251,87,ee4dc301fa3de79c,https://xoso.com.vn/xsmt-28-12-2020.html,OK
2021-01-04,Monday,HUE,328464,14712,97736,83028,84272,61013,71418,54618,36026,23462,91879,34151,7835,5339,6916,5558,901,70,bb7829f144f69705,https://xoso.com.vn/xsmt-04-01-2021.html,OK
2021-01-11,Monday,HUE,234196,47687,09434,82744,43600,69717,88728,08362,27136,16643,65550,62519,5948,3774,0339,5988,120,80,1e8ae9182f5de07b,https://xoso.com.vn/xsmt-11-01-2021.html,OK
2021-01-18,Monday,HUE,103791,68470,78351,25176,25620,30108,20633,62939,75521,14156,72257,57828,3544,9661,1499,6108,052,89,fd8ead75ccdfcde0,https://xoso.com.vn/xsmt-18-01-2021.html,OK
2021-01-25,Monday,HUE,142954,44828,52399,64624,71994,57074,26239,71810,94659,17134,38222,85699,5902,5914,8924,0403,588,78,708bb6af9976bcf3,https://xoso.com.vn/xsmt-25-01-2021.html,OK
2021-02-01,Monday,HUE,197979,20673,69584,91961,24094,60121,44619,30467,12988,16065,56863,23391,2052,9407,1157,9749,769,69,f47d8839b9527e69,https://xoso.com.vn/xsmt-01-02-2021.html,OK
2021-02-08,Monday,HUE,400289,21638,82557,67583,98976,53218,17591,84772,48466,57843,63882,72045,3184,8972,6773,8219,251,33,4f97b8707cca4c41,https://xoso.com.vn/xsmt-08-02-2021.html,OK
2021-02-15,Monday,HUE,741223,42681,43982,22125,33324,42070,70895,62630,21143,87797,94413,04146,5456,4054,6315,7466,655,04,480a2433665548e9,https://xoso.com.vn/xsmt-15-02-2021.html,OK
2021-02-22,Monday,HUE,665420,67286,84853,73195,33242,37053,88733,27703,55807,71990,14935,67683,3976,4058,3611,9787,747,64,1f9a5df7d2a75ccd,https://xoso.com.vn/xsmt-22-02-2021.html,OK
2021-03-01,Monday,HUE,805286,36209,29467,50855,92519,86368,28471,92577,87735,38683,72404,57128,9548,2421,3500,7860,572,61,435cd8143ea57898,https://xoso.com.vn/xsmt-01-03-2021.html,OK
2021-03-08,Monday,HUE,307263,00420,15135,67810,18098,65546,45849,41272,62339,66242,65739,52493,2303,2776,3103,0734,417,79,fa60494c3922729d,https://xoso.com.vn/xsmt-08-03-2021.html,OK
2021-03-15,Monday,HUE,786613,30659,75412,55979,24158,44284,04561,67169,18813,83373,48404,69166,7716,2686,3454,5462,159,61,647a6c0521269c20,https://xoso.com.vn/xsmt-15-03-2021.html,OK
2021-03-22,Monday,HUE,273600,79293,12140,75158,15804,05142,63265,52101,19588,12632,16280,42512,7914,8653,5444,8771,022,39,a5e15561fb1f8ed6,https://xoso.com.vn/xsmt-22-03-2021.html,OK
2021-03-29,Monday,HUE,945469,14021,69303,85111,35110,27531,65957,07524,49790,56952,59759,93203,7724,3072,5895,2427,180,78,b9bef194785989e9,https://xoso.com.vn/xsmt-29-03-2021.html,OK
2021-04-05,Monday,HUE,466735,82805,53981,62250,26880,00644,59817,86789,84013,11777,08385,28852,6937,7040,7645,3672,099,29,ee1816a75bf0130c,https://xoso.com.vn/xsmt-05-04-2021.html,OK
2021-04-12,Monday,HUE,497572,45314,40017,42096,68544,16546,42677,15324,31614,60448,00631,76230,7321,5494,6181,0638,781,77,0dcd7a0bfe134b0c,https://xoso.com.vn/xsmt-12-04-2021.html,OK
2021-04-19,Monday,HUE,097605,09937,40343,69328,78984,18007,56740,92328,81731,55677,42532,77035,1821,9065,5944,4900,767,89,81987a126ac22e71,https://xoso.com.vn/xsmt-19-04-2021.html,OK
2021-04-26,Monday,HUE,810103,85582,65943,40077,66734,26008,45136,73939,50784,16311,56774,89556,8848,3142,5163,1806,325,95,29932bd2a1c5e6df,https://xoso.com.vn/xsmt-26-04-2021.html,OK
2021-05-03,Monday,HUE,676757,19961,22307,17550,59880,85221,95723,51153,65437,51193,60536,43896,4246,8518,4067,5821,977,32,169beba3b02bf74c,https://xoso.com.vn/xsmt-03-05-2021.html,OK
2021-05-10,Monday,HUE,873732,16656,03648,64395,05004,34245,40500,05466,15643,82586,74362,61175,1573,3523,6138,2935,769,27,71810f6a48a8df47,https://xoso.com.vn/xsmt-10-05-2021.html,OK
2021-05-17,Monday,HUE,815543,09694,01971,38188,88736,89208,32702,58814,79260,41780,21246,62882,4555,3149,9788,1083,042,59,f9414c2e10d10e8c,https://xoso.com.vn/xsmt-17-05-2021.html,OK
2021-05-24,Monday,HUE,013003,66405,01941,78344,02689,49020,93618,06188,17829,39026,19249,24620,0891,1679,6538,2540,280,13,d75378b483e1f056,https://xoso.com.vn/xsmt-24-05-2021.html,OK
2021-05-31,Monday,HUE,956379,43144,41430,04191,32026,98860,64836,09249,68565,07973,46882,02120,0694,6867,6368,2284,592,62,4d41613e8d348ad3,https://xoso.com.vn/xsmt-31-05-2021.html,OK
2021-06-07,Monday,HUE,272181,47999,23260,45250,62823,39816,60317,04203,89794,95502,14058,53889,2014,7128,7006,8112,009,78,5269a75f132cfa15,https://xoso.com.vn/xsmt-07-06-2021.html,OK
2021-06-14,Monday,HUE,004009,13690,97373,33940,58216,49396,55956,17505,06150,20053,50997,29346,5376,4316,0986,4730,706,55,7763e34fe7f9c3ba,https://xoso.com.vn/xsmt-14-06-2021.html,OK
2021-06-21,Monday,HUE,392195,55099,16962,33129,45063,92324,00222,85365,29294,58460,41609,89959,1078,7899,9951,4951,976,93,3eba176cc2bec33e,https://xoso.com.vn/xsmt-21-06-2021.html,OK
2021-06-28,Monday,HUE,661578,80914,31850,62064,91141,38991,58487,01273,38249,68811,18670,95241,7845,1225,8615,1728,532,02,0486d190bcecb70c,https://xoso.com.vn/xsmt-28-06-2021.html,OK
2021-07-05,Monday,HUE,391179,66209,93462,41542,32580,29026,78592,22287,56037,19205,95771,42101,1978,1073,5691,2089,571,81,9dacd81edde56764,https://xoso.com.vn/xsmt-05-07-2021.html,OK
2021-07-12,Monday,HUE,572412,30964,34543,35666,05353,79903,84814,17916,68890,65240,49610,42542,8213,6642,9624,0009,680,61,7c6f8f8871cdfdee,https://xoso.com.vn/xsmt-12-07-2021.html,OK
2021-07-19,Monday,HUE,481060,97033,11166,18810,07829,85775,07576,90303,63404,10085,01080,26042,1535,8209,1690,7963,217,63,11edfe3c4d9bb2b1,https://xoso.com.vn/xsmt-19-07-2021.html,OK
2021-07-26,Monday,HUE,692613,68914,05258,00298,97377,93593,98975,19889,41964,14152,49814,19273,7674,1829,4012,0569,627,66,4d688410c46b241e,https://xoso.com.vn/xsmt-26-07-2021.html,OK
2021-08-09,Monday,HUE,796239,27903,96884,47761,04141,09502,97759,63823,83412,55000,91358,23795,4624,8576,0480,3677,188,56,4ebc94cf55f1abe0,https://xoso.com.vn/xsmt-09-08-2021.html,OK
2021-08-16,Monday,HUE,444589,39505,84928,74511,13858,51160,16450,93051,06726,08378,80708,41468,2611,1852,9352,7013,993,36,90adbcfeb54e9425,https://xoso.com.vn/xsmt-16-08-2021.html,OK
2021-08-23,Monday,HUE,759801,20991,46267,41140,72878,73447,66195,63013,46929,40870,63855,47015,5666,9850,5041,6378,384,18,a6bc04dd5b32f173,https://xoso.com.vn/xsmt-23-08-2021.html,OK
2021-08-30,Monday,HUE,249539,21753,79812,75220,62655,60610,57486,21207,43766,73833,13805,64691,2966,7105,8719,8326,556,76,6bfcde430acec576,https://xoso.com.vn/xsmt-30-08-2021.html,OK
2021-09-06,Monday,HUE,662001,04798,30339,29179,51400,13830,28430,12334,88088,11004,65631,66302,8044,2857,7686,8273,729,29,984880f34bd8ecc1,https://xoso.com.vn/xsmt-06-09-2021.html,OK
2021-09-13,Monday,HUE,825912,25510,59630,71340,28694,59835,91572,89916,38637,61801,04051,14947,9097,2986,2068,8493,543,73,e69e40f3732392f6,https://xoso.com.vn/xsmt-13-09-2021.html,OK
2021-09-20,Monday,HUE,920143,33316,53683,38622,35684,65383,83045,84591,30730,17738,00735,63317,5869,0984,0464,4275,149,99,9c855ae05a857826,https://xoso.com.vn/xsmt-20-09-2021.html,OK
2021-09-27,Monday,HUE,968629,23014,49593,26694,38730,82916,84023,46217,07864,15401,82306,65528,6758,3448,8797,2209,781,56,07c178212e59ec60,https://xoso.com.vn/xsmt-27-09-2021.html,OK
2021-10-04,Monday,HUE,934122,45348,06824,17422,10760,83155,87338,18532,51951,25382,31994,95077,3946,3003,0245,7955,579,52,103bf33a63d466ed,https://xoso.com.vn/xsmt-04-10-2021.html,OK
2021-10-11,Monday,HUE,172629,18279,19225,46428,40847,19868,99585,89107,89315,64459,49125,07534,1401,3810,2376,9287,797,53,5cf4ac1928fa5a25,https://xoso.com.vn/xsmt-11-10-2021.html,OK
2021-10-18,Monday,HUE,644064,53085,75309,34728,06822,53243,13157,51911,64784,40275,32621,95348,9536,6025,0588,7640,687,07,5fce150fc6684e7b,https://xoso.com.vn/xsmt-18-10-2021.html,OK
2021-10-25,Monday,HUE,622726,18373,16563,27924,07242,90112,79123,67289,97825,04217,55322,87223,3128,7595,1120,0392,304,22,3d79b5d2b62c2922,https://xoso.com.vn/xsmt-25-10-2021.html,OK
2021-11-01,Monday,HUE,992501,83804,57701,77928,02535,32339,46548,51932,65764,62521,52180,30009,2591,0018,5833,2944,304,44,7d91ccfe127bf5cb,https://xoso.com.vn/xsmt-01-11-2021.html,OK
2021-11-08,Monday,HUE,036018,18180,04404,53662,21041,36177,19501,32869,30214,46537,01656,24165,0472,8210,3590,7762,608,90,671fa1fcb2265021,https://xoso.com.vn/xsmt-08-11-2021.html,OK
2021-11-15,Monday,HUE,390800,54200,91263,87576,59290,31453,75881,53629,76906,62822,89562,08110,4772,4144,7453,3778,653,50,ba555f494b92120e,https://xoso.com.vn/xsmt-15-11-2021.html,OK
2021-11-22,Monday,HUE,488771,06270,45716,70852,80495,83470,12057,81386,93532,10989,94564,20059,8114,8555,6931,4651,012,55,f80dd914066aade8,https://xoso.com.vn/xsmt-22-11-2021.html,OK
2021-11-29,Monday,HUE,026335,12281,48582,89516,90868,86868,50539,46280,89046,09222,52807,21709,9083,6955,9700,2881,644,51,a1ba3055db48c11a,https://xoso.com.vn/xsmt-29-11-2021.html,OK
2021-12-06,Monday,HUE,043048,95471,61787,45966,87874,51255,70417,21301,55021,07956,38648,89452,3296,5674,0829,8753,565,95,9644f0c6c3970f8a,https://xoso.com.vn/xsmt-06-12-2021.html,OK
2021-12-13,Monday,HUE,057188,10688,93500,94245,80868,22985,38375,29308,16056,46253,43028,93938,3748,2732,2356,4625,272,25,6e50be3b0b869486,https://xoso.com.vn/xsmt-13-12-2021.html,OK
2021-12-20,Monday,HUE,409145,01480,75417,28693,42336,61578,46736,89445,34087,64659,84855,61685,0818,1047,7938,3842,407,52,c9e5978ea6fae222,https://xoso.com.vn/xsmt-20-12-2021.html,OK
2021-12-27,Monday,HUE,851469,96925,29937,46194,53708,54378,12772,45217,82256,30246,24365,15090,2284,1193,9495,4513,977,18,0ed3b57d69542730,https://xoso.com.vn/xsmt-27-12-2021.html,OK
2022-01-02,Sunday,HUE,532831,20310,39813,51229,99818,48712,53425,38450,07891,61629,40192,02027,8823,5847,1452,3337,988,63,e07dec231736aac6,https://xoso.com.vn/xsmt-02-01-2022.html,OK
2022-01-03,Monday,HUE,490897,57205,73435,13611,69267,19046,09345,52283,73759,39822,00859,36892,2702,5058,8686,9722,160,84,e824ac9f9c08fce4,https://xoso.com.vn/xsmt-03-01-2022.html,OK
2022-01-09,Sunday,HUE,444846,62060,08736,88063,38790,04540,05182,39615,59925,48208,28615,23852,9209,4872,2529,0075,216,43,7619c56f0f3c7732,https://xoso.com.vn/xsmt-09-01-2022.html,OK
2022-01-10,Monday,HUE,609738,90341,24456,87752,60201,03854,91225,73312,27374,32285,19712,81884,7368,2495,6892,2410,322,72,9e37d16f6ceb8acf,https://xoso.com.vn/xsmt-10-01-2022.html,OK
2022-01-16,Sunday,HUE,464117,62453,76727,87871,12980,89824,49910,96410,97870,90020,58383,88097,6331,4769,8740,4682,265,92,7263da39d7ebc5e6,https://xoso.com.vn/xsmt-16-01-2022.html,OK
2022-01-17,Monday,HUE,146131,83843,74923,82863,70106,19326,10192,39296,33534,55805,16188,66461,5849,0978,8741,1789,843,80,c0ea447386bac0e5,https://xoso.com.vn/xsmt-17-01-2022.html,OK
2022-01-23,Sunday,HUE,498782,30674,73352,69087,61296,62293,65250,45233,28247,08231,40670,27957,2556,6403,2271,2859,208,93,d94e38dda2cc12dd,https://xoso.com.vn/xsmt-23-01-2022.html,OK
2022-01-24,Monday,HUE,087742,70171,41195,50422,00292,85809,45361,94927,07846,44767,29398,21181,7610,7369,4742,8482,298,41,01fcd7631bbd2b97,https://xoso.com.vn/xsmt-24-01-2022.html,OK
2022-01-30,Sunday,HUE,730241,10650,04441,50943,65223,68225,36202,12371,40311,65744,59777,43485,7727,2039,8089,3347,676,47,605e0b46b472808a,https://xoso.com.vn/xsmt-30-01-2022.html,OK
2022-01-31,Monday,HUE,690844,35093,24767,28629,90665,65600,79337,41127,44493,39290,53854,67914,5613,4361,7335,7086,358,05,9e8e55bae21f3ac6,https://xoso.com.vn/xsmt-31-01-2022.html,OK
2022-02-06,Sunday,HUE,770990,75005,09345,26164,93326,96753,19990,88743,09442,87688,67122,85186,8589,5383,3825,8276,500,77,70e524a6b51e73fc,https://xoso.com.vn/xsmt-06-02-2022.html,OK
2022-02-07,Monday,HUE,180428,42844,27548,26842,93493,48280,73700,88305,92051,92169,93176,94257,6031,5155,5504,7910,063,90,bce6fec86981202b,https://xoso.com.vn/xsmt-07-02-2022.html,OK
2022-02-13,Sunday,HUE,025183,26386,12234,37710,19639,93410,40742,55670,96661,84034,62153,37687,1210,2052,9100,7228,875,37,093a69d8e529c222,https://xoso.com.vn/xsmt-13-02-2022.html,OK
2022-02-14,Monday,HUE,586431,23388,44020,67899,00025,15897,67444,95188,71195,51481,05712,56936,2283,5135,1466,4755,713,69,2989eab132dceebf,https://xoso.com.vn/xsmt-14-02-2022.html,OK
2022-02-20,Sunday,HUE,938531,53069,92106,97631,47857,04218,19547,78532,78609,66965,30266,16493,2895,3365,1540,0939,323,28,3d55bfe3e585dde3,https://xoso.com.vn/xsmt-20-02-2022.html,OK
2022-02-21,Monday,HUE,205592,23031,27516,20728,09474,22054,59000,05577,34542,88551,82212,32721,0877,9431,0130,9115,252,60,3c702940567ad29c,https://xoso.com.vn/xsmt-21-02-2022.html,OK
2022-02-27,Sunday,HUE,250498,61507,19252,02050,08037,38342,80526,81852,65092,64062,14242,27278,4582,8862,4629,7218,980,76,797a315c8c0f877c,https://xoso.com.vn/xsmt-27-02-2022.html,OK
2022-02-28,Monday,HUE,224640,62740,94806,53356,14267,07338,92294,07431,89440,95487,69439,02130,9950,6076,6878,0639,933,31,1de9598989795df2,https://xoso.com.vn/xsmt-28-02-2022.html,OK
2022-03-06,Sunday,HUE,311444,21420,32591,52518,82373,83959,40094,31728,85963,86426,71593,78677,1731,4332,7982,2295,944,24,8802a2a4e7e3d7d3,https://xoso.com.vn/xsmt-06-03-2022.html,OK
2022-03-07,Monday,HUE,291523,29550,47961,87640,16154,67811,91172,51049,75406,69550,28641,85908,5488,8021,6429,7337,962,71,738c48c5c4374f3a,https://xoso.com.vn/xsmt-07-03-2022.html,OK
2022-03-13,Sunday,HUE,217660,05905,90694,06405,32727,18555,51990,25240,27747,25682,38737,72444,0011,5616,3970,2686,299,95,332ac00b1a4c2195,https://xoso.com.vn/xsmt-13-03-2022.html,OK
2022-03-14,Monday,HUE,198645,72397,23522,17209,05971,56233,85591,45595,03506,25342,13262,70330,7180,9741,6128,9223,746,54,327e2933d04c16fa,https://xoso.com.vn/xsmt-14-03-2022.html,OK
2022-03-20,Sunday,HUE,564536,50115,10967,66099,41941,45616,93011,13639,77296,50638,35868,37522,1273,1352,6980,4102,470,14,d15377b941d8dda4,https://xoso.com.vn/xsmt-20-03-2022.html,OK
2022-03-21,Monday,HUE,200769,46984,69334,58896,03728,33947,58925,16466,10611,34963,08148,81330,8366,5041,6862,9748,228,84,994a73416c065334,https://xoso.com.vn/xsmt-21-03-2022.html,OK
2022-03-27,Sunday,HUE,827526,62887,89987,59122,97507,02481,40013,92683,92924,13820,07388,34005,5007,6942,4734,7611,521,38,d1449f4dff9d12d0,https://xoso.com.vn/xsmt-27-03-2022.html,OK
2022-03-28,Monday,HUE,385136,31693,51707,56417,92960,36960,84453,91799,90427,42506,56998,95175,9177,6590,2164,2891,327,68,4d8206e0b9e6db0b,https://xoso.com.vn/xsmt-28-03-2022.html,OK
2022-04-03,Sunday,HUE,223697,23028,27513,41980,52828,37706,94631,65334,34911,59918,50171,21166,6325,2517,5073,7977,153,96,825be40cccb1b7b6,https://xoso.com.vn/xsmt-03-04-2022.html,OK
2022-04-04,Monday,HUE,340374,65732,25125,00622,25808,24270,98863,56890,10614,41130,67217,59164,0988,2663,0632,9472,150,60,6c6361f457830d36,https://xoso.com.vn/xsmt-04-04-2022.html,OK
2022-04-10,Sunday,HUE,981399,39555,05642,36875,67453,12150,19762,02234,02064,40136,90888,27820,4657,7242,6530,3348,546,44,d2887f4bd50459e8,https://xoso.com.vn/xsmt-10-04-2022.html,OK
2022-04-11,Monday,HUE,634690,17125,68320,02023,20320,90670,25704,07824,98621,82368,65119,30014,4915,4054,6790,3069,554,25,9d88f80efd254b06,https://xoso.com.vn/xsmt-11-04-2022.html,OK
2022-04-17,Sunday,HUE,884809,61529,96190,97884,04689,42026,58583,25031,37633,51085,02724,81018,9180,0558,1856,0436,089,50,c288f9b0bea5b761,https://xoso.com.vn/xsmt-17-04-2022.html,OK
2022-04-18,Monday,HUE,997274,54071,09490,92893,43533,75589,33599,70298,22631,97012,77789,92991,2922,7044,1257,5482,405,17,891ba80dfeee6296,https://xoso.com.vn/xsmt-18-04-2022.html,OK
2022-04-24,Sunday,HUE,634515,63099,67845,10372,02493,56966,64872,33173,84079,19696,42684,27529,9574,3003,9071,2224,795,98,3a4af75915bcd2a1,https://xoso.com.vn/xsmt-24-04-2022.html,OK
2022-04-25,Monday,HUE,606627,03543,45633,23974,80975,31679,04800,86287,52017,30920,11276,05598,2829,1051,4393,0206,420,34,6befe600be65bf8a,https://xoso.com.vn/xsmt-25-04-2022.html,OK
2022-05-01,Sunday,HUE,366714,06820,81334,94244,51623,41194,06879,78743,90075,79786,80039,71620,4836,0583,1403,7535,800,57,ead39b7c62b5892e,https://xoso.com.vn/xsmt-01-05-2022.html,OK
2022-05-02,Monday,HUE,884963,83013,12412,35844,26814,06067,10519,02361,47572,13540,38796,85141,6621,2494,5835,0352,963,82,fa94ee3242171462,https://xoso.com.vn/xsmt-02-05-2022.html,OK
2022-05-08,Sunday,HUE,087150,48377,83270,15680,78253,81901,55625,16442,96032,52380,15552,76322,9628,0860,6307,1058,912,00,df0d2c96d10a6efb,https://xoso.com.vn/xsmt-08-05-2022.html,OK
2022-05-09,Monday,HUE,072572,06072,29439,47032,88516,18680,30830,98242,88994,89978,77614,51532,8572,5611,3801,8714,623,89,e9924beae820d11f,https://xoso.com.vn/xsmt-09-05-2022.html,OK
2022-05-15,Sunday,HUE,107868,03414,74543,44291,82333,35374,55762,65138,00121,06857,95873,90541,4684,8249,6002,4555,141,99,79e8ff8e1a722f9b,https://xoso.com.vn/xsmt-15-05-2022.html,OK
2022-05-16,Monday,HUE,411316,15548,47396,58039,72198,30057,12693,24796,93550,68563,46531,73589,2710,4126,8063,5735,497,99,fa4e0bc7d73effe0,https://xoso.com.vn/xsmt-16-05-2022.html,OK
2022-05-22,Sunday,HUE,795045,13712,82008,77605,67717,57780,33373,30011,00343,52831,79879,91200,1085,1708,5318,8724,927,95,ce70f2f73be95b7f,https://xoso.com.vn/xsmt-22-05-2022.html,OK
2022-05-23,Monday,HUE,680384,08498,66730,86422,75713,45379,67298,30349,27176,82338,13761,28811,6219,7434,3173,2284,506,69,fd33f4974b6b7307,https://xoso.com.vn/xsmt-23-05-2022.html,OK
2022-05-29,Sunday,HUE,182890,99473,81717,84810,54082,72137,25253,68290,95245,42025,67049,88725,3723,1425,9979,9871,224,36,20737a10394228c2,https://xoso.com.vn/xsmt-29-05-2022.html,OK
2022-05-30,Monday,HUE,091793,50579,97724,45191,68642,97423,72849,53764,37800,55993,12309,80424,7259,3878,2210,7593,825,65,14d48892cccfb178,https://xoso.com.vn/xsmt-30-05-2022.html,OK
2022-06-05,Sunday,HUE,048544,90531,57604,95884,25016,31779,46965,07626,97935,89722,24539,11044,9685,2686,8126,2989,684,85,bc9f8506c49aa382,https://xoso.com.vn/xsmt-05-06-2022.html,OK
2022-06-06,Monday,HUE,558222,81629,21335,04463,94881,03428,96671,20340,79329,51153,03491,66971,8312,9198,5282,2075,855,35,2df73a3adfdebfe1,https://xoso.com.vn/xsmt-06-06-2022.html,OK
2022-06-12,Sunday,HUE,125399,86447,19714,90022,08026,28342,74876,12367,20085,90637,08289,67585,4619,1715,7870,3383,826,03,969f9230b890b4a2,https://xoso.com.vn/xsmt-12-06-2022.html,OK
2022-06-13,Monday,HUE,918703,13048,74848,84593,94514,99285,61478,29576,26001,29385,74223,88111,1978,4324,5961,5034,093,11,9585f80e7a1b4617,https://xoso.com.vn/xsmt-13-06-2022.html,OK
2022-06-19,Sunday,HUE,754412,34321,29209,62908,92231,89935,64734,39998,87415,76138,95849,32938,7779,1326,3668,0948,264,89,19a1f1ff3cccd643,https://xoso.com.vn/xsmt-19-06-2022.html,OK
2022-06-20,Monday,HUE,523451,15131,16914,29545,52308,40694,87600,94069,65029,63838,94751,93637,1183,6970,8228,0649,952,80,29184e099d1f7fc0,https://xoso.com.vn/xsmt-20-06-2022.html,OK
2022-06-26,Sunday,HUE,706847,16117,28200,36065,66542,02852,48557,88468,10388,15611,75523,11544,5486,2465,3521,6649,217,15,d0801f9a112208b8,https://xoso.com.vn/xsmt-26-06-2022.html,OK
2022-06-27,Monday,HUE,956041,73771,51950,52031,28554,23661,97705,96308,23952,59491,69208,79051,0382,2309,1222,6676,876,80,afae93cc8f9593c0,https://xoso.com.vn/xsmt-27-06-2022.html,OK
2022-07-03,Sunday,HUE,333733,63413,15310,49519,81675,79834,76666,56287,64575,34524,57235,02903,0666,7916,0733,7550,861,42,41829e25acd09a00,https://xoso.com.vn/xsmt-03-07-2022.html,OK
2022-07-04,Monday,HUE,406203,35176,65119,00289,64944,70796,70195,90757,43639,93590,39547,46522,9272,1447,7047,7343,141,86,ace8caace50e464d,https://xoso.com.vn/xsmt-04-07-2022.html,OK
2022-07-10,Sunday,HUE,711311,01257,07855,00331,13915,46622,58431,44805,65481,32473,84415,92214,2829,0667,1267,3649,768,36,7c9b62f5e3ee3810,https://xoso.com.vn/xsmt-10-07-2022.html,OK
2022-07-11,Monday,HUE,546784,85257,87642,41700,75039,98464,05308,93113,64342,90190,46078,24154,2160,9220,9901,9922,874,15,1f40de72c0030256,https://xoso.com.vn/xsmt-11-07-2022.html,OK
2022-07-17,Sunday,HUE,135708,00133,71013,47379,95855,84065,00619,67081,08636,18090,17468,80889,9863,8328,2785,7972,790,47,44cb91ad5990ffca,https://xoso.com.vn/xsmt-17-07-2022.html,OK
2022-07-18,Monday,HUE,970648,40630,64347,50008,94099,29494,29884,46977,87887,54227,96399,12286,4478,7824,9993,2945,021,03,9520c67b722c468d,https://xoso.com.vn/xsmt-18-07-2022.html,OK
2022-07-24,Sunday,HUE,070135,65480,12686,92713,72651,33558,76100,83654,37454,01335,15992,14488,9295,7697,5789,8311,965,29,ad2d2107723e2024,https://xoso.com.vn/xsmt-24-07-2022.html,OK
2022-07-25,Monday,HUE,766696,37221,94551,98256,51905,34930,16580,54125,54617,78631,85500,34420,3577,7982,3451,1364,154,49,c00d9be04abb4202,https://xoso.com.vn/xsmt-25-07-2022.html,OK
2022-07-31,Sunday,HUE,149303,37069,99557,37099,95225,16279,48646,72001,04210,01264,69307,64117,8108,2039,1296,2341,111,14,6120c9fe897e132a,https://xoso.com.vn/xsmt-31-07-2022.html,OK
2022-08-01,Monday,HUE,985387,61520,67713,97497,62694,78139,84462,94455,48619,78807,15529,67664,8095,4957,5451,2330,149,51,ad1d1702b7107cc9,https://xoso.com.vn/xsmt-01-08-2022.html,OK
2022-08-07,Sunday,HUE,269088,10021,16554,31745,31022,20862,85055,07640,37503,22909,88381,20447,0811,8633,1385,6732,367,79,fa0b1a1bf4b32b8c,https://xoso.com.vn/xsmt-07-08-2022.html,OK
2022-08-08,Monday,HUE,552158,74551,98266,90791,02052,12417,61544,43717,05446,48738,23578,40537,6453,7561,4686,7830,499,25,764fdbeb875202cd,https://xoso.com.vn/xsmt-08-08-2022.html,OK
2022-08-14,Sunday,HUE,306493,80049,68477,75506,83643,11632,75594,30138,85137,89015,90019,42842,9997,0973,5493,4485,305,72,4117bf2334d2f3fc,https://xoso.com.vn/xsmt-14-08-2022.html,OK
2022-08-15,Monday,HUE,185346,43396,26002,80186,17618,13047,92185,10065,57609,30968,20466,60842,7041,9566,3055,4835,134,01,f129581dff2e10f9,https://xoso.com.vn/xsmt-15-08-2022.html,OK
2022-08-21,Sunday,HUE,320946,40260,56830,76013,74239,03877,07343,45696,58182,33655,33164,02335,7612,9597,8613,6532,521,75,5d171fc4827ea626,https://xoso.com.vn/xsmt-21-08-2022.html,OK
2022-08-22,Monday,HUE,404404,31831,20089,87810,64838,00654,04415,54097,74340,45882,35004,43299,8167,8473,8670,8055,949,86,422b78c899c5e35b,https://xoso.com.vn/xsmt-22-08-2022.html,OK
2022-08-28,Sunday,HUE,403252,74666,88966,66864,33307,59005,30661,55974,88693,66860,81595,97141,8592,2204,9169,6380,145,28,8346e557c3ddffd6,https://xoso.com.vn/xsmt-28-08-2022.html,OK
2022-08-29,Monday,HUE,223086,52011,22237,65314,77551,88347,82233,61399,81504,21628,27099,76967,0540,5223,4138,4931,053,97,df67e80df53c3614,https://xoso.com.vn/xsmt-29-08-2022.html,OK
2022-09-04,Sunday,HUE,140915,35437,20681,55754,16413,69880,62643,68273,29091,33959,50202,35016,1867,2434,3789,3899,635,99,5ef8d4eee4840abf,https://xoso.com.vn/xsmt-04-09-2022.html,OK
2022-09-05,Monday,HUE,092558,18847,34158,59252,10289,63509,06818,31729,56296,35305,11970,28353,9248,4258,2230,8291,580,05,5b9feb1ad003763d,https://xoso.com.vn/xsmt-05-09-2022.html,OK
2022-09-11,Sunday,HUE,115755,43802,75436,29830,45178,14624,54489,23028,88275,82611,10892,67451,7709,1348,6535,3730,150,04,73b8da7d886ff54b,https://xoso.com.vn/xsmt-11-09-2022.html,OK
2022-09-12,Monday,HUE,572829,90115,11168,31805,35304,83778,33410,63181,86172,91011,43668,41522,7592,7611,7653,4581,566,04,cd7adb447499c016,https://xoso.com.vn/xsmt-12-09-2022.html,OK
2022-09-18,Sunday,HUE,414556,46612,55533,95087,94247,40764,19152,44469,59646,06540,96138,96285,9118,6414,6777,9907,340,58,6455bf10a74a6e2d,https://xoso.com.vn/xsmt-18-09-2022.html,OK
2022-09-19,Monday,HUE,016494,15174,88803,28595,04057,17878,81211,39958,82857,99176,91703,40693,6016,9666,3933,1369,980,98,6446022a7a12e019,https://xoso.com.vn/xsmt-19-09-2022.html,OK
2022-09-25,Sunday,HUE,404121,34744,48785,59408,97425,71494,07253,12832,59226,54436,43511,93041,3425,8193,0105,6856,207,67,479f1ba7b2128a06,https://xoso.com.vn/xsmt-25-09-2022.html,OK
2022-09-26,Monday,HUE,918341,97990,34380,49070,40505,67057,55106,09588,41565,48165,88663,13659,3794,5298,3764,8961,681,33,0ab98fb52b2b94e7,https://xoso.com.vn/xsmt-26-09-2022.html,OK
2022-10-02,Sunday,HUE,887035,59179,62696,23129,82259,36594,28521,10778,90561,74019,23674,36071,3750,7620,9162,2935,152,24,5cd97014aef14bcc,https://xoso.com.vn/xsmt-02-10-2022.html,OK
2022-10-03,Monday,HUE,990337,09709,58133,03385,67397,88427,25839,07001,11929,67031,73994,37250,5194,2261,2988,7918,290,51,4bd3b2413dae8826,https://xoso.com.vn/xsmt-03-10-2022.html,OK
2022-10-09,Sunday,HUE,537498,51896,71249,83136,59798,64993,59175,10131,51448,42799,93771,79500,8892,8979,2383,8586,976,55,3d6fcdcbd2a721b0,https://xoso.com.vn/xsmt-09-10-2022.html,OK
2022-10-10,Monday,HUE,327032,13440,59119,09681,61502,98314,40675,68481,93280,93276,66915,88152,4877,1546,3902,2575,903,58,b0a920b614b66e8c,https://xoso.com.vn/xsmt-10-10-2022.html,OK
2022-10-16,Sunday,HUE,836904,37297,07789,48416,37093,17371,04766,35343,15461,70041,46403,03838,5216,7907,7448,9479,897,63,ace408dcc2810ec6,https://xoso.com.vn/xsmt-16-10-2022.html,OK
2022-10-17,Monday,HUE,936589,94712,40397,24442,97294,24315,96607,96150,93376,62568,61190,68578,4014,3741,8117,8665,672,50,bb955eb35a573b91,https://xoso.com.vn/xsmt-17-10-2022.html,OK
2022-10-23,Sunday,HUE,789185,11716,00488,26306,20055,85384,94880,26818,92869,47053,78682,07476,0379,2669,4590,2553,301,49,dd7f30ee7ee17e73,https://xoso.com.vn/xsmt-23-10-2022.html,OK
2022-10-24,Monday,HUE,358287,81930,62470,57510,91767,12633,22267,65292,11167,07586,10000,87806,8756,3441,1602,8071,378,80,6639afc38c99a6aa,https://xoso.com.vn/xsmt-24-10-2022.html,OK
2022-10-30,Sunday,HUE,091545,74788,58911,67440,31142,47643,50688,86695,50130,89010,99622,39849,4161,9712,7828,4855,381,25,d68286c60d583d60,https://xoso.com.vn/xsmt-30-10-2022.html,OK
2022-10-31,Monday,HUE,268682,20960,52636,28852,56385,61217,90747,34245,58683,06155,67239,16741,7360,0410,3313,2453,808,59,cc19c2722d585cea,https://xoso.com.vn/xsmt-31-10-2022.html,OK
2022-11-06,Sunday,HUE,074926,71133,70148,59018,81655,02108,26233,40418,95995,15598,95859,36988,4044,5230,7133,2358,987,59,71ce43742d30a800,https://xoso.com.vn/xsmt-06-11-2022.html,OK
2022-11-07,Monday,HUE,307809,03101,27972,94640,37834,64626,01260,65255,18021,42499,93762,43655,0041,6297,3151,9672,135,32,ad9f2dd9c185a4de,https://xoso.com.vn/xsmt-07-11-2022.html,OK
2022-11-13,Sunday,HUE,207612,92447,26186,42179,61890,29353,17673,89823,23362,30474,95657,84119,6958,9390,2681,9723,821,51,68de4a6afffe09f9,https://xoso.com.vn/xsmt-13-11-2022.html,OK
2022-11-14,Monday,HUE,071817,50207,74618,88895,51652,49183,34667,48371,30306,60120,38104,19207,8180,7569,5629,0448,801,18,9316c6bd409eb053,https://xoso.com.vn/xsmt-14-11-2022.html,OK
2022-11-20,Sunday,HUE,103652,36659,38130,48880,02725,80897,59969,69518,01289,54259,44690,80839,1705,8058,6185,8276,815,80,a1383c48f3adde3b,https://xoso.com.vn/xsmt-20-11-2022.html,OK
2022-11-21,Monday,HUE,079141,75694,24105,92820,03400,63159,22647,11585,17520,32885,49064,93840,0358,5090,9838,3011,136,53,e5e2cef390e427ea,https://xoso.com.vn/xsmt-21-11-2022.html,OK
2022-11-27,Sunday,HUE,807460,68987,54256,80386,26583,02426,15894,43212,80272,96936,29779,30998,3968,0566,8887,8101,719,92,268790b3a461a0d0,https://xoso.com.vn/xsmt-27-11-2022.html,OK
2022-11-28,Monday,HUE,771033,61376,55154,73030,32643,02046,21974,45184,03211,30021,99142,49061,3763,5047,0828,5677,684,66,a5576ca98be05a69,https://xoso.com.vn/xsmt-28-11-2022.html,OK
2022-12-04,Sunday,HUE,641029,64166,05820,94623,65199,65639,36981,69088,46732,30038,05186,46475,9994,9947,0948,6266,043,49,35dda24d6755d436,https://xoso.com.vn/xsmt-04-12-2022.html,OK
2022-12-05,Monday,HUE,338743,10643,70371,86226,11971,06647,40696,36115,46657,47526,78749,60396,0102,2776,7453,9706,152,08,7e9433c41365797f,https://xoso.com.vn/xsmt-05-12-2022.html,OK
2022-12-11,Sunday,HUE,053243,24395,25248,56714,70935,15005,36141,65247,06776,77804,34786,21498,1561,7051,4205,9101,967,17,c76600994ea5efd7,https://xoso.com.vn/xsmt-11-12-2022.html,OK
2022-12-12,Monday,HUE,073768,05699,44180,93432,65697,35318,02235,31241,91659,70678,43158,35325,7185,1736,5113,2328,921,56,50cd6ea90e2c3993,https://xoso.com.vn/xsmt-12-12-2022.html,OK
2022-12-18,Sunday,HUE,842374,13854,20512,75373,14530,71622,69178,72062,86604,32267,73765,79054,1753,0442,5248,8894,661,23,f3d19e328522e443,https://xoso.com.vn/xsmt-18-12-2022.html,OK
2022-12-19,Monday,HUE,169092,31898,10919,10834,55203,91466,73148,96856,76132,83228,44259,35072,7611,7447,8899,7899,404,70,1e09ffa028b66e7f,https://xoso.com.vn/xsmt-19-12-2022.html,OK
2022-12-25,Sunday,HUE,174798,52683,32670,31581,92311,86750,63896,45047,70601,05832,84079,34720,5626,7299,3126,6758,689,91,b56de18aac4d7a70,https://xoso.com.vn/xsmt-25-12-2022.html,OK
2022-12-26,Monday,HUE,180006,37531,79351,62559,57231,97601,50002,34446,89744,97430,01952,83837,7407,0056,0043,7327,963,67,7c1ddb5bee97e150,https://xoso.com.vn/xsmt-26-12-2022.html,OK
2023-01-01,Sunday,HUE,623976,54765,29024,49813,50306,56201,14697,49284,73448,45126,71607,35805,5133,1505,8515,1550,568,99,3830f027deaf07fb,https://xoso.com.vn/xsmt-01-01-2023.html,OK
2023-01-02,Monday,HUE,474835,08027,11546,23899,23892,43896,13137,07642,14248,98165,18751,09488,5086,2206,5988,3816,350,65,0047ae86b265b100,https://xoso.com.vn/xsmt-02-01-2023.html,OK
2023-01-08,Sunday,HUE,789938,00883,09284,02489,41050,52059,61755,12315,38156,43595,74488,55017,2606,9686,7003,7819,770,97,ffb143b2993ae947,https://xoso.com.vn/xsmt-08-01-2023.html,OK
2023-01-09,Monday,HUE,734886,89748,53620,36465,49957,77005,51915,05905,56625,45944,37729,84974,5415,1287,7259,7364,425,10,8abde2dd4267e759,https://xoso.com.vn/xsmt-09-01-2023.html,OK
2023-01-15,Sunday,HUE,455321,50877,20984,78413,00001,11645,32955,85584,18583,55488,50106,56512,2630,7026,1419,7394,787,82,90c5dbfe5768c095,https://xoso.com.vn/xsmt-15-01-2023.html,OK
2023-01-16,Monday,HUE,855453,58304,47849,30552,71043,43265,94963,19097,57523,46462,19539,95685,5565,1867,4767,7682,398,74,1888c73b8213703e,https://xoso.com.vn/xsmt-16-01-2023.html,OK
2023-01-22,Sunday,HUE,517931,83596,75926,03062,71941,35423,05498,06040,17750,51638,21858,57612,8150,3676,8973,2527,220,83,12b853ea486273a8,https://xoso.com.vn/xsmt-22-01-2023.html,OK
2023-01-23,Monday,HUE,013817,55818,02501,50436,52461,43744,24366,42005,60174,92998,32869,45441,5712,1382,9255,7491,618,19,4c7fd40cb2ac1995,https://xoso.com.vn/xsmt-23-01-2023.html,OK
2023-01-29,Sunday,HUE,496565,12356,44488,51155,70773,49859,35775,95651,16848,45937,72177,56025,7628,3437,8803,3353,961,18,a1f0a3cc00de8a8e,https://xoso.com.vn/xsmt-29-01-2023.html,OK
2023-01-30,Monday,HUE,992633,00082,16016,24763,68949,54348,70876,33723,86295,01667,36615,55926,1419,1672,1553,9658,156,25,dab747308f43c40c,https://xoso.com.vn/xsmt-30-01-2023.html,OK
2023-02-05,Sunday,HUE,093109,74332,97912,74008,09991,61665,71276,92945,26677,10879,75727,83577,7860,8084,4563,9297,800,14,1e573f13c79a523c,https://xoso.com.vn/xsmt-05-02-2023.html,OK
2023-02-06,Monday,HUE,883941,72612,37304,73727,77435,47397,29763,26059,15428,59864,61078,32815,1722,4987,7007,2537,291,25,6cf306a0615bb8af,https://xoso.com.vn/xsmt-06-02-2023.html,OK
2023-02-12,Sunday,HUE,296078,65184,58591,05458,86100,93740,05496,89321,16754,39996,62034,94878,5214,2508,3562,9101,261,05,bbcc626222a1402f,https://xoso.com.vn/xsmt-12-02-2023.html,OK
2023-02-13,Monday,HUE,349306,28590,02008,66442,64882,08645,41249,43802,48723,71595,67665,18993,0775,3515,8925,1484,964,70,da6ab2da7d05a4d9,https://xoso.com.vn/xsmt-13-02-2023.html,OK
2023-02-19,Sunday,HUE,979078,37929,24438,44665,28620,23062,07771,62402,62818,37025,59843,13761,9094,6844,1460,9247,281,46,d147cd907126207c,https://xoso.com.vn/xsmt-19-02-2023.html,OK
2023-02-20,Monday,HUE,815920,21273,29690,78634,09734,14378,52072,45974,65881,66739,82820,82801,3985,7671,0546,5209,661,58,cfb6f862a08bf506,https://xoso.com.vn/xsmt-20-02-2023.html,OK
2023-02-26,Sunday,HUE,051810,73327,48592,97169,58007,88307,21171,67084,53626,65326,15480,89997,2980,8734,1927,2743,306,80,c30dcc762d555c2d,https://xoso.com.vn/xsmt-26-02-2023.html,OK
2023-02-27,Monday,HUE,982419,29560,89027,58786,69966,68091,33965,80525,71205,14195,40280,84958,0121,2753,2918,8410,896,45,af6f480cb2ce173e,https://xoso.com.vn/xsmt-27-02-2023.html,OK
2023-03-05,Sunday,HUE,970562,06167,15593,03915,47704,24497,10481,19428,51485,53784,51104,62543,1204,9492,5383,1712,490,66,3df56e976a0e739b,https://xoso.com.vn/xsmt-05-03-2023.html,OK
2023-03-06,Monday,HUE,191362,18067,30796,29085,34597,26586,78590,42141,50196,45816,84434,30294,3319,8645,9055,2785,817,73,5b78f025cd0ad57b,https://xoso.com.vn/xsmt-06-03-2023.html,OK
2023-03-12,Sunday,HUE,988631,88713,22481,24274,50964,15903,30294,55539,60278,32057,86259,88848,4766,7751,0213,4297,460,70,6f3fc65665b7f8b0,https://xoso.com.vn/xsmt-12-03-2023.html,OK
2023-03-13,Monday,HUE,362245,05740,41830,58084,52179,41186,05888,61188,26422,90328,94794,52522,8080,2172,9761,4105,301,34,b00d477581fb0d21,https://xoso.com.vn/xsmt-13-03-2023.html,OK
2023-03-19,Sunday,HUE,349293,13533,82928,42835,31200,92121,96313,63999,10536,41626,87992,46102,4438,8978,4183,3903,412,88,1c759f6b4b476e14,https://xoso.com.vn/xsmt-19-03-2023.html,OK
2023-03-20,Monday,HUE,686797,72324,83191,21271,33355,04076,40263,08248,33151,61198,59603,75302,7212,4483,3957,8572,456,27,0c2caaef6a665f9d,https://xoso.com.vn/xsmt-20-03-2023.html,OK
2023-03-26,Sunday,HUE,168153,16592,24667,13844,34350,20888,36113,16848,57832,56848,19903,00908,6391,1493,8365,7298,467,97,41c99c03f58844e2,https://xoso.com.vn/xsmt-26-03-2023.html,OK
2023-03-27,Monday,HUE,446147,08647,58359,81465,36418,07584,08274,10479,54453,05702,98876,15020,5073,3516,3852,6565,945,62,a098eb8bc1035a51,https://xoso.com.vn/xsmt-27-03-2023.html,OK
2023-04-02,Sunday,HUE,961419,22278,94571,59166,68303,48246,02466,89974,33949,96130,59220,58506,5217,8445,6936,0252,835,46,0f37e6acc7918d34,https://xoso.com.vn/xsmt-02-04-2023.html,OK
2023-04-03,Monday,HUE,887312,73576,00813,03503,01625,79154,65512,44233,27196,32223,12785,98628,1615,7767,7653,4829,826,85,9b9bad15d8cf70c2,https://xoso.com.vn/xsmt-03-04-2023.html,OK
2023-04-09,Sunday,HUE,380542,86292,50109,89791,34009,36270,67656,17242,63689,02998,42686,32688,5169,0353,6871,0469,980,92,5354d643b6ffcd28,https://xoso.com.vn/xsmt-09-04-2023.html,OK
2023-04-10,Monday,HUE,659511,12385,84922,06778,64663,92911,62216,79388,89750,37606,34432,95925,7541,9496,5326,9775,807,42,fae1d9f91a27ec68,https://xoso.com.vn/xsmt-10-04-2023.html,OK
2023-04-16,Sunday,HUE,916634,89952,35983,28627,24439,59072,44530,66184,43761,62390,22860,61167,6100,6372,8655,9959,173,79,b75b9eecc3c9bd34,https://xoso.com.vn/xsmt-16-04-2023.html,OK
2023-04-17,Monday,HUE,897580,94515,43851,75158,05546,10098,39401,93737,53234,54930,46697,16835,8254,6084,2434,0545,820,74,1c7f5d5a8ccba078,https://xoso.com.vn/xsmt-17-04-2023.html,OK
2023-04-23,Sunday,HUE,576692,19122,87067,34944,76599,79241,83997,63403,62948,26834,68362,67108,1346,6705,5345,6216,384,64,d7c12dcac86c0d20,https://xoso.com.vn/xsmt-23-04-2023.html,OK
2023-04-24,Monday,HUE,871617,80186,78169,86130,97927,27452,63586,06423,08701,10565,67937,99970,2641,5490,1136,4990,736,23,57aa44c1cb450868,https://xoso.com.vn/xsmt-24-04-2023.html,OK
2023-04-30,Sunday,HUE,173600,92083,73216,13596,39862,83766,15885,97728,31727,21956,04606,79197,9234,0813,0724,7669,897,94,9f202198980574d2,https://xoso.com.vn/xsmt-30-04-2023.html,OK
2023-05-01,Monday,HUE,241733,93683,24550,34375,14942,23924,48373,37394,02726,28055,61534,41744,6456,2094,5823,2840,398,87,69ed8d8a9e282a4a,https://xoso.com.vn/xsmt-01-05-2023.html,OK
2023-05-07,Sunday,HUE,908812,36263,83212,14279,01542,38227,52960,60719,20236,63731,54639,85825,7274,8576,0365,5688,664,27,1629f6aa0ecce0ff,https://xoso.com.vn/xsmt-07-05-2023.html,OK
2023-05-08,Monday,HUE,880883,33711,67839,34103,05754,91830,79392,52159,62772,95922,12683,74762,1006,3941,1176,0791,754,67,5aba5e8e436b0203,https://xoso.com.vn/xsmt-08-05-2023.html,OK
2023-05-14,Sunday,HUE,783042,27820,14353,82896,79318,65318,23862,28981,38391,92491,17621,16145,2412,9708,2621,0958,175,45,b82c8e81d2ae8852,https://xoso.com.vn/xsmt-14-05-2023.html,OK
2023-05-15,Monday,HUE,331454,91838,09348,74357,33155,67759,92640,63844,60587,29167,08045,90415,2331,9998,8533,3437,105,27,afd8dc3f89c77d0f,https://xoso.com.vn/xsmt-15-05-2023.html,OK
2023-05-21,Sunday,HUE,052659,41707,63913,66219,90660,77864,31549,65574,40142,70509,28516,50040,0732,3284,9678,8881,329,54,c74661a6334dbcf1,https://xoso.com.vn/xsmt-21-05-2023.html,OK
2023-05-22,Monday,HUE,838784,11207,69822,36464,35930,44778,67693,08452,25183,75766,34741,96929,7770,4106,2753,0889,668,94,05b21de6d3aeccb4,https://xoso.com.vn/xsmt-22-05-2023.html,OK
2023-05-28,Sunday,HUE,795143,69724,35311,38883,41659,86572,36549,07153,61093,77248,12337,85275,9647,7118,5836,3579,895,34,b43fda3020a03828,https://xoso.com.vn/xsmt-28-05-2023.html,OK
2023-05-29,Monday,HUE,753212,95785,12210,03805,50513,52074,18988,32620,81802,28267,10248,27336,4652,6686,0971,3355,261,29,dc11c6a8591ca644,https://xoso.com.vn/xsmt-29-05-2023.html,OK
2023-06-04,Sunday,HUE,438348,20278,75098,72288,56372,05196,91001,87596,73538,56780,09336,26005,7918,5170,1132,0925,396,10,d2fb5ce806b77281,https://xoso.com.vn/xsmt-04-06-2023.html,OK
2023-06-05,Monday,HUE,386370,57629,66542,54561,28182,49094,90593,43839,03503,46069,92351,54539,3690,2954,6971,0874,768,29,b095760e9535fbe3,https://xoso.com.vn/xsmt-05-06-2023.html,OK
2023-06-11,Sunday,HUE,083933,25542,32659,80917,19103,95571,76973,42626,20528,84246,70572,75717,8851,1567,5569,7754,629,40,6acfbe48b9e286b9,https://xoso.com.vn/xsmt-11-06-2023.html,OK
2023-06-12,Monday,HUE,785514,56429,49404,67958,17864,52139,54632,67277,11215,76613,82496,08034,6055,3107,6365,6147,695,17,75e47cee8b695711,https://xoso.com.vn/xsmt-12-06-2023.html,OK
2023-06-18,Sunday,HUE,689707,34138,49467,31129,72898,86254,44570,58106,48169,38897,67038,63828,8920,6407,0744,7281,376,40,7f09f439b512157b,https://xoso.com.vn/xsmt-18-06-2023.html,OK
2023-06-19,Monday,HUE,943559,54575,84699,37915,88115,90065,19196,35897,92990,96863,11463,52005,9453,7276,1620,3802,061,68,9a408ad79f1e0cd9,https://xoso.com.vn/xsmt-19-06-2023.html,OK
2023-06-25,Sunday,HUE,675147,44797,92295,48820,55009,06796,80333,92213,88656,57470,56213,65309,0360,8661,7326,2895,813,70,3e3d3ed5e43ad50d,https://xoso.com.vn/xsmt-25-06-2023.html,OK
2023-06-26,Monday,HUE,912305,08974,54621,43558,10732,22718,18110,43106,34256,80545,66507,46420,1714,5715,4042,2947,781,35,c19e4024f58b259c,https://xoso.com.vn/xsmt-26-06-2023.html,OK
2023-07-02,Sunday,HUE,553922,88699,70898,68604,68380,65801,30617,71245,79973,37246,46697,29576,4334,2159,4704,6273,858,63,8626b577d015f58f,https://xoso.com.vn/xsmt-02-07-2023.html,OK
2023-07-03,Monday,HUE,755710,22000,78563,45645,27193,03360,53167,33834,58441,86490,68731,76711,5303,9126,0665,3827,302,73,ed2f3bbf0262eefb,https://xoso.com.vn/xsmt-03-07-2023.html,OK
2023-07-09,Sunday,HUE,574340,77813,04628,51246,65805,49940,53716,90967,76672,21942,98837,10785,0389,7810,8861,2139,727,38,1df4338fd2a15c49,https://xoso.com.vn/xsmt-09-07-2023.html,OK
2023-07-10,Monday,HUE,887644,76800,67894,30998,80508,27725,41110,16240,25083,74960,21619,86718,8068,6525,8476,7742,212,38,298cc522f8f2196a,https://xoso.com.vn/xsmt-10-07-2023.html,OK
2023-07-16,Sunday,HUE,355326,35562,95667,25413,80835,59100,45600,41119,43400,01350,01147,25585,2801,8336,6387,5816,183,04,d792c6745b320442,https://xoso.com.vn/xsmt-16-07-2023.html,OK
2023-07-17,Monday,HUE,331187,97740,16117,90935,47751,97819,15612,62484,66576,46081,09945,56252,3203,6709,6490,1613,906,73,d938baa730181d49,https://xoso.com.vn/xsmt-17-07-2023.html,OK
2023-07-23,Sunday,HUE,160558,17989,43574,80807,63282,88222,82648,04565,61284,58142,59635,84151,9053,5348,9640,4756,696,69,758c62f2c878931d,https://xoso.com.vn/xsmt-23-07-2023.html,OK
2023-07-24,Monday,HUE,302438,25269,14580,00472,14829,10100,02347,58430,01675,91668,61210,89545,3664,2289,1979,7974,805,91,299cd8f4502dc6ad,https://xoso.com.vn/xsmt-24-07-2023.html,OK
2023-07-30,Sunday,HUE,250644,93914,45251,12029,61598,56859,91568,43351,85969,53294,56556,91870,9664,0443,2065,3331,540,64,f7658e0b11f5d5fb,https://xoso.com.vn/xsmt-30-07-2023.html,OK
2023-07-31,Monday,HUE,028771,01760,62615,07252,90098,39060,12607,26836,37622,25943,39967,10578,5669,1778,2416,0584,558,56,5a0054e0cff063bd,https://xoso.com.vn/xsmt-31-07-2023.html,OK
2023-08-06,Sunday,HUE,659449,69184,53544,21723,64748,58467,94031,41802,09574,06161,41813,69990,9884,2607,6065,5506,424,84,30bce4a2118925f7,https://xoso.com.vn/xsmt-06-08-2023.html,OK
2023-08-07,Monday,HUE,930074,15503,55542,47210,70400,05723,38768,01244,44219,32898,10847,62812,1462,3045,0781,7498,267,55,da762ad1c8710330,https://xoso.com.vn/xsmt-07-08-2023.html,OK
2023-08-13,Sunday,HUE,301481,11968,42676,78783,00226,86590,88635,85915,19111,01764,64119,52537,3629,6273,0556,0100,876,52,7dd83d68a3c80601,https://xoso.com.vn/xsmt-13-08-2023.html,OK
2023-08-14,Monday,HUE,378382,91314,51181,13088,83922,73068,79684,36730,57807,92480,66736,99645,4936,2655,6658,1572,616,04,b8af72c4f5224e45,https://xoso.com.vn/xsmt-14-08-2023.html,OK
2023-08-20,Sunday,HUE,996311,05699,43731,58606,42461,05031,93329,75021,59832,00497,57094,07902,1007,4620,8207,5589,376,83,b23d8d0d31a07bd8,https://xoso.com.vn/xsmt-20-08-2023.html,OK
2023-08-21,Monday,HUE,405124,97256,85071,58980,31972,28397,11624,99375,92909,47559,62402,41204,2217,0418,7218,3524,037,87,6619a50f8a058532,https://xoso.com.vn/xsmt-21-08-2023.html,OK
2023-08-27,Sunday,HUE,842075,67515,53231,62813,17981,71464,25130,82654,17418,47870,48893,27480,8517,4961,7786,4653,557,53,a54c1f716034b9b3,https://xoso.com.vn/xsmt-27-08-2023.html,OK
2023-08-28,Monday,HUE,464825,35241,55770,24600,02792,09797,19375,55425,19851,49083,52093,59006,0865,4160,2650,7433,391,27,fb29af55939627e1,https://xoso.com.vn/xsmt-28-08-2023.html,OK
2023-09-03,Sunday,HUE,555275,96867,51247,30046,43116,68725,94983,42477,67568,01400,01869,98504,0113,9871,9191,3367,280,38,e7d9a3c494a9c9ff,https://xoso.com.vn/xsmt-03-09-2023.html,OK
2023-09-04,Monday,HUE,507273,14739,88379,28427,20934,51466,73690,54740,58876,53751,63304,36686,2714,9707,3762,2979,889,22,995d0c15a2d40e87,https://xoso.com.vn/xsmt-04-09-2023.html,OK
2023-09-10,Sunday,HUE,321036,77165,29176,41258,55604,31304,52824,90054,04672,89829,82643,96567,7363,7106,9428,0892,787,78,14a341fbbddd9313,https://xoso.com.vn/xsmt-10-09-2023.html,OK
2023-09-11,Monday,HUE,120125,98481,57621,49291,89394,05283,03330,50893,39629,41448,08813,26260,6025,3596,7058,5620,878,28,4129f36a76333c73,https://xoso.com.vn/xsmt-11-09-2023.html,OK
2023-09-17,Sunday,HUE,025671,50028,67953,54129,21534,07393,11521,80577,39484,00465,20487,87592,5009,3633,2647,5948,336,04,8d45db124894092e,https://xoso.com.vn/xsmt-17-09-2023.html,OK
2023-09-18,Monday,HUE,612558,16671,78620,32955,70010,09296,87407,04384,90542,29756,81818,35182,9685,4985,6976,9871,126,27,a8aef5d71a3de5fe,https://xoso.com.vn/xsmt-18-09-2023.html,OK
2023-09-24,Sunday,HUE,364275,33842,96588,49117,96866,23585,45493,47400,82858,45325,47764,35308,5336,2182,1412,8738,093,45,cb1ae7ec01466a60,https://xoso.com.vn/xsmt-24-09-2023.html,OK
2023-09-25,Monday,HUE,914754,09839,24173,62573,01348,67749,57236,57366,41800,98857,08887,78119,7998,7382,5262,2356,882,20,eb68ea8823a062ee,https://xoso.com.vn/xsmt-25-09-2023.html,OK
2023-10-01,Sunday,HUE,331524,74958,45150,04701,46251,92250,71236,80778,30095,47629,74643,37739,9769,1659,6257,1209,493,65,a1b1d6a8a3283890,https://xoso.com.vn/xsmt-01-10-2023.html,OK
2023-10-02,Monday,HUE,022083,06129,22524,02392,40506,36581,28070,77733,01046,08676,42927,19293,0111,7491,6310,4206,758,13,b12707c2f54e164c,https://xoso.com.vn/xsmt-02-10-2023.html,OK
2023-10-08,Sunday,HUE,199151,03110,75915,65769,44077,90194,35404,17540,76328,68621,36726,77673,3950,6789,8668,3604,416,45,3e057137ad9df941,https://xoso.com.vn/xsmt-08-10-2023.html,OK
2023-10-09,Monday,HUE,786981,90121,13387,53224,35102,13348,81248,61787,19015,85208,36001,68655,5742,7992,6022,4730,766,65,584494051ddd0ab8,https://xoso.com.vn/xsmt-09-10-2023.html,OK
2023-10-15,Sunday,HUE,887031,29847,96168,04292,81874,62557,28943,81599,58933,02295,79485,60773,8634,5528,1581,7341,344,69,aac2c64b2651ba9d,https://xoso.com.vn/xsmt-15-10-2023.html,OK
2023-10-16,Monday,HUE,784945,21416,75591,07150,73071,99511,13693,78138,64900,74975,98688,09542,4626,0690,5401,6544,802,08,ff93513f5cac7b42,https://xoso.com.vn/xsmt-16-10-2023.html,OK
2023-10-22,Sunday,HUE,299807,46648,93948,68010,48626,62410,02597,35940,70072,62358,03410,40388,5058,4702,9228,9249,899,40,6b412d198665962e,https://xoso.com.vn/xsmt-22-10-2023.html,OK
2023-10-23,Monday,HUE,022287,29318,57162,32609,93235,11279,57646,01615,62561,29612,02365,67819,5625,8568,8279,1099,635,16,cbd65537dc303691,https://xoso.com.vn/xsmt-23-10-2023.html,OK
2023-10-29,Sunday,HUE,595693,50305,72248,89393,67034,88978,17980,16977,14642,19322,33076,67255,1821,7661,9398,1397,329,54,b066c444401bd6ee,https://xoso.com.vn/xsmt-29-10-2023.html,OK
2023-10-30,Monday,HUE,536532,55069,71433,11423,65990,73532,64612,43399,16125,99526,75569,22933,1890,8893,8897,3701,518,28,a79874d0f9fc5647,https://xoso.com.vn/xsmt-30-10-2023.html,OK
2023-11-05,Sunday,HUE,802913,83778,49806,57023,89302,23876,33024,96844,30716,26730,12374,92763,5363,7318,8238,5633,791,15,821b201aab2867fd,https://xoso.com.vn/xsmt-05-11-2023.html,OK
2023-11-06,Monday,HUE,451974,16214,09128,44249,82003,91264,35908,15656,16991,44081,78450,35198,0425,8339,2090,5302,277,39,3a3f30b9d52cbaab,https://xoso.com.vn/xsmt-06-11-2023.html,OK
2023-11-12,Sunday,HUE,821295,68717,74633,82040,52701,13420,98777,91610,89804,39282,74487,63510,2361,3203,2103,1633,418,35,f669ab2c64b24e37,https://xoso.com.vn/xsmt-12-11-2023.html,OK
2023-11-13,Monday,HUE,183275,34529,21812,56113,45641,89271,04334,74045,45153,74291,69839,29081,8698,2913,5819,2385,660,61,707f1026b6e3d4ae,https://xoso.com.vn/xsmt-13-11-2023.html,OK
2023-11-19,Sunday,HUE,208763,01306,31296,49071,02898,79961,73762,01479,84793,55436,39040,84248,3514,1888,3335,7090,189,41,2630056d98f53388,https://xoso.com.vn/xsmt-19-11-2023.html,OK
2023-11-20,Monday,HUE,968527,22977,46852,99936,40669,81319,42832,34501,70979,19127,46791,03386,4124,6689,9794,2270,357,71,f237e637fe454e19,https://xoso.com.vn/xsmt-20-11-2023.html,OK
2023-11-26,Sunday,HUE,761434,57684,57747,81829,86580,19995,74251,56258,65265,83289,16619,69324,9317,7400,3391,6405,529,22,8ec066237e5cda5b,https://xoso.com.vn/xsmt-26-11-2023.html,OK
2023-11-27,Monday,HUE,533609,27132,07693,70432,56346,16088,61164,55936,83918,03270,38025,47898,1753,2173,0324,6037,627,32,5d1060394521152c,https://xoso.com.vn/xsmt-27-11-2023.html,OK
2023-12-03,Sunday,HUE,081806,98792,35770,76715,12340,26354,72388,20969,53084,42889,86264,45060,4091,5409,4722,4066,852,71,1eccee2d5400cc6f,https://xoso.com.vn/xsmt-03-12-2023.html,OK
2023-12-04,Monday,HUE,416593,44799,37573,13597,29680,05312,55304,17587,82152,07110,60853,68328,1395,9208,1712,8591,558,65,9d7606db9f030117,https://xoso.com.vn/xsmt-04-12-2023.html,OK
2023-12-10,Sunday,HUE,663408,10228,88670,73466,75246,83313,36334,85371,00682,63171,16106,76885,8225,8594,9348,8576,339,45,44b1cd0051d3a093,https://xoso.com.vn/xsmt-10-12-2023.html,OK
2023-12-11,Monday,HUE,906388,08176,12303,60479,20151,51466,91030,35544,17928,12907,56597,83170,7852,1831,1131,7335,018,60,2ac89281daeafd1c,https://xoso.com.vn/xsmt-11-12-2023.html,OK
2023-12-17,Sunday,HUE,042268,95905,21347,41967,93082,26331,00920,18453,21767,70129,25088,30548,5829,4677,9680,5588,091,06,9b90e446b4729559,https://xoso.com.vn/xsmt-17-12-2023.html,OK
2023-12-18,Monday,HUE,279089,41616,86232,33140,58061,73965,87074,13764,63663,38230,25513,81020,7899,0827,1431,0903,019,14,a2dbe730b15fc3e4,https://xoso.com.vn/xsmt-18-12-2023.html,OK
2023-12-24,Sunday,HUE,503113,46060,64097,82864,02890,63814,95910,69426,05174,70289,12840,37354,7643,6301,7352,1738,512,00,381d8e6c4d485902,https://xoso.com.vn/xsmt-24-12-2023.html,OK
2023-12-25,Monday,HUE,820567,67643,41152,06949,69566,94561,56356,22289,62222,79227,37557,96276,3013,7479,1702,1026,881,55,3a77a74276f748bd,https://xoso.com.vn/xsmt-25-12-2023.html,OK
2023-12-31,Sunday,HUE,902792,91067,95092,20330,68016,46879,06609,94299,09095,12713,06118,48765,3696,0617,7311,2860,807,19,f52301cf3d5fb84e,https://xoso.com.vn/xsmt-31-12-2023.html,OK
2024-01-01,Monday,HUE,545102,58333,17928,02253,43824,18937,45709,30077,38432,39505,64032,48635,3320,5858,3336,7742,226,36,a57b3b39c268f819,https://xoso.com.vn/xsmt-01-01-2024.html,OK
2024-01-07,Sunday,HUE,544059,00974,04442,77626,02414,68603,38805,68519,76193,91032,09022,54166,9161,4525,6508,3639,052,26,638a6b1e9bbb9ef3,https://xoso.com.vn/xsmt-07-01-2024.html,OK
2024-01-08,Monday,HUE,433694,14788,62055,36280,05994,02239,30362,09722,98883,92773,71062,01853,5007,5452,1467,0776,456,24,86e8874ea17b4e49,https://xoso.com.vn/xsmt-08-01-2024.html,OK
2024-01-14,Sunday,HUE,157475,50139,75625,61273,41070,51907,94932,40059,83986,53789,22490,58732,1994,3219,7384,7926,256,07,85c5dbe5013dd910,https://xoso.com.vn/xsmt-14-01-2024.html,OK
2024-01-15,Monday,HUE,315157,94925,13179,33046,18134,11213,29972,55217,20530,79291,03913,77531,0105,8996,6538,1694,261,86,6d76c6ea2ee162f5,https://xoso.com.vn/xsmt-15-01-2024.html,OK
2024-01-21,Sunday,HUE,081510,97755,64169,61190,56504,66064,23810,75689,31976,04900,53865,68724,4829,3876,5459,3470,103,34,5daf1321b43f52ce,https://xoso.com.vn/xsmt-21-01-2024.html,OK
2024-01-22,Monday,HUE,141768,63739,43971,96687,45239,43566,87260,52024,11688,28680,18140,48780,9835,3304,7022,7116,687,92,046d0bdedf34243d,https://xoso.com.vn/xsmt-22-01-2024.html,OK
2024-01-28,Sunday,HUE,085111,01917,37211,51493,11336,65545,76126,82501,48441,05294,88845,84566,6453,8835,8488,2519,796,70,7e4fab1aa8bce40f,https://xoso.com.vn/xsmt-28-01-2024.html,OK
2024-01-29,Monday,HUE,651237,45302,00804,05581,69632,29816,14769,14100,22165,27379,11789,84398,4606,8443,5467,3221,122,63,80f469d564801acf,https://xoso.com.vn/xsmt-29-01-2024.html,OK
2024-02-04,Sunday,HUE,998266,40535,23003,79132,43788,57301,01628,06475,89464,72929,66394,03314,3003,3236,1848,4997,040,97,6181ba074dde1909,https://xoso.com.vn/xsmt-04-02-2024.html,OK
2024-02-05,Monday,HUE,691996,89282,57227,77192,66909,77180,69733,44417,22375,65888,83133,01569,8988,8362,2444,4714,712,41,74b8efa600c5b0f4,https://xoso.com.vn/xsmt-05-02-2024.html,OK
2024-02-11,Sunday,HUE,615244,19753,15286,26275,99259,10499,32002,66165,74819,75820,08156,07102,0071,1177,0465,6468,856,50,69b267d24ef0ad21,https://xoso.com.vn/xsmt-11-02-2024.html,OK
2024-02-12,Monday,HUE,496750,78865,48581,66309,12478,93888,66172,00748,30528,56418,07040,97579,6322,5234,2927,4245,367,81,a6630855a90d4844,https://xoso.com.vn/xsmt-12-02-2024.html,OK
2024-02-18,Sunday,HUE,595802,70109,43843,33731,46617,79916,65005,34182,86887,57331,32402,04054,2191,1190,4623,5051,989,16,804d59ee07a283f2,https://xoso.com.vn/xsmt-18-02-2024.html,OK
2024-02-19,Monday,HUE,672720,94149,53755,10627,65529,92273,59958,38512,07162,31345,50028,61058,2103,0573,0600,6416,782,79,cdf75914cc429d2f,https://xoso.com.vn/xsmt-19-02-2024.html,OK
2024-02-25,Sunday,HUE,276110,58167,52834,32391,23793,36051,60029,97365,08577,12078,80876,27702,2202,1583,9440,0479,591,47,c73aeedb183021d8,https://xoso.com.vn/xsmt-25-02-2024.html,OK
2024-02-26,Monday,HUE,415322,67090,07513,79177,80434,53894,43397,48164,89261,96273,63789,60489,1789,0862,9127,9664,449,12,4a475fc33105c393,https://xoso.com.vn/xsmt-26-02-2024.html,OK
2024-03-03,Sunday,HUE,634594,00400,60208,12539,15012,36146,86602,87012,57444,88707,12300,65044,1975,0483,9871,6147,237,82,1519b9cf3e536616,https://xoso.com.vn/xsmt-03-03-2024.html,OK
2024-03-04,Monday,HUE,851389,97969,50009,50161,59565,15888,37959,33596,74237,55660,13144,83344,6960,4896,7609,1155,139,06,6256b7d230d1dfb6,https://xoso.com.vn/xsmt-04-03-2024.html,OK
2024-03-10,Sunday,HUE,647917,48518,02308,66899,76360,29481,74327,98175,51911,80615,07673,13414,3601,3482,7781,1078,674,02,7da871f7840fb42b,https://xoso.com.vn/xsmt-10-03-2024.html,OK
2024-03-11,Monday,HUE,736956,64553,33683,32380,42055,08738,10935,53692,19185,83066,88629,27911,0519,7406,8027,3598,892,00,a29c22ba5ec8a95d,https://xoso.com.vn/xsmt-11-03-2024.html,OK
2024-03-17,Sunday,HUE,822130,58953,60119,74247,70076,83560,90540,88757,37302,94278,77736,21571,3199,6850,8665,9510,030,09,cd92effdb9491a9a,https://xoso.com.vn/xsmt-17-03-2024.html,OK
2024-03-18,Monday,HUE,899284,42671,70124,28424,71217,53272,33293,67934,85214,15654,87503,92426,1953,3398,0628,2083,851,30,082bcb3d82bbbe9f,https://xoso.com.vn/xsmt-18-03-2024.html,OK
2024-03-24,Sunday,HUE,549035,91219,82864,85196,43817,99615,02934,79675,08523,21757,70579,72803,7794,1278,7132,7148,390,26,5e2a983fa12c136c,https://xoso.com.vn/xsmt-24-03-2024.html,OK
2024-03-25,Monday,HUE,225438,73161,10518,65054,63724,59864,69624,04961,40591,74207,99531,37939,8077,5545,3082,5134,083,43,27fc943752ca7328,https://xoso.com.vn/xsmt-25-03-2024.html,OK
2024-03-31,Sunday,HUE,459200,34607,26055,20596,79670,78559,20921,04207,78697,40759,30153,22286,0385,5636,3905,9497,533,45,92bb98db8752a871,https://xoso.com.vn/xsmt-31-03-2024.html,OK
2024-04-01,Monday,HUE,168287,47579,82254,83862,98066,04715,05786,28160,56339,00256,75762,06473,0174,8770,3051,3111,284,49,17dc4099b50b2032,https://xoso.com.vn/xsmt-01-04-2024.html,OK
2024-04-07,Sunday,HUE,947853,13478,52237,59542,63860,60247,83437,22212,05469,37017,07327,70478,9123,0318,9799,9968,198,11,c85c5e93c1a2fc1a,https://xoso.com.vn/xsmt-07-04-2024.html,OK
2024-04-08,Monday,HUE,727772,87671,09657,98065,21526,78391,57151,75209,26176,16516,69565,48859,1827,0429,8704,6880,917,21,811ef656135606b1,https://xoso.com.vn/xsmt-08-04-2024.html,OK
2024-04-14,Sunday,HUE,706255,16039,71191,05102,02933,63776,58450,01777,07014,52623,91496,01875,7123,5009,2854,7895,503,34,b188d5772222d866,https://xoso.com.vn/xsmt-14-04-2024.html,OK
2024-04-15,Monday,HUE,208358,75688,51304,94213,58888,47148,79999,49213,22807,48046,93799,30152,7922,6946,6400,6351,292,13,d0c4f14e5e6fae0a,https://xoso.com.vn/xsmt-15-04-2024.html,OK
2024-04-21,Sunday,HUE,985186,54959,22887,81107,90065,57415,58741,58449,35031,45964,94550,72926,0839,9222,5074,0639,059,03,4c9a60c7525406e8,https://xoso.com.vn/xsmt-21-04-2024.html,OK
2024-04-22,Monday,HUE,421244,74319,43752,96845,91923,34882,55876,29781,82609,02752,92182,25217,4909,1729,6476,0428,517,57,97a2619b59bb3683,https://xoso.com.vn/xsmt-22-04-2024.html,OK
2024-04-28,Sunday,HUE,645478,90731,98934,41302,17205,85199,32981,07262,27351,66376,57914,43806,5510,3379,6745,1788,367,99,bd47a6537de48d10,https://xoso.com.vn/xsmt-28-04-2024.html,OK
2024-04-29,Monday,HUE,983217,00306,02619,58607,68578,87122,44417,27555,37153,95896,74588,17115,0003,3109,6649,3232,833,03,2fcab35b2c652b94,https://xoso.com.vn/xsmt-29-04-2024.html,OK
2024-05-05,Sunday,HUE,942752,81306,67574,29451,20215,04149,71021,60761,79639,27052,43770,85010,2768,2328,3434,2479,464,03,405419016a2640c9,https://xoso.com.vn/xsmt-05-05-2024.html,OK
2024-05-06,Monday,HUE,643466,34087,94928,52964,82007,16852,86399,63155,63208,71169,65552,80855,2105,7586,2026,7012,276,99,60e0ae1f0fa3a64a,https://xoso.com.vn/xsmt-06-05-2024.html,OK
2024-05-12,Sunday,HUE,643774,31072,36444,15218,85265,95372,93800,49646,75312,23986,16313,08074,1009,3517,2598,9571,500,80,067a12a514c26faf,https://xoso.com.vn/xsmt-12-05-2024.html,OK
2024-05-13,Monday,HUE,941762,84587,87666,39837,47361,98980,81357,70272,88941,42974,56165,31277,7379,4297,4184,8988,407,55,9456ef730bd0c9df,https://xoso.com.vn/xsmt-13-05-2024.html,OK
2024-05-19,Sunday,HUE,979256,85188,99655,93142,44156,43607,69026,64172,40506,65931,77720,00746,6295,8325,7038,7818,065,45,db6bafee23e2dc87,https://xoso.com.vn/xsmt-19-05-2024.html,OK
2024-05-20,Monday,HUE,054991,65869,94924,07107,87710,53544,85692,72355,98587,70963,64750,71274,7389,3013,4086,4063,752,70,c64cb5d0540a02e0,https://xoso.com.vn/xsmt-20-05-2024.html,OK
2024-05-26,Sunday,HUE,306035,88351,99145,16117,01829,11583,87566,76870,30662,53813,12241,67032,0956,1484,7258,6490,157,57,a0465b05295b647c,https://xoso.com.vn/xsmt-26-05-2024.html,OK
2024-05-27,Monday,HUE,709514,81650,56265,22245,46451,28384,96240,70844,33107,31976,97097,58841,7265,4588,3163,5918,782,67,c617ceed0efcbb4b,https://xoso.com.vn/xsmt-27-05-2024.html,OK
2024-06-02,Sunday,HUE,356024,85768,04812,82225,54440,00848,52355,64931,06979,65851,52336,06426,4437,2660,2462,4712,500,75,7b90ce2f31cc3bdd,https://xoso.com.vn/xsmt-02-06-2024.html,OK
2024-06-03,Monday,HUE,649207,90677,01202,39881,92851,41331,74787,86423,56834,98585,10765,05755,0589,9640,4445,1649,060,98,4be4ec13fa0da0e6,https://xoso.com.vn/xsmt-03-06-2024.html,OK
2024-06-09,Sunday,HUE,831147,46362,79776,16146,74631,45378,49024,56169,77816,37384,81754,84948,3049,5174,4831,7900,601,80,32b04125da62d2a4,https://xoso.com.vn/xsmt-09-06-2024.html,OK
2024-06-10,Monday,HUE,461491,18803,03817,68183,98232,15063,16843,29030,02831,52710,36697,88189,6686,7409,8934,3923,114,40,71211e7409556f4e,https://xoso.com.vn/xsmt-10-06-2024.html,OK
2024-06-16,Sunday,HUE,756893,70700,01575,57410,75164,53723,42624,67789,22819,41297,11693,14027,8687,7291,9110,4347,913,65,d2afd6167ff35631,https://xoso.com.vn/xsmt-16-06-2024.html,OK
2024-06-17,Monday,HUE,208827,88849,01208,85797,94559,39019,23255,94294,90867,33123,64482,36597,4272,7116,3647,1460,928,32,e7945a49e1867a0b,https://xoso.com.vn/xsmt-17-06-2024.html,OK
2024-06-23,Sunday,HUE,670765,81206,24257,67768,76144,90344,26598,87213,50591,17020,50922,43025,7066,6005,3771,8104,615,97,05b84e287d791b09,https://xoso.com.vn/xsmt-23-06-2024.html,OK
2024-06-24,Monday,HUE,442394,17380,33681,75836,73803,52905,98639,96674,53911,33094,20402,84154,7000,6037,1930,8620,665,04,30b34f678c3f72e6,https://xoso.com.vn/xsmt-24-06-2024.html,OK
2024-06-30,Sunday,HUE,679901,89490,95701,29501,62083,01960,56237,89585,58300,46813,84751,03903,9140,4663,6341,8130,793,49,97aa450c63e00fc7,https://xoso.com.vn/xsmt-30-06-2024.html,OK
2024-07-01,Monday,HUE,459623,13262,77016,65787,28256,89888,49599,10534,28082,09494,21404,97610,6078,8007,5668,8187,375,19,1a6d8dd4f8182611,https://xoso.com.vn/xsmt-01-07-2024.html,OK
2024-07-07,Sunday,HUE,188588,67759,69394,90278,79977,14272,58169,44394,72203,77500,35739,66045,4969,4062,4681,7162,116,65,f2d7eee41403e786,https://xoso.com.vn/xsmt-07-07-2024.html,OK
2024-07-08,Monday,HUE,778965,10538,77483,21643,19676,25500,11582,09826,77595,62097,37125,47805,7128,3558,7980,0854,714,11,fb66ed7399724d73,https://xoso.com.vn/xsmt-08-07-2024.html,OK
2024-07-14,Sunday,HUE,726892,39854,18918,11131,61001,49969,02736,03861,82203,96183,63893,20075,9251,7234,7432,7916,602,08,111c454f1325b879,https://xoso.com.vn/xsmt-14-07-2024.html,OK
2024-07-15,Monday,HUE,979599,89510,75739,87857,34155,61296,15621,95607,02778,05610,70958,54997,8638,8920,0048,4221,523,21,87a05faf8f221c4a,https://xoso.com.vn/xsmt-15-07-2024.html,OK
2024-07-21,Sunday,HUE,031897,42203,57825,22501,58654,85704,86566,07882,71179,89298,87018,41895,2657,7224,4469,4986,279,42,dd99032a70facce1,https://xoso.com.vn/xsmt-21-07-2024.html,OK
2024-07-22,Monday,HUE,651413,05382,89767,14783,28095,81402,40434,63751,44290,65546,90913,33937,6258,5645,1106,2185,927,39,02e4bb9dee7790e6,https://xoso.com.vn/xsmt-22-07-2024.html,OK
2024-07-28,Sunday,HUE,842821,71557,56757,12875,63098,81871,43261,43335,49439,05856,94144,70063,9157,0275,5113,8931,936,48,6fdd63e7d4c83162,https://xoso.com.vn/xsmt-28-07-2024.html,OK
2024-07-29,Monday,HUE,118741,27507,52006,74375,00320,03654,93252,69764,31617,02092,27692,33822,7538,6820,2265,3963,358,73,8425154bd69dd6b3,https://xoso.com.vn/xsmt-29-07-2024.html,OK
2024-08-04,Sunday,HUE,200674,52044,45187,03038,71290,20863,33963,12977,97096,77926,53401,82857,6277,7929,6957,8412,412,89,c6a1451cce10b007,https://xoso.com.vn/xsmt-04-08-2024.html,OK
2024-08-05,Monday,HUE,751830,41902,06167,97361,62123,38529,57927,93622,34392,66279,18877,78991,4450,4544,8236,4782,333,04,94ada76e6da29e47,https://xoso.com.vn/xsmt-05-08-2024.html,OK
2024-08-11,Sunday,HUE,830265,47839,71421,08280,08886,92768,33344,62187,05344,34869,77371,10557,5737,6105,8012,3361,089,45,ce356412e35210a2,https://xoso.com.vn/xsmt-11-08-2024.html,OK
2024-08-12,Monday,HUE,741432,63255,36028,19648,87946,97194,26306,80805,08411,82503,68147,99426,9224,2826,3721,6362,924,24,9522f6f8a6896112,https://xoso.com.vn/xsmt-12-08-2024.html,OK
2024-08-18,Sunday,HUE,480833,26523,72767,02914,54157,23386,95388,33663,11799,22177,79527,12173,9182,8995,7809,0900,081,37,dfa7d59a1969aa9c,https://xoso.com.vn/xsmt-18-08-2024.html,OK
2024-08-19,Monday,HUE,732013,49780,92372,87891,15453,89324,98835,13657,29494,91296,04535,65644,6488,5422,2173,7821,209,43,a8acce07a7523a4f,https://xoso.com.vn/xsmt-19-08-2024.html,OK
2024-08-25,Sunday,HUE,072479,72648,06292,00756,78079,87770,89890,28772,38938,64514,85137,62802,0244,1133,2578,5314,584,82,501d5425865f1d8d,https://xoso.com.vn/xsmt-25-08-2024.html,OK
2024-08-26,Monday,HUE,015561,23211,91197,12498,61630,78846,51018,72817,22129,73189,38531,36145,3210,2839,3073,0133,737,97,ef6f2ef7e86544ae,https://xoso.com.vn/xsmt-26-08-2024.html,OK
2024-09-01,Sunday,HUE,928354,52664,00249,25679,08537,47195,75211,10524,36865,36699,86543,85200,9219,7297,5625,3102,803,66,c98c25877c2d3077,https://xoso.com.vn/xsmt-01-09-2024.html,OK
2024-09-02,Monday,HUE,735605,03626,21058,55264,08851,98339,31569,77016,53146,06749,87323,55097,3035,8037,3473,1528,719,38,159de5db11674198,https://xoso.com.vn/xsmt-02-09-2024.html,OK
2024-09-08,Sunday,HUE,332069,25612,26241,00441,02636,79217,88752,01128,38198,79860,24851,56426,3186,7695,2437,4842,487,34,23123013e8f95a89,https://xoso.com.vn/xsmt-08-09-2024.html,OK
2024-09-09,Monday,HUE,391389,63275,48221,59512,27525,80571,13215,35642,20651,09597,53118,55339,8797,5291,8216,0698,647,49,243e42bfed3f37aa,https://xoso.com.vn/xsmt-09-09-2024.html,OK
2024-09-15,Sunday,HUE,942153,05977,11544,58380,46578,81527,55218,90502,82025,01898,42935,12849,5563,7977,7652,1968,388,42,c527d400d2015168,https://xoso.com.vn/xsmt-15-09-2024.html,OK
2024-09-16,Monday,HUE,393278,59469,47680,86179,51225,20317,95677,67422,52177,11834,50258,11163,8666,9654,9029,2008,823,10,3f0cefcada87b1c1,https://xoso.com.vn/xsmt-16-09-2024.html,OK
2024-09-22,Sunday,HUE,448925,52230,03386,55585,01945,10473,11059,35644,18299,74261,45936,03714,4992,4134,5022,3424,992,36,420a32122e842f9b,https://xoso.com.vn/xsmt-22-09-2024.html,OK
2024-09-23,Monday,HUE,813119,59659,60956,56052,43217,29971,66273,72144,18699,54746,34067,03591,1928,6420,7197,0930,862,16,bf8e55b74e399ecd,https://xoso.com.vn/xsmt-23-09-2024.html,OK
2024-09-29,Sunday,HUE,509044,26811,68615,54536,29142,74984,08230,24714,31810,39732,43585,58586,7532,6531,8349,1469,054,15,b0fc7c4a2d99d55f,https://xoso.com.vn/xsmt-29-09-2024.html,OK
2024-09-30,Monday,HUE,474746,71651,49530,25784,20747,81930,90853,31042,69971,55405,93322,00696,7300,7376,7709,9555,044,71,d3de81adaba02450,https://xoso.com.vn/xsmt-30-09-2024.html,OK
2024-10-06,Sunday,HUE,025694,82964,90088,58887,83127,39007,96164,21502,09813,41699,12633,83664,4711,7816,0862,0723,741,13,65cc29307e2dd3d4,https://xoso.com.vn/xsmt-06-10-2024.html,OK
2024-10-07,Monday,HUE,021412,07317,59063,90757,49957,98278,44763,91287,46520,34496,24238,15952,7624,5777,4116,1087,207,01,1ee495bad93db635,https://xoso.com.vn/xsmt-07-10-2024.html,OK
2024-10-13,Sunday,HUE,491090,30352,13577,93246,47775,17967,14680,11757,78499,56034,47474,69080,6395,7637,4491,3409,651,56,dc5d72b71fc8f655,https://xoso.com.vn/xsmt-13-10-2024.html,OK
2024-10-14,Monday,HUE,386552,97595,80048,94734,32999,74464,03611,20031,88447,98461,48671,24039,8476,0262,4629,7874,665,76,8ba5b918f216523c,https://xoso.com.vn/xsmt-14-10-2024.html,OK
2024-10-20,Sunday,HUE,026275,78445,97714,69230,37993,92585,53616,74084,10705,35409,72719,37554,5214,6356,9186,8351,264,79,e4de0e766225c6a0,https://xoso.com.vn/xsmt-20-10-2024.html,OK
2024-10-21,Monday,HUE,855967,52148,72269,07865,14275,95676,51374,24684,77943,92506,50915,84094,0638,0654,6295,1610,638,54,95f68c3815274c49,https://xoso.com.vn/xsmt-21-10-2024.html,OK
2024-10-27,Sunday,HUE,271494,55824,83534,42691,28062,01155,70690,48963,25475,05867,05302,78108,9257,1866,0738,3086,336,03,bf69b05e3e9aae98,https://xoso.com.vn/xsmt-27-10-2024.html,OK
2024-10-28,Monday,HUE,685419,32958,34961,60159,25073,53962,95449,93361,49171,12435,54740,59178,8368,3858,5784,8741,951,70,976ddc9c52204c60,https://xoso.com.vn/xsmt-28-10-2024.html,OK
2024-11-03,Sunday,HUE,083283,60656,64651,12407,42000,82276,91331,83994,99495,03708,25286,38961,3011,1782,6657,6876,229,61,7eb40b2fa5d1c7b5,https://xoso.com.vn/xsmt-03-11-2024.html,OK
2024-11-04,Monday,HUE,379343,31564,34140,22708,59457,49537,78864,28006,45375,79467,98692,78126,3226,6257,7113,9260,024,68,09c8284f7c869f89,https://xoso.com.vn/xsmt-04-11-2024.html,OK
2024-11-10,Sunday,HUE,246747,32757,58383,41451,15528,28237,67705,02821,49989,61187,52047,65777,8062,4420,8135,3610,361,82,29e67f5a84089d77,https://xoso.com.vn/xsmt-10-11-2024.html,OK
2024-11-11,Monday,HUE,025976,02750,10165,26045,29266,10243,90377,90826,14010,10441,14104,38094,3872,1460,8804,6731,276,25,9d487ecd9af115ed,https://xoso.com.vn/xsmt-11-11-2024.html,OK
2024-11-17,Sunday,HUE,937159,63365,67722,90912,48678,11871,40832,56446,72954,47361,75078,77079,7333,3311,5611,6037,582,39,cb7a48bd1f9c2da0,https://xoso.com.vn/xsmt-17-11-2024.html,OK
2024-11-18,Monday,HUE,833715,76473,33197,07127,59553,83960,35376,08410,33247,52737,02820,11050,6800,3972,3925,1364,034,78,4e80d58eae33c153,https://xoso.com.vn/xsmt-18-11-2024.html,OK
2024-11-24,Sunday,HUE,369412,22749,41687,13060,70169,88199,30235,72704,28500,87869,62675,97399,2495,0888,3347,9744,040,13,0c1df1a2c4961e75,https://xoso.com.vn/xsmt-24-11-2024.html,OK
2024-11-25,Monday,HUE,312662,11652,74443,54583,03210,14726,32995,35235,73561,74031,92898,39640,9129,9158,9116,9486,645,77,b81416dd32ab5b29,https://xoso.com.vn/xsmt-25-11-2024.html,OK
2024-12-01,Sunday,HUE,963226,08230,27550,63468,30008,41093,46051,57371,45199,43940,88133,11120,4456,7567,4195,7059,467,58,915b5f1711a5c997,https://xoso.com.vn/xsmt-01-12-2024.html,OK
2024-12-02,Monday,HUE,229734,78830,23438,54445,16198,13934,54623,88999,87177,91871,98477,53088,4129,0218,6359,8404,050,51,8b3600e9b5a4db52,https://xoso.com.vn/xsmt-02-12-2024.html,OK
2024-12-08,Sunday,HUE,519652,91867,72077,38736,63890,26946,78413,70804,51314,14794,15889,46687,4674,4190,0997,5023,979,27,3622ef969667412f,https://xoso.com.vn/xsmt-08-12-2024.html,OK
2024-12-09,Monday,HUE,934314,40112,25879,43806,80918,34767,45175,60838,43252,72982,85331,89477,4204,8102,2605,0839,830,89,39a5f0b4c66e55ac,https://xoso.com.vn/xsmt-09-12-2024.html,OK
2024-12-15,Sunday,HUE,203545,51779,35583,22605,26787,48897,12777,66904,21788,04182,55389,35946,9276,9866,5919,3916,460,97,2474c9f39751446b,https://xoso.com.vn/xsmt-15-12-2024.html,OK
2024-12-16,Monday,HUE,630159,14816,96263,17504,55331,50446,73372,51048,05654,66166,83906,44070,7171,9522,6182,3763,472,07,3627f6efddbc5610,https://xoso.com.vn/xsmt-16-12-2024.html,OK
2024-12-22,Sunday,HUE,555895,69699,62477,56253,15612,28913,11930,35252,00104,52875,18277,36158,8925,9024,7780,6241,686,37,04d49258ef6fca16,https://xoso.com.vn/xsmt-22-12-2024.html,OK
2024-12-23,Monday,HUE,690327,30462,47325,03426,87058,29184,85441,57848,70227,18411,17486,09196,1058,0631,5716,3796,228,91,6ec0b80c05127504,https://xoso.com.vn/xsmt-23-12-2024.html,OK
2024-12-29,Sunday,HUE,946740,68713,39965,01135,86515,24988,63894,53946,80396,16793,65544,14719,6745,6332,8571,5221,756,81,e7f4422df933cfd6,https://xoso.com.vn/xsmt-29-12-2024.html,OK
2024-12-30,Monday,HUE,517415,28218,08441,58275,02706,43460,37037,02636,17785,28369,32732,07081,0141,3607,8119,5120,640,28,ef0a983e09d3e686,https://xoso.com.vn/xsmt-30-12-2024.html,OK
2025-01-05,Sunday,HUE,225784,05047,90077,40580,21616,69628,82188,84460,29461,50914,00942,55931,7988,0760,6320,4642,123,69,a6ff453810f09259,https://xoso.com.vn/xsmt-05-01-2025.html,OK
2025-01-06,Monday,HUE,106637,95359,67708,95055,31194,22022,84058,93198,31061,84311,88675,56992,8865,7024,3367,5111,412,80,cd3190fa921cc0a7,https://xoso.com.vn/xsmt-06-01-2025.html,OK
2025-01-12,Sunday,HUE,584284,28672,46089,34611,72693,77888,37519,20733,13453,14609,63531,89117,4958,6484,2487,5126,294,49,f4ab094c33e329d5,https://xoso.com.vn/xsmt-12-01-2025.html,OK
2025-01-13,Monday,HUE,275979,60273,84889,56291,04987,51260,27402,42265,32292,61014,94901,54457,7058,2294,9378,2919,562,58,fff3002829a30ba0,https://xoso.com.vn/xsmt-13-01-2025.html,OK
2025-01-19,Sunday,HUE,391966,14093,35583,43968,59891,14622,60729,66278,51597,17453,37138,15109,3956,5120,4995,7978,372,74,baaf445d349cc0fd,https://xoso.com.vn/xsmt-19-01-2025.html,OK
2025-01-20,Monday,HUE,272717,14628,34186,35079,52408,99210,62590,15756,14476,85419,27732,08950,4856,9385,3048,2056,924,51,cfb0ca613abe3ec8,https://xoso.com.vn/xsmt-20-01-2025.html,OK
2025-01-26,Sunday,HUE,915305,29928,22677,12870,76114,39158,47830,12738,34912,90308,95653,03643,0577,3033,8847,1923,879,91,f38c6a686b1bd8a4,https://xoso.com.vn/xsmt-26-01-2025.html,OK
2025-01-27,Monday,HUE,868317,24457,72285,54759,33356,95123,59743,87426,94238,36640,23025,70964,3803,4435,4464,6736,738,90,fa5dc1cb45e86d26,https://xoso.com.vn/xsmt-27-01-2025.html,OK
2025-02-02,Sunday,HUE,719970,06149,22994,64715,44884,33515,71928,47263,43265,07711,62631,85622,4371,5235,9042,3346,413,14,319438dcabdc4940,https://xoso.com.vn/xsmt-02-02-2025.html,OK
2025-02-03,Monday,HUE,126808,07691,19351,46165,14310,00849,80482,32490,46720,99198,96829,56262,2668,0863,1176,5418,609,63,c47ba1d495e4933e,https://xoso.com.vn/xsmt-03-02-2025.html,OK
2025-02-09,Sunday,HUE,965636,72055,63355,37096,11487,52248,81843,12204,38552,29964,53249,56518,6202,9043,5020,3484,117,16,685fc594c8c70d2f,https://xoso.com.vn/xsmt-09-02-2025.html,OK
2025-02-10,Monday,HUE,578142,57819,16982,84326,22245,25137,93368,12500,15125,32696,52049,56595,9328,8651,2323,9194,952,39,4769cb9d0740100b,https://xoso.com.vn/xsmt-10-02-2025.html,OK
2025-02-16,Sunday,HUE,265759,77287,29453,76681,27458,58506,99998,07120,77102,71174,73170,85812,9809,2312,2702,3559,368,70,0bbbd00d696f683f,https://xoso.com.vn/xsmt-16-02-2025.html,OK
2025-02-17,Monday,HUE,072853,56737,82982,48433,47403,88234,33703,46231,42201,55970,03837,37643,2576,1862,9044,0706,269,13,14d891382e00ea3c,https://xoso.com.vn/xsmt-17-02-2025.html,OK
2025-02-23,Sunday,HUE,913272,55323,79682,26337,83030,76469,62290,75241,90380,23168,51109,34942,3474,3641,5731,9571,934,34,4dd4524873deb5da,https://xoso.com.vn/xsmt-23-02-2025.html,OK
2025-02-24,Monday,HUE,907297,73401,77440,95296,24175,20573,74823,04569,30668,12440,27156,88776,0757,3695,0564,3728,720,45,fc2893b7584032a7,https://xoso.com.vn/xsmt-24-02-2025.html,OK
2025-03-02,Sunday,HUE,621541,07479,95608,70340,68229,57624,55972,09453,00527,29745,31629,88604,5313,7998,1522,2944,508,09,704e079277d86253,https://xoso.com.vn/xsmt-02-03-2025.html,OK
2025-03-03,Monday,HUE,614419,41847,62766,98175,54318,57486,02612,31197,97546,49897,17728,80733,7753,6985,0292,8113,274,88,046909a7e216794d,https://xoso.com.vn/xsmt-03-03-2025.html,OK
2025-03-09,Sunday,HUE,477216,03745,55744,31740,65100,05705,43597,85901,98421,98208,70568,33412,1803,4559,7099,8161,350,73,43102606b11b6a35,https://xoso.com.vn/xsmt-09-03-2025.html,OK
2025-03-10,Monday,HUE,008663,66707,72709,53577,13298,97536,47244,84130,84138,27169,43640,49911,3922,5104,5406,0769,327,66,51f2ef6a9b4143e9,https://xoso.com.vn/xsmt-10-03-2025.html,OK
2025-03-16,Sunday,HUE,689946,79366,76912,70611,27298,66021,14147,81078,10432,31854,41278,38577,5261,4894,5200,5251,938,34,b49735b6a216fd74,https://xoso.com.vn/xsmt-16-03-2025.html,OK
2025-03-17,Monday,HUE,204437,49726,94593,32220,07573,53884,29500,81121,79201,21822,13830,05227,5332,9009,8295,4991,557,53,722148fd60e4aaf1,https://xoso.com.vn/xsmt-17-03-2025.html,OK
2025-03-23,Sunday,HUE,491338,35856,67725,17196,10168,05140,14555,69922,47558,74611,09690,63833,7762,6786,6930,4687,130,67,de124f14b30614d4,https://xoso.com.vn/xsmt-23-03-2025.html,OK
2025-03-24,Monday,HUE,049708,07056,44624,64034,87491,09255,03987,03697,88103,20877,08893,51497,3197,1147,2657,9857,750,03,05547a31d96261cd,https://xoso.com.vn/xsmt-24-03-2025.html,OK
2025-03-30,Sunday,HUE,858266,13323,88126,90161,75517,34183,58741,88549,32485,76032,44143,20724,4677,3176,4050,7510,851,17,85c16e12a4fdb983,https://xoso.com.vn/xsmt-30-03-2025.html,OK
2025-03-31,Monday,HUE,759609,57239,53337,49996,97485,78809,68858,35189,54809,39132,79523,46279,5596,7009,1439,6418,401,03,31a6a864f8fb5e5b,https://xoso.com.vn/xsmt-31-03-2025.html,OK
2025-04-06,Sunday,HUE,507136,00389,59960,48063,00484,61121,76365,85578,53515,94512,64352,54352,8009,5833,1219,2967,755,33,7bd06b81d2e08a01,https://xoso.com.vn/xsmt-06-04-2025.html,OK
2025-04-07,Monday,HUE,822458,28254,78009,67374,10863,22496,50813,33278,77835,73829,95415,42736,4631,5786,3044,4111,735,91,14b85067b455e26c,https://xoso.com.vn/xsmt-07-04-2025.html,OK
2025-04-13,Sunday,HUE,505605,27742,50696,43927,27180,32982,10030,73511,05757,08840,88444,69669,3338,2618,9924,2846,433,07,5002f9b6bb1c8cf1,https://xoso.com.vn/xsmt-13-04-2025.html,OK
2025-04-14,Monday,HUE,200690,47527,04995,54773,97231,65578,29924,36630,99754,40506,17378,39485,7178,3668,9835,4103,318,49,8728356f60e9c45e,https://xoso.com.vn/xsmt-14-04-2025.html,OK
2025-04-20,Sunday,HUE,597035,22978,46540,67076,10625,31775,22065,89119,45127,64199,61893,41679,0080,7115,6239,2458,367,61,814b3ddacbc93481,https://xoso.com.vn/xsmt-20-04-2025.html,OK
2025-04-21,Monday,HUE,581392,37290,31993,31176,32349,87012,95576,02650,21270,91461,78647,61824,9069,3747,4532,8510,923,87,4c0ba23684ecb65e,https://xoso.com.vn/xsmt-21-04-2025.html,OK
2025-04-27,Sunday,HUE,259591,46889,92931,99560,75790,16564,52027,71913,45718,48278,35343,16282,5278,9938,3718,1083,382,52,e11e3dc1254eef80,https://xoso.com.vn/xsmt-27-04-2025.html,OK
2025-04-28,Monday,HUE,996601,95468,74914,60371,44718,61634,18518,63257,85498,76465,85582,77903,7690,8351,6380,1029,887,23,b360ab4ac4e201d9,https://xoso.com.vn/xsmt-28-04-2025.html,OK
2025-05-04,Sunday,HUE,628457,20733,01288,77076,84923,03242,09431,88099,31284,10326,16753,54156,6232,7482,7135,8429,717,90,fc4c0020884c0a20,https://xoso.com.vn/xsmt-04-05-2025.html,OK
2025-05-05,Monday,HUE,989107,83303,08301,60715,11143,21170,71364,24388,54972,16684,77293,77639,0212,4397,2491,1054,080,04,cb5407f9df1cb92a,https://xoso.com.vn/xsmt-05-05-2025.html,OK
2025-05-11,Sunday,HUE,765443,22306,98638,95614,02816,79898,57420,16646,70461,66151,86770,63626,8189,8815,7705,3482,992,15,28a4caa3d5488ca4,https://xoso.com.vn/xsmt-11-05-2025.html,OK
2025-05-12,Monday,HUE,124695,21516,25960,33672,93440,01670,16036,94103,00100,84554,94668,46096,5463,6588,3640,3776,809,59,4043f083f5d00ce3,https://xoso.com.vn/xsmt-12-05-2025.html,OK
2025-05-18,Sunday,HUE,472311,14167,60754,33784,77482,34911,69132,75999,45637,02006,13281,99217,1555,2227,8741,5075,200,86,a2ca11bc4da7e4d1,https://xoso.com.vn/xsmt-18-05-2025.html,OK
2025-05-19,Monday,HUE,430774,30594,12617,50165,01421,24400,22507,91111,92046,19569,00823,90284,9149,1384,0580,9400,662,96,c92083a37d06feb8,https://xoso.com.vn/xsmt-19-05-2025.html,OK
2025-05-25,Sunday,HUE,894504,21272,92147,71705,21689,01069,21721,37767,93560,54589,72908,09737,2045,3953,7007,1638,974,68,b00fe0a4064891df,https://xoso.com.vn/xsmt-25-05-2025.html,OK
2025-05-26,Monday,HUE,626565,32893,31559,39771,81270,04148,38282,75693,73639,00395,52583,15710,6670,5239,2462,2039,722,06,f04fa88fc277090c,https://xoso.com.vn/xsmt-26-05-2025.html,OK
2025-06-01,Sunday,HUE,578817,56882,60819,75158,14420,27176,62815,29327,83887,77824,60726,65153,4029,9351,4796,1364,784,64,2e27dbbee310b71f,https://xoso.com.vn/xsmt-01-06-2025.html,OK
2025-06-02,Monday,HUE,065234,16103,84424,71012,69733,16726,75375,32729,72070,23244,58782,64235,1826,8182,9565,0925,203,79,deec4d4ac5a2f8ec,https://xoso.com.vn/xsmt-02-06-2025.html,OK
2025-06-08,Sunday,HUE,045477,40980,17677,10689,30019,66078,98482,98607,02678,57057,17904,54634,0152,4963,1474,9143,827,89,ecca02360f72729c,https://xoso.com.vn/xsmt-08-06-2025.html,OK
2025-06-09,Monday,HUE,233809,02788,16825,55052,11243,17460,32416,67177,02727,12527,30283,52014,8666,6352,0063,3533,549,39,277a55a268cf3365,https://xoso.com.vn/xsmt-09-06-2025.html,OK
2025-06-15,Sunday,HUE,901692,79326,30729,92516,56438,70469,45975,19048,16724,00388,34368,57783,1755,2151,9746,3915,659,21,f68d8741fc7d0809,https://xoso.com.vn/xsmt-15-06-2025.html,OK
2025-06-16,Monday,HUE,498200,87798,03545,48238,52196,06291,37381,71594,36256,60861,19950,54607,1319,5530,8360,3919,996,05,3be23bcb0566f6a5,https://xoso.com.vn/xsmt-16-06-2025.html,OK
2025-06-22,Sunday,HUE,057334,59195,26332,36417,65881,45451,15181,31567,75556,25747,93142,60895,7499,6688,7476,9838,158,06,d4d32c7a36971530,https://xoso.com.vn/xsmt-22-06-2025.html,OK
2025-06-23,Monday,HUE,830050,82851,83184,83562,51894,11534,03723,94260,54549,11511,18719,08119,6905,7522,9620,1239,930,93,a283162c2770faea,https://xoso.com.vn/xsmt-23-06-2025.html,OK
2025-06-29,Sunday,HUE,967656,51019,78837,90521,28938,92456,15356,24807,92909,91559,58094,62500,6237,6069,4234,9299,894,52,44d365985af1c335,https://xoso.com.vn/xsmt-29-06-2025.html,OK
2025-06-30,Monday,HUE,706843,28496,54982,58623,33877,53604,90811,05894,36530,21521,00700,08363,7347,7931,9198,0475,645,54,9b19e56cbcfa99bc,https://xoso.com.vn/xsmt-30-06-2025.html,OK
2025-07-06,Sunday,HUE,166774,58543,28244,50056,20400,73752,20074,31393,15110,37515,86216,10782,5523,8085,0136,6840,929,52,e164e4f0e2a273d7,https://xoso.com.vn/xsmt-06-07-2025.html,OK
2025-07-07,Monday,HUE,790067,63543,86822,94896,17411,48044,53713,08513,72298,44598,59906,27865,8688,6172,9615,0769,392,17,012140e8c2592d45,https://xoso.com.vn/xsmt-07-07-2025.html,OK
2025-07-13,Sunday,HUE,849115,40067,11766,18528,75577,14911,52208,23357,10865,46675,96525,27199,5031,8619,9136,5245,291,57,a94ea8343348dad6,https://xoso.com.vn/xsmt-13-07-2025.html,OK
2025-07-14,Monday,HUE,348526,35529,02718,54553,41705,35343,67166,71144,29909,88774,99190,59601,2882,4772,5719,1482,547,07,0c0db4b807ea6e94,https://xoso.com.vn/xsmt-14-07-2025.html,OK
2025-07-20,Sunday,HUE,317886,81789,54069,99038,25860,98602,19031,86875,68054,08525,44280,12123,5156,6595,4634,3068,917,76,cf64e5ef585b90f6,https://xoso.com.vn/xsmt-20-07-2025.html,OK
2025-07-21,Monday,HUE,212972,73730,20647,19164,44033,40024,43364,01818,52135,16776,69778,45638,3508,9093,6492,9899,145,17,61b23ba97719c14d,https://xoso.com.vn/xsmt-21-07-2025.html,OK
2025-07-27,Sunday,HUE,384923,95264,34152,06387,06780,44769,76334,79699,09023,52828,51307,03212,4274,6604,5578,4351,047,13,8d1ea9f464408e59,https://xoso.com.vn/xsmt-27-07-2025.html,OK
2025-07-28,Monday,HUE,996682,16676,44999,48248,84111,03114,26106,86915,68717,09883,17862,70654,1980,1683,1136,9097,437,54,b54a6631a29f2838,https://xoso.com.vn/xsmt-28-07-2025.html,OK
2025-08-03,Sunday,HUE,337361,01970,27740,71505,73752,09467,36808,46502,54698,48109,86230,08779,7301,7149,1457,3484,295,30,d7ffb648aa559661,https://xoso.com.vn/xsmt-03-08-2025.html,OK
2025-08-04,Monday,HUE,805287,67524,74892,62267,21924,50602,19259,08700,90860,26861,18123,59110,5787,0854,1943,9284,148,37,d5c72f2eb4de9bd2,https://xoso.com.vn/xsmt-04-08-2025.html,OK
2025-08-10,Sunday,HUE,601376,55302,23924,26490,90110,32850,50219,74768,33185,10076,37473,60029,8740,3616,0025,1756,530,75,6c20e72c4033a803,https://xoso.com.vn/xsmt-10-08-2025.html,OK
2025-08-11,Monday,HUE,857798,42288,30227,36309,48728,06335,39604,81298,76680,93187,51127,07800,1770,5927,3206,3488,521,91,07704d571137e70e,https://xoso.com.vn/xsmt-11-08-2025.html,OK
2025-08-17,Sunday,HUE,215741,33765,90015,04511,68516,07994,67050,14347,02266,42645,24277,57263,6500,2804,2893,5162,705,23,b1f15f27d44109aa,https://xoso.com.vn/xsmt-17-08-2025.html,OK
2025-08-18,Monday,HUE,759442,84642,87784,74420,92593,27735,03477,00516,65064,08203,75946,04995,9988,9699,5609,5009,432,60,479f6115af844328,https://xoso.com.vn/xsmt-18-08-2025.html,OK
2025-08-24,Sunday,HUE,449269,85141,54647,06412,14457,87074,78713,63905,82954,61256,68727,45085,3251,3798,6255,8835,841,35,4d8b7b0abce65403,https://xoso.com.vn/xsmt-24-08-2025.html,OK
2025-08-25,Monday,HUE,686013,73875,43775,90436,56324,16705,73387,88775,35613,43056,55643,77236,1495,6317,8510,3451,313,07,ca3071d61fe915be,https://xoso.com.vn/xsmt-25-08-2025.html,OK
2025-08-31,Sunday,HUE,711687,66825,56509,79884,13487,37076,17296,67633,03008,54161,08115,16349,9120,9555,0408,6608,168,33,18bbb2fd2b8f0b5b,https://xoso.com.vn/xsmt-31-08-2025.html,OK
2025-09-01,Monday,HUE,761937,03057,06407,87200,96857,69151,33582,79829,41175,38588,31641,24060,8943,9701,7089,5231,168,70,5216a9e11257b967,https://xoso.com.vn/xsmt-01-09-2025.html,OK
2025-09-07,Sunday,HUE,961086,19534,96742,47823,35671,17166,32934,16316,72712,12690,45516,13640,9012,6995,0606,4276,452,80,2550415dd1d51054,https://xoso.com.vn/xsmt-07-09-2025.html,OK
2025-09-08,Monday,HUE,874654,89156,09426,45837,18774,27740,89306,31118,56655,09164,88438,42027,0687,2288,4438,9078,606,38,764b9065b7eba6d7,https://xoso.com.vn/xsmt-08-09-2025.html,OK
2025-09-14,Sunday,HUE,900670,75309,43020,71502,30413,28930,57320,37397,12182,27580,98963,16160,6105,5657,8612,9998,431,24,be7d1dd7f40c31f2,https://xoso.com.vn/xsmt-14-09-2025.html,OK
2025-09-15,Monday,HUE,209975,02321,66406,86410,88649,79501,19844,73720,18011,12171,47998,57027,5024,4793,6256,5570,307,59,134008558d3d8400,https://xoso.com.vn/xsmt-15-09-2025.html,OK
2025-09-21,Sunday,HUE,502074,47885,33454,34687,09224,83887,73379,94272,13014,97653,70685,08224,2905,8246,3191,6739,594,49,a58bd724acccded7,https://xoso.com.vn/xsmt-21-09-2025.html,OK
2025-09-22,Monday,HUE,942254,35584,01902,08922,00201,70886,28357,02765,16414,00962,36509,78617,6218,9418,9390,1379,915,96,bb3fa3f66700fd9c,https://xoso.com.vn/xsmt-22-09-2025.html,OK
2025-09-28,Sunday,HUE,980109,65092,79982,16099,09654,05918,18295,64568,55300,04427,91905,77855,1338,7421,2918,9923,727,45,62ee2b54583e9068,https://xoso.com.vn/xsmt-28-09-2025.html,OK
2025-09-29,Monday,HUE,543916,60191,77424,11984,14126,62359,63713,77927,08706,74875,11261,51474,2821,1524,9591,8559,031,64,dcf2ca22d8c51c68,https://xoso.com.vn/xsmt-29-09-2025.html,OK
2025-10-05,Sunday,HUE,589281,83881,54197,21826,94781,12806,82190,01998,35992,54732,52359,26125,9675,9004,1364,4147,398,26,1e2c2e8de1cd0ea3,https://xoso.com.vn/xsmt-05-10-2025.html,OK
2025-10-06,Monday,HUE,995118,95996,82720,68970,90206,89055,40725,01644,46195,74945,64019,43484,5647,9324,3381,2830,639,12,053c49184a9ae228,https://xoso.com.vn/xsmt-06-10-2025.html,OK
2025-10-12,Sunday,HUE,395309,04617,28621,99797,03177,09268,12405,17776,85055,05586,46562,49134,6312,6319,6300,2617,023,10,8ac5699686124a14,https://xoso.com.vn/xsmt-12-10-2025.html,OK
2025-10-13,Monday,HUE,931457,87740,88727,37716,06422,29693,25767,42319,56408,62141,62681,13102,2671,4634,7241,8885,264,03,2e3986944de28ede,https://xoso.com.vn/xsmt-13-10-2025.html,OK
2025-10-19,Sunday,HUE,062307,78773,04218,71805,63516,65324,78046,96604,96315,82569,89904,21452,7930,0965,0630,2430,355,29,831d178c5f578e10,https://xoso.com.vn/xsmt-19-10-2025.html,OK
2025-10-20,Monday,HUE,334029,49904,98676,73100,99473,66443,84025,11153,87236,41880,67805,43579,7493,3939,6994,4867,549,35,468e83fcdc472b53,https://xoso.com.vn/xsmt-20-10-2025.html,OK
2025-10-26,Sunday,HUE,045828,97145,08857,27702,31823,67065,09949,47872,49459,28779,50240,62157,6717,5932,2341,3987,761,23,76637dc3456ec2cb,https://xoso.com.vn/xsmt-26-10-2025.html,OK
2025-10-27,Monday,HUE,963289,20871,23909,58280,12680,37055,38831,72863,90872,74401,28495,70065,0394,5731,3078,9993,968,75,cfbf5a7d406b8b36,https://xoso.com.vn/xsmt-27-10-2025.html,OK
2025-11-02,Sunday,HUE,481121,43639,45610,27934,28079,34139,22691,04117,07588,79824,67689,80940,3926,8616,9807,6020,314,71,bab7e7b70348af03,https://xoso.com.vn/xsmt-02-11-2025.html,OK
2025-11-03,Monday,HUE,866627,40370,03869,13179,52719,46437,35703,43910,83882,46707,66447,87314,3170,5403,7750,3575,775,53,d630b49d2a5c86cc,https://xoso.com.vn/xsmt-03-11-2025.html,OK
2025-11-09,Sunday,HUE,269011,56532,91345,09100,94510,13655,52277,97567,97334,84876,89050,47008,4715,6780,3149,8479,015,23,b876c83add3f95c3,https://xoso.com.vn/xsmt-09-11-2025.html,OK
2025-11-10,Monday,HUE,832197,37959,73760,62741,04427,99686,41137,63063,02279,51948,53235,73044,8600,9263,3932,7922,895,59,8b25d909a188f2e4,https://xoso.com.vn/xsmt-10-11-2025.html,OK
2025-11-16,Sunday,HUE,129782,45200,76472,39928,55585,68192,68442,78614,10716,13571,07805,54922,8298,2973,3544,8365,352,06,4cbae0753cb753e9,https://xoso.com.vn/xsmt-16-11-2025.html,OK
2025-11-17,Monday,HUE,029629,88354,62628,11419,35246,31840,43340,02669,19954,70495,73605,94705,7688,8329,3514,8255,757,66,ef38a68320cea4e8,https://xoso.com.vn/xsmt-17-11-2025.html,OK
2025-11-23,Sunday,HUE,009664,56132,66353,00438,83069,81079,69436,81127,22106,46948,22413,00707,2933,1062,8015,8062,374,25,200c8dc6203e8137,https://xoso.com.vn/xsmt-23-11-2025.html,OK
2025-11-24,Monday,HUE,525279,60185,84576,35242,86472,56196,53652,45581,80386,94958,21366,44952,2892,3380,3546,6526,425,69,eaa8b1ad16b2a20c,https://xoso.com.vn/xsmt-24-11-2025.html,OK
2025-11-30,Sunday,HUE,231486,71039,45342,16789,82088,18715,89467,95036,12750,63472,25338,72114,4140,7217,7397,6694,881,49,2fa4feec3c4403b4,https://xoso.com.vn/xsmt-30-11-2025.html,OK
2025-12-01,Monday,HUE,385900,65048,59653,26369,53061,01900,29839,66958,63007,55921,71411,31444,9031,1278,5866,7965,703,54,cc69667cad07b07e,https://xoso.com.vn/xsmt-01-12-2025.html,OK
2025-12-07,Sunday,HUE,073662,00317,99644,84636,17667,11326,06199,46946,47728,61280,92357,74078,1569,9784,3274,0113,384,54,b2e06e54aa56cd54,https://xoso.com.vn/xsmt-07-12-2025.html,OK
2025-12-08,Monday,HUE,995605,65314,29853,98296,89756,43329,31511,04719,79047,81459,00498,25533,0035,4828,0040,5264,177,58,914c0af55f6d5c99,https://xoso.com.vn/xsmt-08-12-2025.html,OK
2025-12-14,Sunday,HUE,734008,65095,88850,28918,42471,43984,96668,97669,36565,17605,61463,10072,5231,3796,6723,8692,573,02,ee44789e1dfbe636,https://xoso.com.vn/xsmt-14-12-2025.html,OK
2025-12-15,Monday,HUE,384625,70156,59391,10368,60714,24653,11180,72253,57909,98012,92924,23556,6085,4105,2605,8312,965,42,289967f025b187e7,https://xoso.com.vn/xsmt-15-12-2025.html,OK
2025-12-21,Sunday,HUE,196212,61216,04558,23809,26318,94497,65359,07874,98225,09068,39489,49966,4660,0884,9776,2630,306,20,59acff883419a225,https://xoso.com.vn/xsmt-21-12-2025.html,OK
2025-12-22,Monday,HUE,636327,57456,85274,07959,71046,55769,42657,08271,22222,55343,41103,98972,0601,0689,5863,8651,392,30,1d40ed2350d47b6d,https://xoso.com.vn/xsmt-22-12-2025.html,OK
2025-12-28,Sunday,HUE,855979,44409,94904,44504,63394,82913,21446,36220,78459,30487,94396,50754,5224,8493,8344,2011,345,57,b99bed4a56d3ddd8,https://xoso.com.vn/xsmt-28-12-2025.html,OK
2025-12-29,Monday,HUE,401707,38802,00251,08255,47623,83239,24880,52466,95877,20537,69356,14381,8350,3350,7397,7949,838,18,314f669e0cefb367,https://xoso.com.vn/xsmt-29-12-2025.html,OK
2026-01-04,Sunday,HUE,528264,29811,55725,90303,54685,98256,32740,49770,70720,46982,25471,25760,5364,2227,6915,0195,753,81,cdfd875990466e73,https://xoso.com.vn/xsmt-04-01-2026.html,OK
2026-01-05,Monday,HUE,715470,01606,18730,10591,14179,84297,84949,67173,80289,59729,74049,79725,7603,8361,0767,9651,630,78,65a7a555666ad5a8,https://xoso.com.vn/xsmt-05-01-2026.html,OK
2026-01-11,Sunday,HUE,672315,78884,39064,55284,10890,65741,94673,85176,99326,23235,47423,79677,7984,1857,0499,0098,460,25,339e0d231705ce3c,https://xoso.com.vn/xsmt-11-01-2026.html,OK
2026-01-12,Monday,HUE,640801,38437,04957,14446,65378,71150,95325,90357,71175,61948,54334,11464,3219,9875,9476,1087,769,41,beb80c428f00df55,https://xoso.com.vn/xsmt-12-01-2026.html,OK
2026-01-18,Sunday,HUE,624211,83626,35722,28733,85201,46617,16034,30369,72667,01533,29854,05840,6253,6265,5093,1581,320,25,96f76c0ce87ed9fa,https://xoso.com.vn/xsmt-18-01-2026.html,OK
2026-01-19,Monday,HUE,097202,75713,28082,79681,77489,77882,35043,67631,98651,12671,79164,98508,7797,9068,7718,3458,613,64,f8e0db351c864a01,https://xoso.com.vn/xsmt-19-01-2026.html,OK
2026-01-25,Sunday,HUE,865054,41975,64199,41590,01143,17938,22744,52595,51579,66552,74148,81090,2470,7657,8537,4636,083,70,e74d895224eb3c7a,https://xoso.com.vn/xsmt-25-01-2026.html,OK
2026-01-26,Monday,HUE,282082,97191,82817,62656,32835,06985,20449,55710,76987,03463,87289,93072,7005,5033,9995,7830,346,53,f13eae9b1a4c9caa,https://xoso.com.vn/xsmt-26-01-2026.html,OK
2026-02-01,Sunday,HUE,485467,01335,05829,11581,52682,06622,41426,10689,23351,03333,28084,15632,1001,8151,0598,2041,503,79,384836df1c64bdf4,https://xoso.com.vn/xsmt-01-02-2026.html,OK
2026-02-02,Monday,HUE,861008,53550,53742,33825,30928,86422,55144,53512,26055,57513,77238,80186,3385,3337,2914,3233,576,61,9ac5065742a47e12,https://xoso.com.vn/xsmt-02-02-2026.html,OK
2026-02-08,Sunday,HUE,356221,61343,81208,29412,46871,86863,27747,27895,44737,30541,57265,15561,3749,6917,8439,0754,586,49,55333691c1ac1da5,https://xoso.com.vn/xsmt-08-02-2026.html,OK
2026-02-09,Monday,HUE,519579,88269,21122,66237,60231,56019,97129,19782,98885,26669,03565,92596,7611,3009,0230,4236,257,90,e9d53214b126eef3,https://xoso.com.vn/xsmt-09-02-2026.html,OK
2026-02-15,Sunday,HUE,097708,90811,63347,06820,87085,07759,22975,17807,46901,29919,79766,36582,7647,6147,3486,4414,985,15,3bddcf66825a4df3,https://xoso.com.vn/xsmt-15-02-2026.html,OK
2026-02-16,Monday,HUE,761468,21434,83214,12154,42265,56178,28671,65101,21180,72749,02283,29758,1787,9856,5874,9028,709,98,3455e2256e6b9210,https://xoso.com.vn/xsmt-16-02-2026.html,OK
2026-02-22,Sunday,HUE,541580,87778,00209,18465,87235,01800,81484,31618,17075,87254,82539,96148,2226,4674,7324,0748,718,66,9c69350ded7d3132,https://xoso.com.vn/xsmt-22-02-2026.html,OK
2026-02-23,Monday,HUE,071982,67551,64779,59000,17917,45494,35685,85824,24793,07232,99936,85752,9957,0496,9683,6258,211,96,04ac233b1cb0d288,https://xoso.com.vn/xsmt-23-02-2026.html,OK
2026-03-01,Sunday,HUE,600510,74764,50046,94920,79888,52306,53322,64026,12947,76798,60494,62638,6103,7604,7001,4550,225,08,fbccd8393c0ac5e5,https://xoso.com.vn/xsmt-01-03-2026.html,OK
2026-03-02,Monday,HUE,280395,77056,26139,89279,89703,99836,36330,52403,91818,59560,04955,39213,4716,3213,1061,7385,453,86,f53fc23e74b697ca,https://xoso.com.vn/xsmt-02-03-2026.html,OK
2026-03-08,Sunday,HUE,230678,42852,11041,41062,69417,32435,88044,23905,79060,69255,72976,59571,3879,0367,9581,3764,186,50,d9fa77733fdabe81,https://xoso.com.vn/xsmt-08-03-2026.html,OK
2026-03-09,Monday,HUE,840103,94486,24525,28094,67873,21455,24498,40983,62965,19788,02697,45642,2619,7655,7914,9077,661,32,c252bb076cef9740,https://xoso.com.vn/xsmt-09-03-2026.html,OK
2026-03-15,Sunday,HUE,331464,54426,67165,11705,23736,14511,37269,04075,83665,92311,37036,49229,7456,0624,4311,6361,529,87,203356b78189c7fe,https://xoso.com.vn/xsmt-15-03-2026.html,OK
2026-03-16,Monday,HUE,568408,76076,52033,62991,48429,46885,48276,90988,83396,80137,89104,89581,0088,9055,5934,7928,277,47,9288ac1c4f15330f,https://xoso.com.vn/xsmt-16-03-2026.html,OK
2026-03-22,Sunday,HUE,881533,77931,02087,67695,57816,79147,77030,23049,85806,33302,56082,09563,3097,8114,6962,9327,249,94,32e2ce00bc434130,https://xoso.com.vn/xsmt-22-03-2026.html,OK
2026-03-23,Monday,HUE,888807,17869,63271,04771,81332,64566,01293,56119,53565,92344,32528,64681,5872,8066,5218,1379,542,54,afa073deeaf8fb9c,https://xoso.com.vn/xsmt-23-03-2026.html,OK
2026-03-29,Sunday,HUE,924386,43721,01577,43363,20962,35865,89098,99726,25189,85773,65363,98843,8149,3979,5806,7281,223,66,c829e6eb76cf1b28,https://xoso.com.vn/xsmt-29-03-2026.html,OK
2026-03-30,Monday,HUE,717636,75993,67441,31127,62221,14969,19092,37435,94631,06161,32743,76071,2724,8406,0703,5346,144,78,31022f0f0cbc4e35,https://xoso.com.vn/xsmt-30-03-2026.html,OK
2026-04-05,Sunday,HUE,507554,37001,77219,69767,71524,07594,62512,61935,38551,07784,05015,32584,9877,1057,1825,4067,413,70,e85bb930f9d8d2ca,https://xoso.com.vn/xsmt-05-04-2026.html,OK
2026-04-06,Monday,HUE,303904,09486,10657,17418,84124,40493,27308,99224,47021,12204,59724,59624,7721,2332,7586,6707,526,95,c5a75b97efb40438,https://xoso.com.vn/xsmt-06-04-2026.html,OK
2026-04-12,Sunday,HUE,878653,29371,63011,87746,73391,17701,82340,46935,23528,96803,47018,65014,9862,7861,4841,0910,175,03,c721124defcb5619,https://xoso.com.vn/xsmt-12-04-2026.html,OK
2026-04-13,Monday,HUE,705900,17913,05319,80514,80333,29666,95969,28143,87122,87282,96264,83985,0260,5351,1560,4074,412,04,59ad7c6fa00fc234,https://xoso.com.vn/xsmt-13-04-2026.html,OK
2026-04-19,Sunday,HUE,481381,20661,73270,99750,83190,99949,40438,71270,47407,05659,33332,98911,2503,2891,3073,1390,645,56,8515d8d10190142e,https://xoso.com.vn/xsmt-19-04-2026.html,OK
2026-04-20,Monday,HUE,850554,78454,92450,50773,42913,46467,01527,11282,45195,36992,35093,43209,4437,0631,9649,4772,845,52,bc3dddc83cc80253,https://xoso.com.vn/xsmt-20-04-2026.html,OK
2026-04-26,Sunday,HUE,988002,73557,15002,24790,09135,95660,87433,04454,78207,68065,67762,11535,3792,9250,4994,2830,484,74,3c2f10929848ab66,https://xoso.com.vn/xsmt-26-04-2026.html,OK
2026-04-27,Monday,HUE,836508,89366,67358,79595,41866,98922,96597,95228,17943,27156,19087,51791,9554,7933,4114,2186,634,86,51d44ac442327312,https://xoso.com.vn/xsmt-27-04-2026.html,OK
2026-05-03,Sunday,HUE,155055,87109,92548,75662,58265,32387,23381,41312,10588,76646,05518,56891,2801,3875,2784,4674,042,08,892050f20f7beef2,https://xoso.com.vn/xsmt-03-05-2026.html,OK
2026-05-04,Monday,HUE,559552,55081,32017,05582,47549,88045,93952,68029,13995,61145,83829,30438,1201,2074,7465,5316,051,94,541d4822c5d3c86e,https://xoso.com.vn/xsmt-04-05-2026.html,OK
2026-05-10,Sunday,HUE,694933,96901,73227,54590,73543,80767,13792,42532,01508,43768,15724,30512,9045,7132,1848,8501,368,39,c759c451e5e4ea75,https://xoso.com.vn/xsmt-10-05-2026.html,OK
2026-05-11,Monday,HUE,793529,23932,54855,15787,41022,17921,42646,76943,47357,10503,45232,88728,4787,0253,3166,6359,292,02,984ffc3eef21a536,https://xoso.com.vn/xsmt-11-05-2026.html,OK
2026-05-17,Sunday,HUE,680674,93585,64501,08497,23218,77158,84709,72831,35996,32571,68277,79560,9753,9906,8410,0136,454,85,9a900b7ec9a4307a,https://xoso.com.vn/xsmt-17-05-2026.html,OK
2026-05-18,Monday,HUE,449399,53676,80633,97610,76122,20873,85291,44376,67265,86342,36855,60501,5224,3976,1622,7075,565,24,cf7798593295e583,https://xoso.com.vn/xsmt-18-05-2026.html,OK
2026-05-24,Sunday,HUE,032740,41391,79011,69695,18389,55175,62007,03312,53261,26703,43913,26848,2282,7470,1804,6936,694,38,987795633e738891,https://xoso.com.vn/xsmt-24-05-2026.html,OK
2026-05-25,Monday,HUE,410154,71122,09767,77399,15416,75513,97811,91148,57239,86520,48888,81377,6914,2118,3452,9697,918,49,50888a434f66853a,https://xoso.com.vn/xsmt-25-05-2026.html,OK
2026-05-31,Sunday,HUE,371354,48824,37695,18976,29823,94024,85587,03176,37252,41318,30075,29456,6492,4159,6949,8396,301,93,c917945f5c6c2971,https://xoso.com.vn/xsmt-31-05-2026.html,OK
2026-06-01,Monday,HUE,013428,75893,35617,13446,26463,38095,11793,24476,42859,17764,07963,17302,7995,8875,4982,8158,097,01,968194be7ce9c8a4,https://xoso.com.vn/xsmt-01-06-2026.html,OK
2026-06-07,Sunday,HUE,666379,06723,77838,41191,84885,50685,58905,08826,89320,60391,80520,62482,3992,9458,7947,3828,428,82,84fb6aad92d1d1f9,https://xoso.com.vn/xsmt-07-06-2026.html,OK
2026-06-08,Monday,HUE,744184,92655,51067,12968,85605,93708,57856,36529,51515,26445,65378,82518,9078,7538,4254,1904,400,27,62c22b71980b9eef,https://xoso.com.vn/xsmt-08-06-2026.html,OK
2026-06-14,Sunday,HUE,028536,37212,60858,64388,26609,96323,24052,90083,28968,18170,37390,88640,5271,6853,4100,8144,613,31,014c0d0f2ee23abf,https://xoso.com.vn/xsmt-14-06-2026.html,OK
2026-06-15,Monday,HUE,339761,75966,87093,08643,79054,99770,29817,67592,80657,88873,60298,09084,9594,2831,9542,5417,674,36,0606c5401c416e1b,https://xoso.com.vn/xsmt-15-06-2026.html,OK
2026-06-21,Sunday,HUE,010504,96045,33279,50647,88841,82482,40331,59949,52582,54786,56347,37547,8847,2745,7974,0244,069,49,43110d02bae879be,https://xoso.com.vn/xsmt-21-06-2026.html,OK
2026-06-22,Monday,HUE,122206,85901,74557,63545,41808,48607,92193,33658,00283,75552,48062,33641,9655,3200,8783,1819,828,43,d5ef0f3bb65a9003,https://xoso.com.vn/xsmt-22-06-2026.html,OK
2026-06-28,Sunday,HUE,482089,62264,14536,21756,81494,14693,12505,22841,79479,20428,79415,66438,6197,0806,3375,1497,428,89,ec5dabc128e28768,https://xoso.com.vn/xsmt-28-06-2026.html,OK
2026-06-29,Monday,HUE,475909,43027,14684,14379,98713,12813,12455,23938,77682,40868,90555,12416,3300,0780,2946,4465,177,23,52a5ce1be99aac99,https://xoso.com.vn/xsmt-29-06-2026.html,OK
2026-07-05,Sunday,HUE,318927,48387,22957,41587,19646,60242,17809,19296,79100,46440,02934,03474,7471,7197,5591,4190,390,12,7422887bd91f3e3f,https://xoso.com.vn/xsmt-05-07-2026.html,OK
2026-07-06,Monday,HUE,110194,07803,94339,30349,07846,73282,01930,03127,00465,54331,53555,43082,6328,2412,9388,2010,859,73,8e219b28bf99a122,https://xoso.com.vn/xsmt-06-07-2026.html,OK
2026-07-12,Sunday,HUE,010042,07554,86182,17579,33043,58752,13781,20371,97318,61022,66612,31767,0313,7798,2833,8881,565,88,b50bb238585d2bbc,https://xoso.com.vn/xsmt-12-07-2026.html,OK
2026-07-13,Monday,HUE,306089,06663,61821,28203,63163,03492,74893,78047,73483,57356,37339,74770,0586,6230,3033,8957,786,79,6d9601c0cddaffde,https://xoso.com.vn/xsmt-13-07-2026.html,OK
2026-07-19,Sunday,HUE,136472,24364,86743,44907,58362,68004,73671,86048,16205,35765,38790,17679,2492,1681,1204,2389,186,44,6610ba1a5ead7e52,https://xoso.com.vn/xsmt-19-07-2026.html,OK
2026-07-20,Monday,HUE,586052,70119,61731,53485,17971,93853,59479,82490,87766,66631,37210,45549,9889,2909,5178,9198,151,68,c2f1fe7cea6fc660,https://xoso.com.vn/xsmt-20-07-2026.html,OK
2026-07-26,Sunday,HUE,122781,22717,69093,00793,58001,52275,95372,43519,06901,78253,86145,99202,2047,6919,7434,9793,424,94,bf7afcd21f978cd2,https://xoso.com.vn/xsmt-26-07-2026.html,OK
2026-07-27,Monday,HUE,997718,53608,27004,64250,81458,28852,34252,08617,09551,03454,58320,91422,7228,5093,5691,1252,873,51,286d275499d13402,https://xoso.com.vn/xsmt-27-07-2026.html,OK
2026-08-02,Sunday,HUE,960809,12027,21197,01744,20654,95935,88280,47466,72092,14388,61980,45832,6391,2138,8947,7818,571,21,4a17e59ba64db435,https://xoso.com.vn/xsmt-02-08-2026.html,OK
2026-08-03,Monday,HUE,546731,81826,35299,54605,34475,45490,71079,97628,36632,37935,19156,01589,7985,6997,1368,6326,632,04,192c2c5693cba675,https://xoso.com.vn/xsmt-03-08-2026.html,OK
2026-08-09,Sunday,HUE,401374,31180,98504,15847,66556,94928,50245,75899,61055,72540,89781,65956,7580,6397,4086,5951,555,20,701031c0a4bebee7,https://xoso.com.vn/xsmt-09-08-2026.html,OK
2026-08-10,Monday,HUE,356426,12160,12236,58044,72373,27827,84823,53125,57135,78477,85023,95468,5664,1350,9611,3259,176,08,76a169b8132ad7fe,https://xoso.com.vn/xsmt-10-08-2026.html,OK
2026-08-16,Sunday,HUE,023464,83943,84898,74856,78473,62988,72724,90785,95983,75891,58787,13508,9945,4596,0723,3482,106,96,dbb62dd9233413af,https://xoso.com.vn/xsmt-16-08-2026.html,OK
2026-08-17,Monday,HUE,829055,71504,92664,08747,26307,16837,91128,81224,93012,14244,88548,67880,2155,5883,2802,0755,425,64,4f34655252b22ef4,https://xoso.com.vn/xsmt-17-08-2026.html,OK
