date,weekday,province_code,special,prize1,prize2,prize3_1,prize3_2,prize4_1,prize4_2,prize4_3,prize4_4,prize4_5,prize4_6,prize4_7,prize5,prize6_1,prize6_2,prize6_3,prize7,prize8,signature,source_url,qc_status
2020-01-01,Wednesday,KHANH_HOA,279765,06467,61368,00416,65695,55632,94435,62520,89162,71817,95961,03191,3430,6625,0305,5174,322,48,da08b8b0566e8271,https://xoso.com.vn/xsmt-01-01-2020.html,OK
2020-01-05,Sunday,KHANH_HOA,417146,80175,45960,19044,50598,84161,18498,34912,37461,02571,93695,59170,4528,4456,2277,6922,368,30,8de009196d127c2b,https://xoso.com.vn/xsmt-05-01-2020.html,OK
2020-01-08,Wednesday,KHANH_HOA,044140,31058,61284,46239,22375,22811,59327,65856,71349,69094,43962,63488,0383,7644,0092,5106,286,18,92b30c7ab594f5c3,https://xoso.com.vn/xsmt-08-01-2020.html,OK
2020-01-12,Sunday,KHANH_HOA,158570,09521,14839,38491,46869,89982,89942,35046,52268,89944,82097,62882,8275,2654,8654,6923,081,65,aaefdca32c00d85a,https://xoso.com.vn/xsmt-12-01-2020.html,OK
2020-01-15,Wednesday,KHANH_HOA,862898,30183,24915,53020,85050,92304,99993,21542,27978,30590,09393,68759,8365,4991,7644,8851,050,29,ab138a302d62f01c,https://xoso.com.vn/xsmt-15-01-2020.html,OK
2020-01-19,Sunday,KHANH_HOA,606142,19726,29756,66835,28543,64041,23718,94598,71639,67477,32510,61939,7154,6219,3637,2514,364,80,34fa4ed6dca38517,https://xoso.com.vn/xsmt-19-01-2020.html,OK
2020-01-22,Wednesday,KHANH_HOA,808803,06879,92981,44030,84241,78728,37913,32568,85357,59453,11673,28946,1575,3998,2461,7808,116,81,d1d9af1996a8b99f,https://xoso.com.vn/xsmt-22-01-2020.html,OK
2020-01-26,Sunday,KHANH_HOA,521281,47108,44366,99921,19190,52184,30449,21512,85948,43049,87935,09106,3415,8170,8947,7875,284,56,a045c506c4864cf2,https://xoso.com.vn/xsmt-26-01-2020.html,OK
2020-01-29,Wednesday,KHANH_HOA,797386,02493,72188,28083,93736,23185,69580,96007,78495,89815,47199,07436,7248,1045,1760,1490,070,52,b0f0c952ffec80e3,https://xoso.com.vn/xsmt-29-01-2020.html,OK
2020-02-02,Sunday,KHANH_HOA,750166,52919,71224,19884,93125,26897,17420,51547,57112,61719,05154,84033,9066,3900,4261,2815,552,32,0c23c0ed3bd2912f,https://xoso.com.vn/xsmt-02-02-2020.html,OK
2020-02-05,Wednesday,KHANH_HOA,766997,64582,49365,96604,22847,93861,30353,18176,45091,46459,09953,41434,0104,9149,1411,6853,890,38,fea77cb259bdbba7,https://xoso.com.vn/xsmt-05-02-2020.html,OK
2020-02-09,Sunday,KHANH_HOA,441730,07948,95772,98914,48931,86315,68509,28877,19619,31743,72132,18304,3553,8212,2766,6960,702,29,805721e36eda69f8,https://xoso.com.vn/xsmt-09-02-2020.html,OK
2020-02-12,Wednesday,KHANH_HOA,857781,25171,31161,96994,80466,44934,55167,15790,60549,56023,36806,41269,2198,3315,6190,6793,964,56,21efbc30af879366,https://xoso.com.vn/xsmt-12-02-2020.html,OK
2020-02-16,Sunday,KHANH_HOA,862684,22380,99624,10308,80581,36502,42101,25076,27305,84935,06406,18418,3521,1862,9308,7707,012,04,76ae0ded816d3381,https://xoso.com.vn/xsmt-16-02-2020.html,OK
2020-02-19,Wednesday,KHANH_HOA,257147,84358,27050,80804,91199,77281,40978,62678,62506,43610,72490,75614,4953,5316,4099,4674,381,03,66644b742fd6cd0b,https://xoso.com.vn/xsmt-19-02-2020.html,OK
2020-02-23,Sunday,KHANH_HOA,961014,22160,31652,51159,10703,47816,42541,48558,79941,95217,02176,32189,4047,8108,9054,8672,024,77,e4dac5701fda1bfb,https://xoso.com.vn/xsmt-23-02-2020.html,OK
2020-02-26,Wednesday,KHANH_HOA,901455,22783,40777,34983,26191,53730,78600,17679,57825,18851,13995,41835,1487,8577,2132,1788,336,05,f7ad9d3b5c57a726,https://xoso.com.vn/xsmt-26-02-2020.html,OK
2020-03-01,Sunday,KHANH_HOA,185095,02375,30956,79014,52010,72138,05381,78511,63678,62880,19814,26422,2276,4703,1018,4522,219,82,0234bb10f1df3240,https://xoso.com.vn/xsmt-01-03-2020.html,OK
2020-03-04,Wednesday,KHANH_HOA,001728,65723,51827,96971,45148,64469,67094,57891,15239,04136,02057,72703,4188,2845,2573,2203,469,93,cc4dd63557671a02,https://xoso.com.vn/xsmt-04-03-2020.html,OK
2020-03-08,Sunday,KHANH_HOA,692810,01724,97082,49030,93347,17272,56681,27120,19149,83742,96280,22865,4980,6288,7423,0629,849,07,0940bbaaf6a38d27,https://xoso.com.vn/xsmt-08-03-2020.html,OK
2020-03-11,Wednesday,KHANH_HOA,927785,69619,00546,60087,15316,39241,78944,82071,78186,66492,60516,67355,1627,9395,3830,7036,096,42,81b63852839a8385,https://xoso.com.vn/xsmt-11-03-2020.html,OK
2020-03-15,Sunday,KHANH_HOA,822730,13259,57918,80290,17465,42703,58230,41024,76249,05318,07901,88088,5323,1283,0805,4797,716,17,40bd827de5ed0abb,https://xoso.com.vn/xsmt-15-03-2020.html,OK
2020-03-18,Wednesday,KHANH_HOA,351676,77197,58677,68231,22079,82015,73127,86369,65094,26304,88505,87110,7581,1921,2809,2709,264,42,63d95f1993a3bafc,https://xoso.com.vn/xsmt-18-03-2020.html,OK
2020-03-22,Sunday,KHANH_HOA,724248,74934,11168,77633,83456,50208,75099,90196,23962,00420,36249,24823,2346,1632,0505,6074,674,30,5e434a9236d2d89c,https://xoso.com.vn/xsmt-22-03-2020.html,OK
2020-03-25,Wednesday,KHANH_HOA,856476,53271,20953,14722,16989,43372,65453,23596,82719,55772,27912,53996,2711,3657,1962,3199,498,12,1e4e739dccf58443,https://xoso.com.vn/xsmt-25-03-2020.html,OK
2020-03-29,Sunday,KHANH_HOA,048372,46260,12641,53371,83935,66893,81863,70253,02359,13759,31973,09708,1331,7333,3704,5382,148,12,595b6bf3bd0e9f84,https://xoso.com.vn/xsmt-29-03-2020.html,OK
2020-04-26,Sunday,KHANH_HOA,493991,18824,92127,80550,70100,68814,40561,14216,33899,81201,78340,64965,5012,7517,7256,5190,795,09,8987c001ef2ef4f8,https://xoso.com.vn/xsmt-26-04-2020.html,OK
2020-04-29,Wednesday,KHANH_HOA,651785,16443,28359,72167,15052,58416,29579,06044,38372,26129,66993,33551,2328,6497,4745,4427,616,38,de4dd095a33c6069,https://xoso.com.vn/xsmt-29-04-2020.html,OK
2020-05-03,Sunday,KHANH_HOA,518683,00874,67313,85540,94753,14752,54378,96260,09850,43853,15182,72653,9387,2527,9740,4320,766,18,789f9466ec61914b,https://xoso.com.vn/xsmt-03-05-2020.html,OK
2020-05-06,Wednesday,KHANH_HOA,205099,99374,80961,48425,42363,41195,69796,05697,56120,76504,95609,10660,9232,0978,0331,9103,559,63,70dc2919bfa9bbef,https://xoso.com.vn/xsmt-06-05-2020.html,OK
2020-05-10,Sunday,KHANH_HOA,076507,33639,78404,55219,21126,16884,62870,16858,24948,54218,91950,35047,9651,3409,5294,1646,303,50,35162087649b03e2,https://xoso.com.vn/xsmt-10-05-2020.html,OK
2020-05-13,Wednesday,KHANH_HOA,328093,77980,15031,33841,91954,52386,99944,95444,88733,92811,59835,58787,5615,9892,2782,4585,729,30,da474079261a808e,https://xoso.com.vn/xsmt-13-05-2020.html,OK
2020-05-17,Sunday,KHANH_HOA,516671,88701,34401,63084,88429,57280,67532,62289,85113,06160,06165,34808,9816,0363,5189,7397,169,30,a89cf338fea544cb,https://xoso.com.vn/xsmt-17-05-2020.html,OK
2020-05-20,Wednesday,KHANH_HOA,123831,04224,29858,04894,80513,23960,49902,10252,27168,15164,70257,19477,1964,0073,9645,3232,660,99,aa841238e0c0e7ce,https://xoso.com.vn/xsmt-20-05-2020.html,OK
2020-05-24,Sunday,KHANH_HOA,003722,64024,50976,74600,87555,22499,04256,79419,52012,97968,18350,33529,4560,6516,1989,7069,726,23,c4855b9ae6005ac7,https://xoso.com.vn/xsmt-24-05-2020.html,OK
2020-05-27,Wednesday,KHANH_HOA,757705,28377,84315,89798,49254,76171,28354,50621,13257,42624,72868,99270,9694,8430,1999,7809,333,79,beb156e3b9df8b47,https://xoso.com.vn/xsmt-27-05-2020.html,OK
2020-05-31,Sunday,KHANH_HOA,111540,50311,17029,94057,52482,51735,83166,22826,00232,52611,92883,66674,4755,0817,4798,7512,420,02,30f88ea70b62c412,https://xoso.com.vn/xsmt-31-05-2020.html,OK
2020-06-03,Wednesday,KHANH_HOA,862992,29744,56523,45358,44554,77317,65508,75785,34245,32060,14008,55288,6257,5580,2160,9203,967,10,0503a6f175edb690,https://xoso.com.vn/xsmt-03-06-2020.html,OK
2020-06-07,Sunday,KHANH_HOA,222523,18825,77627,42158,54657,80098,66804,53160,07183,99023,70401,15186,4318,0374,7245,3033,723,44,6a484cc41df61bc7,https://xoso.com.vn/xsmt-07-06-2020.html,OK
2020-06-10,Wednesday,KHANH_HOA,482640,96532,58361,20207,94442,71352,61287,58935,19179,23761,35757,46746,3731,3920,0289,7210,052,71,bab80576fe028bc5,https://xoso.com.vn/xsmt-10-06-2020.html,OK
2020-06-14,Sunday,KHANH_HOA,025619,29828,09302,65259,94184,02017,46788,33682,46544,64916,01137,26988,0356,9268,5921,8292,784,44,807246c61a439fb1,https://xoso.com.vn/xsmt-14-06-2020.html,OK
2020-06-17,Wednesday,KHANH_HOA,556547,22636,60267,67996,14343,02402,10684,55840,21204,90798,46373,17793,9112,0977,7388,6688,364,89,56c560153f0a92fa,https://xoso.com.vn/xsmt-17-06-2020.html,OK
2020-06-21,Sunday,KHANH_HOA,798817,64007,71295,91531,59824,81607,05139,76328,41881,23361,77735,89729,8888,5717,8507,0993,316,89,e5dc09fb57192380,https://xoso.com.vn/xsmt-21-06-2020.html,OK
2020-06-24,Wednesday,KHANH_HOA,046606,00823,70414,11222,80115,40797,24776,28234,88724,14609,71382,80453,4259,3892,9709,6100,719,98,47c16b73fd59d07c,https://xoso.com.vn/xsmt-24-06-2020.html,OK
2020-06-28,Sunday,KHANH_HOA,407133,03401,49246,27851,95172,90220,01170,45728,59191,58435,53804,74002,1152,9886,3992,0977,187,34,6f8be11f58849890,https://xoso.com.vn/xsmt-28-06-2020.html,OK
2020-07-01,Wednesday,KHANH_HOA,428917,02265,34194,20161,92832,81441,72437,25064,09297,00301,60507,56928,4474,2668,0933,6264,274,20,0f1feef2c6292883,https://xoso.com.vn/xsmt-01-07-2020.html,OK
2020-07-05,Sunday,KHANH_HOA,497673,01653,19679,72035,43609,12575,03573,42249,18407,81525,62845,21899,9432,2783,0232,5031,255,44,dfa992af1e151662,https://xoso.com.vn/xsmt-05-07-2020.html,OK
2020-07-08,Wednesday,KHANH_HOA,781342,82803,95904,12986,65712,38935,91635,22020,15592,30678,63596,38907,2151,8813,2815,9085,956,40,9b19c08b4a133d51,https://xoso.com.vn/xsmt-08-07-2020.html,OK
2020-07-12,Sunday,KHANH_HOA,643818,68541,27671,98308,24088,58236,31798,97906,32703,50045,65739,92984,4628,1787,3831,6550,041,69,b55d2e07c8dfe444,https://xoso.com.vn/xsmt-12-07-2020.html,OK
2020-07-15,Wednesday,KHANH_HOA,084934,76422,93769,03641,34458,14436,06424,56009,33259,69308,33952,41847,8143,5737,1584,5492,993,89,0c5e2ebcc9f4b86f,https://xoso.com.vn/xsmt-15-07-2020.html,OK
2020-07-19,Sunday,KHANH_HOA,354688,58328,70670,12377,43325,67940,18292,26725,59963,52749,25893,27102,2004,7965,7585,7347,591,84,c59ce7757bec84ae,https://xoso.com.vn/xsmt-19-07-2020.html,OK
2020-07-22,Wednesday,KHANH_HOA,453120,85677,46278,62848,30717,68630,36409,96195,70172,63271,31924,40571,2545,9039,6121,0856,939,83,6911f2fdd51d1346,https://xoso.com.vn/xsmt-22-07-2020.html,OK
2020-07-26,Sunday,KHANH_HOA,213815,14326,36610,56285,34361,74174,84211,84684,52283,63040,07000,22232,6111,6901,0275,9250,904,86,4789a18b3aa57815,https://xoso.com.vn/xsmt-26-07-2020.html,OK
2020-07-29,Wednesday,KHANH_HOA,112464,32182,67428,65963,39887,50602,16280,77092,14327,87314,69710,11893,8683,5499,4819,7774,215,97,99e93e71fea3e58e,https://xoso.com.vn/xsmt-29-07-2020.html,OK
2020-08-02,Sunday,KHANH_HOA,390591,00019,46466,73016,54589,40445,03527,26379,21831,46424,29295,29445,1746,6004,1321,5307,654,55,7855ca063bbd9db0,https://xoso.com.vn/xsmt-02-08-2020.html,OK
2020-08-05,Wednesday,KHANH_HOA,849611,61552,86623,60449,65559,18649,28663,49479,45358,87164,39535,23474,2686,7154,3703,9704,980,99,3537f85acae92e5a,https://xoso.com.vn/xsmt-05-08-2020.html,OK
2020-08-09,Sunday,KHANH_HOA,819414,52328,00285,38956,41784,17485,74602,93334,92244,90133,81670,47067,1964,1550,4400,5941,386,83,a9dea8224cc01575,https://xoso.com.vn/xsmt-09-08-2020.html,OK
2020-08-12,Wednesday,KHANH_HOA,484465,16368,58087,53769,89565,44195,70119,48478,86291,75709,26771,72947,3240,2494,4706,2043,336,76,bed0b77f6f13176b,https://xoso.com.vn/xsmt-12-08-2020.html,OK
2020-08-16,Sunday,KHANH_HOA,963227,04827,69913,26099,06539,66739,79337,73606,74880,19306,87078,24357,0927,2631,9132,2112,400,63,47144e052ffeffd0,https://xoso.com.vn/xsmt-16-08-2020.html,OK
2020-08-19,Wednesday,KHANH_HOA,226918,60608,91400,68384,04977,68931,53719,73024,66688,86384,14355,34116,9184,6200,0476,5075,205,43,3ab8427a0b855b5a,https://xoso.com.vn/xsmt-19-08-2020.html,OK
2020-08-23,Sunday,KHANH_HOA,795997,20630,34289,15763,50091,99798,10831,53251,93012,51206,62043,75540,1874,3788,1990,4058,095,08,42fe73a9a218b8b8,https://xoso.com.vn/xsmt-23-08-2020.html,OK
2020-08-26,Wednesday,KHANH_HOA,202473,81445,83615,46090,65189,58473,87057,19122,02271,51505,17845,28039,4314,4523,0148,8809,451,51,390a0ed1e34d9922,https://xoso.com.vn/xsmt-26-08-2020.html,OK
2020-08-30,Sunday,KHANH_HOA,694076,13809,98931,02193,12402,42850,18593,32096,28004,75771,94833,86211,3459,8377,5925,1238,463,57,29adc340e045260e,https://xoso.com.vn/xsmt-30-08-2020.html,OK
2020-09-02,Wednesday,KHANH_HOA,526932,18327,44748,06753,45955,85535,73697,91353,61474,73638,21242,52945,8471,9936,9820,1281,578,70,da733812673cd70c,https://xoso.com.vn/xsmt-02-09-2020.html,OK
2020-09-06,Sunday,KHANH_HOA,318092,61866,99546,93127,52070,46867,85245,22083,81206,56082,12556,87635,9564,0735,2738,8916,485,20,884b85fe6abf2071,https://xoso.com.vn/xsmt-06-09-2020.html,OK
2020-09-09,Wednesday,KHANH_HOA,116920,50847,04810,22942,80271,39134,90930,16946,40634,36261,29471,66260,7708,6267,3017,6953,417,78,3ca96b1a6766fe68,https://xoso.com.vn/xsmt-09-09-2020.html,OK
2020-09-13,Sunday,KHANH_HOA,734297,69715,28454,04571,06635,26274,36378,27684,24737,45266,22252,24852,1531,1732,2173,9479,154,28,dd462b2cc4104c87,https://xoso.com.vn/xsmt-13-09-2020.html,OK
2020-09-16,Wednesday,KHANH_HOA,817624,46590,56212,18491,45249,94436,70420,84868,72503,85232,01781,14633,0056,8648,8359,0051,112,80,57913b19c73fcd01,https://xoso.com.vn/xsmt-16-09-2020.html,OK
2020-09-20,Sunday,KHANH_HOA,795603,86678,58553,82844,25370,11717,12678,83044,25710,76925,19691,91689,9104,5605,7897,7925,994,89,5c1b1580e64cf729,https://xoso.com.vn/xsmt-20-09-2020.html,OK
2020-09-23,Wednesday,KHANH_HOA,907021,26027,28877,75414,42125,55204,98311,56895,64542,29359,14803,96547,1173,7102,0545,7716,810,93,faccb11e0ab7dddd,https://xoso.com.vn/xsmt-23-09-2020.html,OK
2020-09-27,Sunday,KHANH_HOA,017595,71882,07885,00947,09033,48394,90046,29307,33744,94948,91814,60810,9826,4284,2017,4027,847,59,7e3cef1ddc4c3a4a,https://xoso.com.vn/xsmt-27-09-2020.html,OK
2020-09-30,Wednesday,KHANH_HOA,451958,71610,62334,34699,61147,64567,02981,47914,26180,52048,18509,93128,9674,7898,2771,7865,340,16,48049a45e6328384,https://xoso.com.vn/xsmt-30-09-2020.html,OK
2020-10-04,Sunday,KHANH_HOA,454470,81892,04754,28845,43721,22884,82772,35032,25004,89666,94710,94596,2938,7121,6826,4819,964,22,1542862d2265a4fb,https://xoso.com.vn/xsmt-04-10-2020.html,OK
2020-10-07,Wednesday,KHANH_HOA,298688,36973,94285,53062,16624,05527,49068,29872,92830,48265,94531,93064,5518,3591,4072,4618,249,57,eb554474a8543c71,https://xoso.com.vn/xsmt-07-10-2020.html,OK
2020-10-11,Sunday,KHANH_HOA,749657,40210,90628,08907,92866,10646,14266,73931,87036,35156,08604,40433,1429,4369,5018,4910,090,05,a479d49a6f81073f,https://xoso.com.vn/xsmt-11-10-2020.html,OK
2020-10-14,Wednesday,KHANH_HOA,459511,88579,91668,09648,27785,17755,73129,95324,94731,68236,10484,76085,0947,3285,0062,2400,325,73,36f309c51149aa0b,https://xoso.com.vn/xsmt-14-10-2020.html,OK
2020-10-18,Sunday,KHANH_HOA,305960,93185,76998,24363,99718,69352,18865,25699,32357,11805,68553,43130,3209,9226,1001,8472,094,23,97b7f49deea540c0,https://xoso.com.vn/xsmt-18-10-2020.html,OK
2020-10-21,Wednesday,KHANH_HOA,087205,44115,02664,03497,88063,09166,02593,00367,10644,99432,48639,20702,1603,3533,2791,5546,831,74,d3eb13cb2393f9c1,https://xoso.com.vn/xsmt-21-10-2020.html,OK
2020-10-25,Sunday,KHANH_HOA,624615,86806,65351,96532,71394,74186,51455,43212,61046,48013,66370,22084,8416,6574,7736,8070,229,59,0118400337636b94,https://xoso.com.vn/xsmt-25-10-2020.html,OK
2020-10-28,Wednesday,KHANH_HOA,067281,32556,48699,80118,13832,25830,87204,75605,38621,29941,13359,70238,6303,3142,3751,7972,723,51,89160a4a5f9caa4c,https://xoso.com.vn/xsmt-28-10-2020.html,OK
2020-11-01,Sunday,KHANH_HOA,412894,66541,52004,14773,84667,26853,18455,45210,76226,59406,68295,67080,4122,4456,8838,5798,991,51,4eaada854f5af3e9,https://xoso.com.vn/xsmt-01-11-2020.html,OK
2020-11-04,Wednesday,KHANH_HOA,937690,41539,22032,85447,37220,18812,28830,76873,29864,20921,87058,13275,4403,9539,0411,9259,435,31,fd52a01797c0ca41,https://xoso.com.vn/xsmt-04-11-2020.html,OK
2020-11-08,Sunday,KHANH_HOA,721099,38276,38321,28118,28014,51210,05833,37159,43303,78609,62172,26212,9375,3651,6279,7543,845,14,6960e89a00e354d9,https://xoso.com.vn/xsmt-08-11-2020.html,OK
2020-11-11,Wednesday,KHANH_HOA,182711,14707,27474,75059,20466,55549,57619,92420,78171,92617,41020,88036,6983,9602,7607,8658,293,45,97a8664d5dd5791f,https://xoso.com.vn/xsmt-11-11-2020.html,OK
2020-11-15,Sunday,KHANH_HOA,690232,25805,59907,77887,10044,17888,21764,37989,93420,02810,52289,68662,9167,6046,2822,7661,183,21,4f5f66828fc0893f,https://xoso.com.vn/xsmt-15-11-2020.html,OK
2020-11-18,Wednesday,KHANH_HOA,100998,35077,28155,93125,01579,26770,09455,43726,22778,68698,39811,32337,1582,2567,7492,6304,350,39,ce3498e3eb74988a,https://xoso.com.vn/xsmt-18-11-2020.html,OK
2020-11-22,Sunday,KHANH_HOA,614700,95436,61864,77613,12380,57873,32593,22687,72958,81614,19363,04573,1015,5461,1285,2302,733,40,0f98428d2afe4d6a,https://xoso.com.vn/xsmt-22-11-2020.html,OK
2020-11-25,Wednesday,KHANH_HOA,075944,66774,19045,21021,66098,36613,78039,99430,49271,99110,98802,48868,6683,3232,3985,0927,108,20,5c11be71320b8df0,https://xoso.com.vn/xsmt-25-11-2020.html,OK
2020-11-29,Sunday,KHANH_HOA,906148,46636,72228,43220,89692,56140,53668,81633,31425,47941,73124,33807,0931,0347,6214,3594,702,93,faa25038a154cc34,https://xoso.com.vn/xsmt-29-11-2020.html,OK
2020-12-02,Wednesday,KHANH_HOA,597765,08240,86465,36196,59279,66639,26986,24339,26222,77952,73742,23662,7663,1148,4603,8250,052,04,38235dce7fed1846,https://xoso.com.vn/xsmt-02-12-2020.html,OK
2020-12-06,Sunday,KHANH_HOA,523628,03935,13610,55343,79153,44376,60806,78676,82747,52553,89097,46546,8069,4347,6130,9420,746,22,b0413e862d209dae,https://xoso.com.vn/xsmt-06-12-2020.html,OK
2020-12-09,Wednesday,KHANH_HOA,788252,71661,34197,26304,54211,93715,13532,32665,01991,67132,90821,08176,9559,6448,4989,1681,568,68,daca21b3cf61d1df,https://xoso.com.vn/xsmt-09-12-2020.html,OK
2020-12-13,Sunday,KHANH_HOA,686373,43962,45417,44826,09456,02369,54252,06597,24914,71297,10710,09544,1062,7325,4833,0857,501,49,17fba13541083dd1,https://xoso.com.vn/xsmt-13-12-2020.html,OK
2020-12-16,Wednesday,KHANH_HOA,239982,91533,28993,67677,96044,50675,95931,35527,73310,92231,63873,89865,6311,7637,4139,3304,598,31,9db3d333695cd17a,https://xoso.com.vn/xsmt-16-12-2020.html,OK
2020-12-20,Sunday,KHANH_HOA,464766,84643,88875,75560,59497,40722,58067,07545,83670,53558,86672,51978,9270,1308,5097,1759,067,21,5169e711377ddfc1,https://xoso.com.vn/xsmt-20-12-2020.html,OK
2020-12-23,Wednesday,KHANH_HOA,389596,38104,94540,65753,18479,67346,27920,66554,05565,45296,35179,27827,5906,9764,6436,7287,205,45,363d127334d087c1,https://xoso.com.vn/xsmt-23-12-2020.html,OK
2020-12-27,Sunday,KHANH_HOA,922682,78550,29877,00429,91943,22639,91613,56697,01257,09454,75093,85812,2647,0345,6716,8379,776,16,dca401fccda529dc,https://xoso.com.vn/xsmt-27-12-2020.html,OK
2020-12-30,Wednesday,KHANH_HOA,080716,18438,40537,77531,14856,59514,22720,55049,78176,12083,84986,65398,1635,7249,1716,9251,487,31,a05cf7bea882a24d,https://xoso.com.vn/xsmt-30-12-2020.html,OK
2021-01-03,Sunday,KHANH_HOA,624564,08050,17794,40767,01745,86967,49098,74711,97252,93962,27339,39503,4949,4224,3582,3162,439,42,bee691f144676645,https://xoso.com.vn/xsmt-03-01-2021.html,OK
2021-01-06,Wednesday,KHANH_HOA,821823,22725,66600,06329,06144,57557,50994,57208,72725,83725,44924,96492,7186,9843,7105,5777,550,50,e12bada11b417510,https://xoso.com.vn/xsmt-06-01-2021.html,OK
2021-01-10,Sunday,KHANH_HOA,905621,66184,95853,47684,51530,33224,15734,10190,76307,88553,09441,99024,8246,6432,1507,3834,661,81,2e6d3ca4c52e7130,https://xoso.com.vn/xsmt-10-01-2021.html,OK
2021-01-13,Wednesday,KHANH_HOA,453716,04340,93804,06154,24993,73628,36290,15918,98383,79699,30621,19344,9625,6170,4540,0705,963,89,bf32a56c18e5191e,https://xoso.com.vn/xsmt-13-01-2021.html,OK
2021-01-17,Sunday,KHANH_HOA,921507,82246,36922,29848,86240,31390,29125,70699,99817,41187,60157,30794,7665,2174,9118,2720,881,97,59c407209b87e560,https://xoso.com.vn/xsmt-17-01-2021.html,OK
2021-01-20,Wednesday,KHANH_HOA,487902,13449,14842,19106,69830,90951,18699,90523,01895,10277,59523,37557,0330,5802,3295,3816,135,19,e76579c1d33e9b0a,https://xoso.com.vn/xsmt-20-01-2021.html,OK
2021-01-24,Sunday,KHANH_HOA,844750,83421,56609,87236,90980,92023,02186,21718,04057,43261,42033,88983,1810,0835,2197,4238,183,75,44816f520beff32d,https://xoso.com.vn/xsmt-24-01-2021.html,OK
2021-01-27,Wednesday,KHANH_HOA,648891,01998,08356,52013,51053,29764,41798,30737,71238,77947,28400,41983,6008,4427,2656,3971,067,57,dca0c5f1e1675a0b,https://xoso.com.vn/xsmt-27-01-2021.html,OK
2021-01-31,Sunday,KHANH_HOA,529372,63120,44396,42199,42271,88168,04467,49988,48469,03010,97880,35707,5450,3943,9383,0906,704,74,371260bbfebee0d0,https://xoso.com.vn/xsmt-31-01-2021.html,OK
2021-02-03,Wednesday,KHANH_HOA,390746,28997,66455,07572,02497,25375,07054,03035,46841,54278,83573,20343,1873,4587,9613,4377,856,78,c73b1ac5c67c5809,https://xoso.com.vn/xsmt-03-02-2021.html,OK
2021-02-07,Sunday,KHANH_HOA,335057,49372,25323,75115,31132,82234,26940,20277,99408,21848,02672,10790,0472,8186,9827,7869,071,64,de40235a9b281abb,https://xoso.com.vn/xsmt-07-02-2021.html,OK
2021-02-10,Wednesday,KHANH_HOA,537181,63556,26947,14112,82039,53806,31446,89495,55287,44553,77971,57496,9661,8655,2032,0577,119,75,05f899bcdca0376b,https://xoso.com.vn/xsmt-10-02-2021.html,OK
2021-02-14,Sunday,KHANH_HOA,305078,85296,44538,55194,01809,08793,69063,90702,13536,75373,39447,80558,2062,3812,7724,7576,323,20,9881a20422ffcb5e,https://xoso.com.vn/xsmt-14-02-2021.html,OK
2021-02-17,Wednesday,KHANH_HOA,547650,51580,57207,90814,82807,39088,03691,54337,99017,75646,26337,82445,5128,0727,7837,2534,891,36,0f12f48489cda92e,https://xoso.com.vn/xsmt-17-02-2021.html,OK
2021-02-21,Sunday,KHANH_HOA,206729,90887,67004,50682,54942,13143,43953,95555,56414,06525,60032,74041,8052,9661,7919,8066,727,89,f92c77ac80f2e987,https://xoso.com.vn/xsmt-21-02-2021.html,OK
2021-02-24,Wednesday,KHANH_HOA,313273,28950,96754,32005,31999,24689,79788,86635,45206,96819,54322,34964,3320,9098,3285,8168,077,48,c3e88221b8501433,https://xoso.com.vn/xsmt-24-02-2021.html,OK
2021-02-28,Sunday,KHANH_HOA,344865,90667,83434,02911,02255,33135,13762,96403,36207,50264,89838,24318,5252,2725,9645,9326,134,38,753a22dde66b3fb1,https://xoso.com.vn/xsmt-28-02-2021.html,OK
2021-03-03,Wednesday,KHANH_HOA,080579,66621,61081,90043,50642,88785,11239,31515,03503,29448,48425,96144,5852,3845,3582,7215,676,76,46cd18d80c896d00,https://xoso.com.vn/xsmt-03-03-2021.html,OK
2021-03-07,Sunday,KHANH_HOA,201920,24926,66662,09537,41485,71498,75925,33315,12060,41860,94374,01614,4150,9290,6362,1644,850,92,9fc43ad0e84c7174,https://xoso.com.vn/xsmt-07-03-2021.html,OK
2021-03-10,Wednesday,KHANH_HOA,173514,13395,95342,41968,05405,99234,72694,51948,67760,93631,63793,57665,7378,7575,8191,7347,193,29,65c2bca89b94b7d2,https://xoso.com.vn/xsmt-10-03-2021.html,OK
2021-03-14,Sunday,KHANH_HOA,492933,18387,43345,18837,22769,87137,37016,59250,29326,66872,56661,96966,5453,8451,8370,7881,290,34,c15eb3fb0cbedd55,https://xoso.com.vn/xsmt-14-03-2021.html,OK
2021-03-17,Wednesday,KHANH_HOA,728479,81088,02860,35473,37395,34891,26553,47947,21809,25629,29803,40307,6060,6143,5622,9463,055,91,bc98242601d943fa,https://xoso.com.vn/xsmt-17-03-2021.html,OK
2021-03-21,Sunday,KHANH_HOA,984122,72626,39220,77005,92538,78797,24766,94998,93502,99072,44510,00936,6447,3131,7459,9187,083,17,614e3fafaf03bc1b,https://xoso.com.vn/xsmt-21-03-2021.html,OK
2021-03-24,Wednesday,KHANH_HOA,508348,84316,96871,28109,34923,12817,95210,97762,81006,80234,06161,56123,5151,2202,0284,8175,424,40,dbcd122dbfb54ceb,https://xoso.com.vn/xsmt-24-03-2021.html,OK
2021-03-28,Sunday,KHANH_HOA,175368,88666,26283,94796,39407,02359,07980,11841,02982,37052,65514,32574,1117,1290,6514,0345,949,04,63d46ed1279466c4,https://xoso.com.vn/xsmt-28-03-2021.html,OK
2021-03-31,Wednesday,KHANH_HOA,205383,01087,16932,90673,63145,83018,51983,27756,47018,32263,09672,57402,8580,3939,9956,4204,844,42,948c78fa25787e1e,https://xoso.com.vn/xsmt-31-03-2021.html,OK
2021-04-04,Sunday,KHANH_HOA,622517,69885,53827,42188,43847,22517,00615,00056,01132,41043,46229,77423,8156,1801,6959,8807,271,91,950b41b9bf05360f,https://xoso.com.vn/xsmt-04-04-2021.html,OK
2021-04-07,Wednesday,KHANH_HOA,147653,05352,38642,11474,66143,10516,96208,98947,83457,70050,41798,22835,3241,6274,4091,1981,571,66,9dea9b321ce6c05e,https://xoso.com.vn/xsmt-07-04-2021.html,OK
2021-04-11,Sunday,KHANH_HOA,741494,70651,44995,96669,74475,92305,54058,17603,80519,53392,56099,69741,2992,4256,7226,5911,633,33,3ec36421162f814e,https://xoso.com.vn/xsmt-11-04-2021.html,OK
2021-04-14,Wednesday,KHANH_HOA,872207,85623,77709,67932,76196,38896,20078,28922,36695,95905,06101,25074,7793,7360,0291,1501,545,99,bd5c30806f15b19c,https://xoso.com.vn/xsmt-14-04-2021.html,OK
2021-04-18,Sunday,KHANH_HOA,179576,31946,41771,60062,26258,27684,68194,38097,70786,78111,80279,17439,3936,4561,3571,7874,387,51,49c4e925495f630e,https://xoso.com.vn/xsmt-18-04-2021.html,OK
2021-04-21,Wednesday,KHANH_HOA,090424,22926,17357,17187,22532,56143,42674,16993,63418,93281,57718,79551,3036,3433,1404,4974,318,87,0a95fcfdab3f8c59,https://xoso.com.vn/xsmt-21-04-2021.html,OK
2021-04-25,Sunday,KHANH_HOA,290568,92204,60315,46584,74507,27715,73790,25442,82012,57875,44514,09337,6245,9190,9641,5119,881,90,77296d3e93b38761,https://xoso.com.vn/xsmt-25-04-2021.html,OK
2021-04-28,Wednesday,KHANH_HOA,927843,31338,93117,25337,77736,32675,89144,82190,99335,04450,06583,46016,4185,1882,7179,7024,001,59,1676632106beb090,https://xoso.com.vn/xsmt-28-04-2021.html,OK
2021-05-02,Sunday,KHANH_HOA,689925,83050,60931,22140,18375,10474,28586,67741,71985,16482,92652,09087,1891,0069,9756,0432,984,64,74f91e7000b03ce3,https://xoso.com.vn/xsmt-02-05-2021.html,OK
2021-05-05,Wednesday,KHANH_HOA,726801,07141,27884,57750,61055,78061,93144,76828,89514,47630,22366,57143,5529,4053,9183,6112,639,89,6d0f37307df68352,https://xoso.com.vn/xsmt-05-05-2021.html,OK
2021-05-09,Sunday,KHANH_HOA,871627,10740,39445,33647,59917,77139,40007,21149,32268,60984,72497,41865,7653,2513,8945,5659,078,54,19b241279dd85a37,https://xoso.com.vn/xsmt-09-05-2021.html,OK
2021-05-12,Wednesday,KHANH_HOA,951922,39232,93844,34173,41738,27923,83857,83809,58747,22687,98206,19472,3526,0139,1879,3463,387,15,141caf1b0bbe9940,https://xoso.com.vn/xsmt-12-05-2021.html,OK
2021-05-16,Sunday,KHANH_HOA,650162,23622,46614,10993,87601,90340,44042,02667,63925,94258,64295,07587,5972,3224,3550,0801,207,79,ace822e843abcd1a,https://xoso.com.vn/xsmt-16-05-2021.html,OK
2021-05-19,Wednesday,KHANH_HOA,146642,79985,91763,10276,44363,89654,03792,66937,32598,90974,16775,40680,8321,1138,9116,8340,090,32,1cfd076687b18937,https://xoso.com.vn/xsmt-19-05-2021.html,OK
2021-05-23,Sunday,KHANH_HOA,874062,96826,87253,18506,02242,98886,14061,00486,25961,46847,08028,15097,6142,4060,4320,5224,526,98,f95748e9817a7843,https://xoso.com.vn/xsmt-23-05-2021.html,OK
2021-05-26,Wednesday,KHANH_HOA,631010,71505,22752,88278,29747,56744,62117,97997,57006,38486,70486,06823,9683,0343,6971,9945,764,32,b65bf603b26bc8ed,https://xoso.com.vn/xsmt-26-05-2021.html,OK
2021-05-30,Sunday,KHANH_HOA,938452,62547,20384,26741,04193,38387,26079,68937,78146,43835,64937,60591,6850,6711,5521,4118,721,23,3c0e4c53901889e0,https://xoso.com.vn/xsmt-30-05-2021.html,OK
2021-06-02,Wednesday,KHANH_HOA,094222,82704,38618,64555,10084,03432,37589,21464,72544,00955,52164,65060,1939,0701,9175,1058,457,45,f1709dd513f0c3ea,https://xoso.com.vn/xsmt-02-06-2021.html,OK
2021-06-06,Sunday,KHANH_HOA,572857,13620,93663,54379,25450,10632,34895,71380,65715,40679,29402,29604,2149,8275,0558,3220,774,67,e7e032307549d99a,https://xoso.com.vn/xsmt-06-06-2021.html,OK
2021-06-09,Wednesday,KHANH_HOA,082789,05520,30821,82051,60011,84721,48691,88176,18216,59298,06478,57604,1444,4612,6411,9102,999,18,1061997cde49bd38,https://xoso.com.vn/xsmt-09-06-2021.html,OK
2021-06-13,Sunday,KHANH_HOA,691870,40569,83575,31560,82558,74875,72543,28443,34653,96933,40028,91013,1873,2888,7523,2225,265,68,522ece0ae4037b82,https://xoso.com.vn/xsmt-13-06-2021.html,OK
2021-06-16,Wednesday,KHANH_HOA,451737,99284,73595,73300,32591,66270,42959,10051,23533,10300,04696,61261,4363,6182,6442,9697,274,97,2bcba1d2199fc2cf,https://xoso.com.vn/xsmt-16-06-2021.html,OK
2021-06-20,Sunday,KHANH_HOA,375658,88387,74222,10412,39411,29100,04978,32687,07785,50639,64185,49201,4056,7779,8964,4470,711,02,0b1bb31757f85973,https://xoso.com.vn/xsmt-20-06-2021.html,OK
2021-06-23,Wednesday,KHANH_HOA,462695,15515,35047,90746,29153,25012,36456,20300,58873,90846,47245,76610,0152,0455,6900,3002,781,75,10d55cb47c245057,https://xoso.com.vn/xsmt-23-06-2021.html,OK
2021-06-27,Sunday,KHANH_HOA,594681,41905,15356,35893,39964,38406,93997,40038,31121,40354,35098,23880,5827,4565,4014,7679,101,16,fe4f2b11e631ac85,https://xoso.com.vn/xsmt-27-06-2021.html,OK
2021-06-30,Wednesday,KHANH_HOA,151406,19205,11799,89725,60620,16978,43875,99100,92174,09131,88346,23836,5530,8034,9881,5993,827,53,29d46275cadc53e3,https://xoso.com.vn/xsmt-30-06-2021.html,OK
2021-07-04,Sunday,KHANH_HOA,666138,32446,55036,12056,52282,62886,70659,55591,21667,34492,60327,40733,2538,4440,5428,7040,514,93,c1c348bde92eb0ee,https://xoso.com.vn/xsmt-04-07-2021.html,OK
2021-07-07,Wednesday,KHANH_HOA,412464,82560,16594,75458,27469,93822,74702,43205,34037,17777,61162,26780,4213,0219,7223,4432,934,23,5cfb942bc5758e4c,https://xoso.com.vn/xsmt-07-07-2021.html,OK
2021-07-11,Sunday,KHANH_HOA,448219,23393,71897,61252,15335,56200,06333,77911,29867,29666,20766,51242,4972,6631,9128,1251,172,38,95f2e7b731c8de0b,https://xoso.com.vn/xsmt-11-07-2021.html,OK
2021-07-14,Wednesday,KHANH_HOA,486367,36337,76960,55030,08723,60217,66175,39913,50756,38214,19804,33011,1750,1398,4413,5203,241,47,de6e0cd208a1c9a0,https://xoso.com.vn/xsmt-14-07-2021.html,OK
2021-07-18,Sunday,KHANH_HOA,982874,58518,85262,91733,25547,41178,26524,21274,48685,27261,64897,28381,5711,6460,2613,9240,416,15,19af9a8ab45404fb,https://xoso.com.vn/xsmt-18-07-2021.html,OK
2021-07-21,Wednesday,KHANH_HOA,610228,90874,45716,38489,67809,04545,53355,58806,42349,26348,37330,25402,7003,5719,1318,9472,887,71,746e7e6c1094b2c4,https://xoso.com.vn/xsmt-21-07-2021.html,OK
2021-07-25,Sunday,KHANH_HOA,800890,72178,46793,25649,20320,28761,95214,81437,96060,34397,70926,17088,8538,3896,9467,9306,031,62,4a6b9edf0eb0b5ea,https://xoso.com.vn/xsmt-25-07-2021.html,OK
2021-08-11,Wednesday,KHANH_HOA,424362,39201,40356,69473,60121,55862,08810,10167,11029,35582,61260,82048,5487,9080,2612,5615,983,76,b2dc44fb38d006e4,https://xoso.com.vn/xsmt-11-08-2021.html,OK
2021-08-15,Sunday,KHANH_HOA,439597,61526,20891,28456,57922,90152,75205,89687,97729,98174,59799,77269,0419,2794,3922,4302,405,82,db39746c39f5c727,https://xoso.com.vn/xsmt-15-08-2021.html,OK
2021-08-18,Wednesday,KHANH_HOA,925757,43424,79293,38958,42909,48654,84533,34591,26473,33156,28563,11316,0788,7490,7287,4886,859,31,b1acaeec30d9e49e,https://xoso.com.vn/xsmt-18-08-2021.html,OK
2021-08-22,Sunday,KHANH_HOA,297454,01717,86624,73054,91527,55682,41471,00952,53416,60832,70410,76931,8120,9394,9258,8848,792,65,acf9a1a284e3e959,https://xoso.com.vn/xsmt-22-08-2021.html,OK
2021-08-25,Wednesday,KHANH_HOA,141201,02006,68210,07607,60534,58269,47110,84537,87056,27715,63376,17085,9446,2338,9100,0530,898,36,95f666c53e533d8a,https://xoso.com.vn/xsmt-25-08-2021.html,OK
2021-08-29,Sunday,KHANH_HOA,223514,40058,94504,83959,70151,87020,09576,28949,22287,19015,60961,00509,4760,8553,8674,2884,858,40,81e2b95a718bfcd6,https://xoso.com.vn/xsmt-29-08-2021.html,OK
2021-09-01,Wednesday,KHANH_HOA,709547,07685,77080,61632,05611,77399,88417,93930,81251,85581,71710,84075,7145,0485,6655,8578,227,91,1500e66171fb1577,https://xoso.com.vn/xsmt-01-09-2021.html,OK
2021-09-05,Sunday,KHANH_HOA,081215,96024,29949,95725,25105,64142,42705,12021,40846,94001,88641,73209,3555,3775,7751,1114,302,47,4d8b0f8815cf6661,https://xoso.com.vn/xsmt-05-09-2021.html,OK
2021-09-08,Wednesday,KHANH_HOA,783777,30126,91371,42968,11696,10517,83500,10468,11014,95396,72031,49267,5822,6242,7032,6379,581,67,41435b1bc9f01c1b,https://xoso.com.vn/xsmt-08-09-2021.html,OK
2021-09-12,Sunday,KHANH_HOA,756190,18072,34239,27998,07227,68239,41837,21747,49808,85742,72180,54950,8613,4722,2503,3440,061,78,3d3927a88e269ca1,https://xoso.com.vn/xsmt-12-09-2021.html,OK
2021-09-15,Wednesday,KHANH_HOA,718896,50521,06409,09725,61303,41170,32821,48278,20431,70258,63270,89752,5362,0896,5241,5822,032,19,cb76730a262c3c55,https://xoso.com.vn/xsmt-15-09-2021.html,OK
2021-09-19,Sunday,KHANH_HOA,201479,74201,28691,29536,18754,82939,94299,47007,79135,14213,17154,55732,8457,2860,5355,4564,655,11,a34d20a3f4410449,https://xoso.com.vn/xsmt-19-09-2021.html,OK
2021-09-22,Wednesday,KHANH_HOA,676117,97832,60825,86234,25382,03060,09446,25956,90577,11307,86989,68620,9099,5281,5169,3762,329,40,2b565d030c1eece4,https://xoso.com.vn/xsmt-22-09-2021.html,OK
2021-09-26,Sunday,KHANH_HOA,293851,33236,11413,23871,73087,83142,58981,13911,90341,90435,98865,20639,5197,9765,2217,0384,419,39,dc3cdbb94a983b43,https://xoso.com.vn/xsmt-26-09-2021.html,OK
2021-09-29,Wednesday,KHANH_HOA,682041,78450,14673,71373,81437,05205,92481,57690,74361,20438,02641,46052,8637,8617,2695,4515,269,85,5d019ffdb4591d4b,https://xoso.com.vn/xsmt-29-09-2021.html,OK
2021-10-03,Sunday,KHANH_HOA,619113,76572,34096,81747,27013,64918,58765,21920,85276,98798,80272,69234,2401,4667,4299,9895,793,79,09c096df815c919a,https://xoso.com.vn/xsmt-03-10-2021.html,OK
2021-10-06,Wednesday,KHANH_HOA,648362,70210,49607,03796,83281,44358,96933,26432,51574,60538,41267,34293,6446,5859,5715,8982,133,58,0fc941bf17ed1969,https://xoso.com.vn/xsmt-06-10-2021.html,OK
2021-10-10,Sunday,KHANH_HOA,226378,49481,14935,55644,33992,02876,60850,13458,20280,93906,87608,04287,8932,4277,9771,8260,168,67,91552e6b85cfa3fc,https://xoso.com.vn/xsmt-10-10-2021.html,OK
2021-10-13,Wednesday,KHANH_HOA,963167,30849,34137,42640,90794,31623,22954,52003,40075,92255,81326,54096,1469,5449,6847,7378,928,67,f5be684346fdd43f,https://xoso.com.vn/xsmt-13-10-2021.html,OK
2021-10-17,Sunday,KHANH_HOA,848313,54783,22635,33955,86893,41987,83885,93385,58033,93865,41498,51545,4963,0667,2215,7344,599,67,83fe97103fb4db28,https://xoso.com.vn/xsmt-17-10-2021.html,OK
2021-10-20,Wednesday,KHANH_HOA,431308,62306,08245,72341,72696,15363,17848,13753,88479,61071,49033,11135,3078,8936,8182,5301,601,85,ed56d0c7f2843a4e,https://xoso.com.vn/xsmt-20-10-2021.html,OK
2021-10-24,Sunday,KHANH_HOA,780249,04333,57731,61434,49847,26983,42712,44802,47397,78057,83688,68600,5635,2155,0750,1913,801,70,c72cb6fab080f0c3,https://xoso.com.vn/xsmt-24-10-2021.html,OK
2021-10-27,Wednesday,KHANH_HOA,776377,64514,87857,55601,86341,06592,79133,45923,01475,90345,13056,79053,2817,5455,7643,4765,788,20,d123ed3079467ab7,https://xoso.com.vn/xsmt-27-10-2021.html,OK
2021-10-31,Sunday,KHANH_HOA,664225,26237,20146,93068,40988,83518,46830,08471,97599,97439,26017,66380,4742,2863,1132,5480,044,66,51338a532ef8bfb6,https://xoso.com.vn/xsmt-31-10-2021.html,OK
2021-11-03,Wednesday,KHANH_HOA,124286,44460,06075,54335,39342,45675,08183,43385,50344,01070,01667,87575,5788,9533,7616,4268,208,41,09ef28576cd31bc2,https://xoso.com.vn/xsmt-03-11-2021.html,OK
2021-11-07,Sunday,KHANH_HOA,582257,85876,38921,90524,19217,99317,32946,46192,59541,13110,35526,71565,8850,0170,4035,0870,441,46,5d7dce95e0cf543e,https://xoso.com.vn/xsmt-07-11-2021.html,OK
2021-11-10,Wednesday,KHANH_HOA,497660,89774,74305,70191,56623,84298,25536,25114,03978,54427,76230,53475,9137,5358,3022,9870,615,85,a122b0903c9831f7,https://xoso.com.vn/xsmt-10-11-2021.html,OK
2021-11-14,Sunday,KHANH_HOA,944964,09248,78755,70670,14573,28483,83295,19944,60191,17871,75763,59853,0770,1764,6323,4939,448,25,affe68950b0ee603,https://xoso.com.vn/xsmt-14-11-2021.html,OK
2021-11-17,Wednesday,KHANH_HOA,662055,39863,55932,46113,79318,84403,54082,30779,02441,15191,46991,23060,2683,1609,1576,8910,051,79,1cf1393b55283d4c,https://xoso.com.vn/xsmt-17-11-2021.html,OK
2021-11-21,Sunday,KHANH_HOA,163825,13576,66355,31277,02684,38396,71462,20819,13586,99999,50032,41011,1329,3331,3723,3946,555,20,da0a264168cf58c2,https://xoso.com.vn/xsmt-21-11-2021.html,OK
2021-11-24,Wednesday,KHANH_HOA,594992,91162,80651,95795,50155,82288,81597,07119,53246,49467,77938,18650,5555,5714,2728,3027,039,78,c07394e0c4cd1631,https://xoso.com.vn/xsmt-24-11-2021.html,OK
2021-11-28,Sunday,KHANH_HOA,467908,88959,38503,02047,71474,64572,98605,97616,49506,86635,82342,37662,9688,7006,3559,7945,378,29,f5c5a15a266d6157,https://xoso.com.vn/xsmt-28-11-2021.html,OK
2021-12-01,Wednesday,KHANH_HOA,551882,96039,55386,47269,49616,73752,97053,11117,91142,13661,21099,25445,8217,4242,9713,3866,637,92,94c978ed85eb261b,https://xoso.com.vn/xsmt-01-12-2021.html,OK
2021-12-05,Sunday,KHANH_HOA,806752,10226,54837,62043,86441,62038,22359,08462,04801,74801,86494,97929,0686,9285,0244,0632,662,15,da4583da7919b337,https://xoso.com.vn/xsmt-05-12-2021.html,OK
2021-12-08,Wednesday,KHANH_HOA,019125,24115,72888,58675,06782,08314,17861,38792,05024,19800,80574,79852,9895,9518,3480,4012,195,21,aa1807ae6022e273,https://xoso.com.vn/xsmt-08-12-2021.html,OK
2021-12-12,Sunday,KHANH_HOA,273159,01087,16302,53064,90817,28124,51171,68123,56576,45489,77523,04438,6177,8041,4654,4346,623,43,d1a3731b7b140782,https://xoso.com.vn/xsmt-12-12-2021.html,OK
2021-12-15,Wednesday,KHANH_HOA,992395,28695,12777,15721,65767,41795,97747,74935,24682,48353,80196,21552,3829,0341,1977,7953,655,49,f8862bcc308d9792,https://xoso.com.vn/xsmt-15-12-2021.html,OK
2021-12-19,Sunday,KHANH_HOA,106874,31774,42355,69742,30432,31757,01500,76229,79808,23102,44124,40919,8301,3284,3086,9644,608,84,29ec38e016dc0a89,https://xoso.com.vn/xsmt-19-12-2021.html,OK
2021-12-22,Wednesday,KHANH_HOA,758352,49698,30240,90980,01399,71563,56225,31068,48769,39926,62354,20364,4179,3124,1159,0107,990,95,dac9b22c3de3d33c,https://xoso.com.vn/xsmt-22-12-2021.html,OK
2021-12-26,Sunday,KHANH_HOA,569935,24215,48244,78169,26070,03182,57725,32423,56406,00410,24824,40105,2507,1850,3643,7288,525,41,4796861c818922d5,https://xoso.com.vn/xsmt-26-12-2021.html,OK
2021-12-29,Wednesday,KHANH_HOA,307552,63661,40939,82893,93018,99300,16073,07443,83220,08332,30236,04631,7125,5922,2522,0672,424,49,268264fc5a59e485,https://xoso.com.vn/xsmt-29-12-2021.html,OK
2022-01-02,Sunday,KHANH_HOA,563169,80226,08724,83388,26510,57717,50428,84145,04585,46030,91116,95263,1952,0780,3668,0053,490,37,582ef2aa4864694b,https://xoso.com.vn/xsmt-02-01-2022.html,OK
2022-01-05,Wednesday,KHANH_HOA,883565,12421,12698,85881,72221,97207,88248,35483,36737,21803,89451,46872,8424,9603,5395,9836,193,51,652b871441836349,https://xoso.com.vn/xsmt-05-01-2022.html,OK
2022-01-09,Sunday,KHANH_HOA,310905,49485,71448,35543,84534,77366,57498,83710,33065,55017,79155,20201,4910,3092,6376,0255,992,56,87fff1a13b3a790a,https://xoso.com.vn/xsmt-09-01-2022.html,OK
2022-01-12,Wednesday,KHANH_HOA,611139,86240,46963,77309,33202,52313,85381,60276,51441,81905,80389,78244,0559,6385,5350,0858,970,94,c7b0d84d1679190c,https://xoso.com.vn/xsmt-12-01-2022.html,OK
2022-01-16,Sunday,KHANH_HOA,910609,54443,71339,02799,29760,11860,27999,69946,16269,77640,45749,68250,5535,1335,1952,2119,128,24,f543047dd6316a5e,https://xoso.com.vn/xsmt-16-01-2022.html,OK
2022-01-19,Wednesday,KHANH_HOA,435963,22251,99676,52215,86220,86968,98597,20329,39263,91472,57511,78923,5616,7747,4773,2732,561,85,edd7c2f9e2e0c3fd,https://xoso.com.vn/xsmt-19-01-2022.html,OK
2022-01-23,Sunday,KHANH_HOA,805230,18879,07641,26309,65779,67825,54267,06166,52057,85315,53115,42013,9177,9169,7523,5127,095,79,9ed90f27b4912496,https://xoso.com.vn/xsmt-23-01-2022.html,OK
2022-01-26,Wednesday,KHANH_HOA,733980,94636,49192,74333,91493,91628,52167,17536,39354,16726,40657,40875,2391,3853,8923,0734,487,87,e27c0e46d797c642,https://xoso.com.vn/xsmt-26-01-2022.html,OK
2022-01-30,Sunday,KHANH_HOA,704948,74903,32770,61118,43260,48417,99386,79411,54085,99156,80681,23735,3288,9319,5793,9414,162,34,96ab03ff62655710,https://xoso.com.vn/xsmt-30-01-2022.html,OK
2022-02-02,Wednesday,KHANH_HOA,589238,23536,75395,19759,07165,85832,86298,40025,62255,26806,72253,83126,7962,4335,0318,5374,762,85,44decb4027593fb1,https://xoso.com.vn/xsmt-02-02-2022.html,OK
2022-02-06,Sunday,KHANH_HOA,205817,95939,46667,58935,16944,71353,83623,34444,37213,69477,78812,35215,5243,8250,3430,9168,788,43,2cc244603c04f63c,https://xoso.com.vn/xsmt-06-02-2022.html,OK
2022-02-09,Wednesday,KHANH_HOA,215933,15734,78029,13375,14135,68215,73760,99890,77008,23026,09852,04874,8239,0844,8643,9545,365,45,9ff6b494c424461a,https://xoso.com.vn/xsmt-09-02-2022.html,OK
2022-02-13,Sunday,KHANH_HOA,163973,19538,06231,31504,17803,09034,18851,28235,46197,80255,13418,27756,4709,6898,9729,8877,953,06,50cdc95984c1ab02,https://xoso.com.vn/xsmt-13-02-2022.html,OK
2022-02-16,Wednesday,KHANH_HOA,335801,59965,66383,83606,53107,23861,73506,25900,03697,48798,29943,52388,0482,4210,3437,4391,752,55,aa51fe441f5242b6,https://xoso.com.vn/xsmt-16-02-2022.html,OK
2022-02-20,Sunday,KHANH_HOA,771563,86693,30054,20714,20779,76541,83745,79917,88606,33031,55069,96753,5699,3955,0018,7563,078,52,681c1124bd5315d4,https://xoso.com.vn/xsmt-20-02-2022.html,OK
2022-02-23,Wednesday,KHANH_HOA,742886,53438,55707,52161,54748,03985,77358,18856,34613,15128,74792,88212,1266,4172,3951,3313,068,77,4bfb5bb11935f1ca,https://xoso.com.vn/xsmt-23-02-2022.html,OK
2022-02-27,Sunday,KHANH_HOA,613217,58018,27198,36807,14898,41697,04378,79983,15856,82427,85308,43543,2713,0602,6439,8058,169,34,be8d781696b13fcd,https://xoso.com.vn/xsmt-27-02-2022.html,OK
2022-03-02,Wednesday,KHANH_HOA,623105,74233,34562,55162,78366,84725,92943,66835,30746,50489,09504,79292,5368,5583,9611,8308,171,28,70b94b3afed46f61,https://xoso.com.vn/xsmt-02-03-2022.html,OK
2022-03-06,Sunday,KHANH_HOA,376060,63827,21667,23305,13956,57596,35319,68768,76961,30029,45691,89349,9028,8780,7655,3480,143,61,04cb2f0619ecd7b2,https://xoso.com.vn/xsmt-06-03-2022.html,OK
2022-03-09,Wednesday,KHANH_HOA,263620,36967,77021,03091,59707,57248,97997,52250,76499,24564,55570,42759,0230,7233,6556,9752,142,63,1f3603b5e7a4e614,https://xoso.com.vn/xsmt-09-03-2022.html,OK
2022-03-13,Sunday,KHANH_HOA,793478,29594,40193,71805,90730,17771,38137,05362,02059,06812,16061,30025,8265,4927,6721,4312,587,78,058a5a2115aa30cb,https://xoso.com.vn/xsmt-13-03-2022.html,OK
2022-03-16,Wednesday,KHANH_HOA,465186,61515,99039,39296,76647,42219,15405,35159,65399,67120,86857,22552,3114,9623,6676,6344,195,18,cea91118259281f2,https://xoso.com.vn/xsmt-16-03-2022.html,OK
2022-03-20,Sunday,KHANH_HOA,954543,58395,95674,05616,57134,33590,37595,14793,60306,09768,35678,61615,8846,5204,9565,6420,924,75,70a40b52c6806c63,https://xoso.com.vn/xsmt-20-03-2022.html,OK
2022-03-23,Wednesday,KHANH_HOA,327912,65813,55059,99818,50164,96011,78391,05908,56091,92342,30062,36154,8007,1910,5024,7136,167,50,b8996f3c958be789,https://xoso.com.vn/xsmt-23-03-2022.html,OK
2022-03-27,Sunday,KHANH_HOA,672227,68876,59190,60614,55302,99303,76641,11912,63440,01239,17424,44073,8713,4665,7261,9838,380,47,d4ee271dbbcd43d3,https://xoso.com.vn/xsmt-27-03-2022.html,OK
2022-03-30,Wednesday,KHANH_HOA,123004,76906,09607,48503,03650,21238,95301,66769,09557,24546,30989,09560,5861,0118,3375,9503,892,19,dd483ee4917d9217,https://xoso.com.vn/xsmt-30-03-2022.html,OK
2022-04-03,Sunday,KHANH_HOA,793260,36219,99185,18460,62397,42807,33158,04943,67293,85098,00589,03656,8314,8856,2935,2582,734,57,db70faf0adf36f02,https://xoso.com.vn/xsmt-03-04-2022.html,OK
2022-04-06,Wednesday,KHANH_HOA,041452,31842,33926,98381,64513,21289,74712,48463,31533,11522,32737,83419,6371,5894,7053,8755,393,56,0114521409b5eb20,https://xoso.com.vn/xsmt-06-04-2022.html,OK
2022-04-10,Sunday,KHANH_HOA,219407,83607,60869,16576,70962,12718,61309,64718,25013,99215,25270,45542,7174,3551,4676,2556,405,14,63edfe5627a55537,https://xoso.com.vn/xsmt-10-04-2022.html,OK
2022-04-13,Wednesday,KHANH_HOA,603534,75546,12226,42951,79675,45449,69707,83100,27821,28522,89989,44371,3404,0689,8610,3699,289,09,5672d7469c825c46,https://xoso.com.vn/xsmt-13-04-2022.html,OK
2022-04-17,Sunday,KHANH_HOA,050624,27043,46824,74971,03510,13719,73468,77801,57693,98262,55723,45323,8883,9012,0949,7113,295,48,921334634d04134c,https://xoso.com.vn/xsmt-17-04-2022.html,OK
2022-04-20,Wednesday,KHANH_HOA,830914,71539,99334,12146,21671,02374,82690,39630,89440,59510,01851,79959,9127,7926,1615,6535,923,57,fbc9637da0bc7cb5,https://xoso.com.vn/xsmt-20-04-2022.html,OK
2022-04-24,Sunday,KHANH_HOA,784089,57919,59549,86224,48734,22710,38398,68474,87422,98369,49391,72499,3262,7385,1121,2396,976,03,5c1f7c5b202ce0ea,https://xoso.com.vn/xsmt-24-04-2022.html,OK
2022-04-27,Wednesday,KHANH_HOA,244246,96357,31479,34925,13902,13621,31095,95698,15147,52322,34588,98036,1921,9537,7714,3105,287,13,ea4a830d3bfa40c4,https://xoso.com.vn/xsmt-27-04-2022.html,OK
2022-05-01,Sunday,KHANH_HOA,562960,46069,85586,92781,34675,15933,04870,10803,58575,26861,57741,15408,1779,3111,7262,3866,357,83,2c8a2e64ca6acd73,https://xoso.com.vn/xsmt-01-05-2022.html,OK
2022-05-04,Wednesday,KHANH_HOA,130603,88662,81952,37442,40891,11333,76111,17536,46540,05685,20596,37414,6024,4725,9809,3674,734,44,d06fd39bc4f0df15,https://xoso.com.vn/xsmt-04-05-2022.html,OK
2022-05-08,Sunday,KHANH_HOA,154202,96519,96945,65532,34604,30319,17790,52199,09525,62553,13705,10520,2593,3267,3813,9060,486,64,a4c09c7594462b17,https://xoso.com.vn/xsmt-08-05-2022.html,OK
2022-05-11,Wednesday,KHANH_HOA,269222,54251,81335,75467,76992,33953,67099,83887,01498,57686,35947,90557,8090,2530,1086,8470,166,75,4677bf6388c27e72,https://xoso.com.vn/xsmt-11-05-2022.html,OK
2022-05-15,Sunday,KHANH_HOA,387627,68712,77684,69206,01072,52666,92637,72896,08951,73304,93225,05393,2292,0717,1240,3912,551,03,f98ea5fe88ba66d3,https://xoso.com.vn/xsmt-15-05-2022.html,OK
2022-05-18,Wednesday,KHANH_HOA,824337,95955,60761,87544,69980,72045,26581,90822,13419,79615,79632,09281,8371,3329,2833,8149,595,21,566ba9f78633862a,https://xoso.com.vn/xsmt-18-05-2022.html,OK
2022-05-22,Sunday,KHANH_HOA,399918,76858,13116,66208,91562,26210,13991,03632,57742,15565,84921,52426,3767,9332,2921,8540,869,60,c51ea657d2619ced,https://xoso.com.vn/xsmt-22-05-2022.html,OK
2022-05-25,Wednesday,KHANH_HOA,633266,98238,32338,87639,75997,89409,54176,84428,44392,97976,82992,36841,1682,4677,8459,2560,507,16,625eba7250af8b8c,https://xoso.com.vn/xsmt-25-05-2022.html,OK
2022-05-29,Sunday,KHANH_HOA,437272,87479,09601,23413,48784,50756,88750,50113,06829,22538,83688,80493,3436,7294,2774,7735,449,25,0204ec40a7f0ab1b,https://xoso.com.vn/xsmt-29-05-2022.html,OK
2022-06-01,Wednesday,KHANH_HOA,676212,19295,09204,71895,18453,18228,95491,44394,75111,31105,71660,57128,0888,6514,1027,3885,722,76,b98352a090d785d9,https://xoso.com.vn/xsmt-01-06-2022.html,OK
2022-06-05,Sunday,KHANH_HOA,084554,73506,03794,78636,27475,24629,66572,17367,30627,70373,48363,19570,7552,8977,0550,1922,667,57,2e60c600eace4f06,https://xoso.com.vn/xsmt-05-06-2022.html,OK
2022-06-08,Wednesday,KHANH_HOA,022074,93808,74140,30740,08678,89836,25851,16180,61788,84339,07207,20931,7967,3451,4777,7439,528,40,b26cb1cf5d828d9d,https://xoso.com.vn/xsmt-08-06-2022.html,OK
2022-06-12,Sunday,KHANH_HOA,195597,58860,85010,80587,32335,50226,19543,43757,81630,91116,45025,51655,6070,2576,7082,0143,242,26,c4f3090c13a8b20c,https://xoso.com.vn/xsmt-12-06-2022.html,OK
2022-06-15,Wednesday,KHANH_HOA,029256,32037,39499,77273,15282,98668,07496,94343,44426,30447,53501,37867,0152,7699,6329,5533,386,70,b591dcd5ee5b93dc,https://xoso.com.vn/xsmt-15-06-2022.html,OK
2022-06-19,Sunday,KHANH_HOA,084513,11026,71296,06399,52433,33929,26785,62982,18957,35406,54583,23667,2838,5603,9209,6769,307,05,4014c4148daf0e54,https://xoso.com.vn/xsmt-19-06-2022.html,OK
2022-06-22,Wednesday,KHANH_HOA,942153,33941,47264,10184,22367,13473,03623,24830,58118,29179,30221,72538,4415,9839,2663,1499,575,56,f7b33e2ca8b8f0cc,https://xoso.com.vn/xsmt-22-06-2022.html,OK
2022-06-26,Sunday,KHANH_HOA,164786,12455,90847,50318,70631,38886,43393,67444,82270,48506,69002,79906,2021,6527,9419,1877,200,33,ca5a8164c3d960b2,https://xoso.com.vn/xsmt-26-06-2022.html,OK
2022-06-29,Wednesday,KHANH_HOA,326189,87402,64222,86078,39954,01630,17762,29676,72645,09201,72430,52968,9207,2578,5313,2637,066,19,5967a4a3025ecce7,https://xoso.com.vn/xsmt-29-06-2022.html,OK
2022-07-03,Sunday,KHANH_HOA,378413,46102,74808,11689,28283,53271,86413,25673,43366,51679,29181,23067,6643,9632,2828,1370,510,08,4238d1584b34ce5c,https://xoso.com.vn/xsmt-03-07-2022.html,OK
2022-07-06,Wednesday,KHANH_HOA,442525,57880,84889,37160,51259,36116,82390,48152,41503,20979,18859,71519,1205,2608,9717,3168,338,16,281959e0c0ab97f9,https://xoso.com.vn/xsmt-06-07-2022.html,OK
2022-07-10,Sunday,KHANH_HOA,181011,76877,10385,68000,79585,10672,25182,14238,90563,85913,34336,52887,8331,8578,7966,0892,646,99,4e77914099f19a09,https://xoso.com.vn/xsmt-10-07-2022.html,OK
2022-07-13,Wednesday,KHANH_HOA,018537,11184,17869,02494,57376,68203,74522,85212,12992,91917,04098,10143,7911,7556,3724,6400,759,02,705706bc1e8c1e72,https://xoso.com.vn/xsmt-13-07-2022.html,OK
2022-07-17,Sunday,KHANH_HOA,694108,12417,64259,77020,79465,91766,06730,53275,11256,74073,67242,22957,5757,9182,8776,2165,658,96,382f61e1dfa95542,https://xoso.com.vn/xsmt-17-07-2022.html,OK
2022-07-20,Wednesday,KHANH_HOA,860889,48831,07440,92549,81108,41366,98442,79948,86208,37286,65365,23728,8761,4285,6984,6246,668,37,445ce94ee8b04cf4,https://xoso.com.vn/xsmt-20-07-2022.html,OK
2022-07-24,Sunday,KHANH_HOA,583024,70880,34423,43243,54092,96185,54015,91549,61199,91637,70630,74969,6917,3451,1409,4981,985,06,93d116e8c9192e97,https://xoso.com.vn/xsmt-24-07-2022.html,OK
2022-07-27,Wednesday,KHANH_HOA,793897,33166,43339,38581,82133,76253,85412,14952,06416,19826,17214,88193,6449,8242,6605,5248,216,08,b75f51e5d1f04a75,https://xoso.com.vn/xsmt-27-07-2022.html,OK
2022-07-31,Sunday,KHANH_HOA,779336,74670,42841,50192,20664,90860,08050,32478,02762,90429,25718,82298,6825,0703,2879,8378,166,17,52e9c8d9e0b33cff,https://xoso.com.vn/xsmt-31-07-2022.html,OK
2022-08-03,Wednesday,KHANH_HOA,137075,28595,10483,41157,61946,46647,23999,86120,82862,73301,42507,81300,1511,9563,4736,5788,662,99,0d05ec4026f877ea,https://xoso.com.vn/xsmt-03-08-2022.html,OK
2022-08-07,Sunday,KHANH_HOA,733571,12154,22483,36850,81839,86711,01893,85724,97717,54293,90570,25847,6062,3290,6493,3742,998,68,15292dbe709aa1db,https://xoso.com.vn/xsmt-07-08-2022.html,OK
2022-08-10,Wednesday,KHANH_HOA,157623,91145,00141,98739,48130,43107,48731,81022,93643,42820,58850,44727,4655,3188,2357,9837,809,07,35a4626a9f2aa8b3,https://xoso.com.vn/xsmt-10-08-2022.html,OK
2022-08-14,Sunday,KHANH_HOA,481534,07284,78910,03965,96695,39266,69409,27646,29810,34477,84551,84306,6313,9496,1421,1513,170,77,40ac6a93455ded5e,https://xoso.com.vn/xsmt-14-08-2022.html,OK
2022-08-17,Wednesday,KHANH_HOA,560571,76409,91711,59199,48260,17064,15918,36881,87364,17398,68905,34051,7831,4297,8195,7072,937,28,3cfe9080d9687b1e,https://xoso.com.vn/xsmt-17-08-2022.html,OK
2022-08-21,Sunday,KHANH_HOA,028483,01108,38993,03675,65109,12651,73510,52044,12565,45732,67175,31511,5790,1680,4266,7385,041,02,0dfe346ec1798359,https://xoso.com.vn/xsmt-21-08-2022.html,OK
2022-08-24,Wednesday,KHANH_HOA,738527,86160,58035,81731,14142,61602,90739,19340,34112,48034,10306,39977,4464,5065,0267,8029,647,12,767715e652b66b5b,https://xoso.com.vn/xsmt-24-08-2022.html,OK
2022-08-28,Sunday,KHANH_HOA,373724,76853,34603,84416,91136,72338,82452,85989,19970,75777,95544,06637,1784,9711,0196,3548,853,51,68bb643dc5098213,https://xoso.com.vn/xsmt-28-08-2022.html,OK
2022-08-31,Wednesday,KHANH_HOA,189387,37953,44093,20554,28010,77987,34325,98388,80087,93920,21262,12377,7381,8474,7535,7636,028,00,88a5a76716450e7c,https://xoso.com.vn/xsmt-31-08-2022.html,OK
2022-09-04,Sunday,KHANH_HOA,508930,30005,68431,98209,60870,10670,12791,23723,95883,97798,54828,05714,7962,0955,6585,4438,076,61,6b4e099fce20a036,https://xoso.com.vn/xsmt-04-09-2022.html,OK
2022-09-07,Wednesday,KHANH_HOA,867239,32912,02908,20690,62162,33897,80425,47550,77154,53855,11009,99208,4766,2538,3960,8038,503,58,02d9d0003dec28ef,https://xoso.com.vn/xsmt-07-09-2022.html,OK
2022-09-11,Sunday,KHANH_HOA,906362,40530,69121,12968,09384,62108,05006,07574,97902,08396,12906,50616,2491,6174,3306,5913,525,98,6a48c7716f7da743,https://xoso.com.vn/xsmt-11-09-2022.html,OK
2022-09-14,Wednesday,KHANH_HOA,264790,66832,39669,97840,33500,66600,89403,16411,10708,73745,43825,10280,9293,9840,1306,0461,424,37,77dcf06415395268,https://xoso.com.vn/xsmt-14-09-2022.html,OK
2022-09-18,Sunday,KHANH_HOA,507708,74090,56018,57347,73302,50127,28746,51379,10643,71587,83894,61033,0228,7989,1248,2376,856,09,1178c55818a78e62,https://xoso.com.vn/xsmt-18-09-2022.html,OK
2022-09-21,Wednesday,KHANH_HOA,984745,34843,13231,42910,19274,15148,31172,60499,71235,92967,45211,30648,2008,5583,4543,1815,050,13,0d347379a6b24e38,https://xoso.com.vn/xsmt-21-09-2022.html,OK
2022-09-25,Sunday,KHANH_HOA,793624,90891,58598,86667,85752,56600,45401,28715,41190,09214,52555,44308,1438,3990,1315,5153,623,33,dbb9bced99316eb1,https://xoso.com.vn/xsmt-25-09-2022.html,OK
2022-09-28,Wednesday,KHANH_HOA,834582,66111,09558,95990,34588,80050,44294,31850,28454,51518,37002,18722,4808,1506,2365,5686,474,04,301ab21e7e6c0f81,https://xoso.com.vn/xsmt-28-09-2022.html,OK
2022-10-02,Sunday,KHANH_HOA,580058,48153,84681,24170,19368,72968,92352,57442,89805,86137,90680,95519,7840,8381,7275,4217,887,63,9907f8a13ef3ef9b,https://xoso.com.vn/xsmt-02-10-2022.html,OK
2022-10-05,Wednesday,KHANH_HOA,992630,17042,88510,36897,21164,32405,55858,25315,79189,47012,27193,87999,0975,6392,2971,8310,483,72,dda15904b3f04929,https://xoso.com.vn/xsmt-05-10-2022.html,OK
2022-10-09,Sunday,KHANH_HOA,479938,85474,42259,21165,78487,58129,65507,99709,91144,02258,20705,00411,0029,5527,5792,0186,382,50,950af4f1fa30119e,https://xoso.com.vn/xsmt-09-10-2022.html,OK
2022-10-12,Wednesday,KHANH_HOA,636473,56346,20066,05595,54377,94078,59616,78036,50214,72339,73106,90632,0004,4077,1443,0778,067,10,0a3eacec4c3be1cc,https://xoso.com.vn/xsmt-12-10-2022.html,OK
2022-10-16,Sunday,KHANH_HOA,320350,19858,24809,75059,00083,39337,60217,36686,56067,75133,06524,12232,4515,3633,7565,5492,956,94,c7e94d178789ba6b,https://xoso.com.vn/xsmt-16-10-2022.html,OK
2022-10-19,Wednesday,KHANH_HOA,861224,80777,49803,65124,85812,91714,37887,32866,69418,32081,26529,12518,3512,7789,2032,5841,231,77,c20dd54bf47614f8,https://xoso.com.vn/xsmt-19-10-2022.html,OK
2022-10-23,Sunday,KHANH_HOA,752286,37607,83579,37926,89100,98311,21029,95762,44283,30551,77471,82038,2116,6319,6127,9626,576,86,f17e90b0f6fa5c3f,https://xoso.com.vn/xsmt-23-10-2022.html,OK
2022-10-26,Wednesday,KHANH_HOA,849868,60963,93372,85813,30459,87854,39010,75699,21050,57330,36133,14521,9149,6814,0242,1427,822,80,ad63b46a90ea2ad2,https://xoso.com.vn/xsmt-26-10-2022.html,OK
2022-10-30,Sunday,KHANH_HOA,281225,00089,91100,40346,48690,52857,44671,04961,64880,45740,60916,92771,8760,7985,8024,7557,225,76,1f66a0d63d17fb79,https://xoso.com.vn/xsmt-30-10-2022.html,OK
2022-11-02,Wednesday,KHANH_HOA,972290,69851,89414,54907,61356,37976,35849,21959,00769,81500,33034,17772,8042,6995,2087,8098,824,35,ab659b7e5d5f0216,https://xoso.com.vn/xsmt-02-11-2022.html,OK
2022-11-06,Sunday,KHANH_HOA,619047,25914,18259,58430,19366,21399,94198,64033,05944,38331,24331,37542,9109,2094,0088,2727,555,08,427b7b3134da6b4e,https://xoso.com.vn/xsmt-06-11-2022.html,OK
2022-11-09,Wednesday,KHANH_HOA,076919,97006,44091,52190,51563,16775,67694,14573,00311,66330,11252,90668,8662,6975,3291,2791,017,26,c651fe970d86ad35,https://xoso.com.vn/xsmt-09-11-2022.html,OK
2022-11-13,Sunday,KHANH_HOA,563304,71156,73874,15246,65129,10345,49689,93464,16913,57981,04569,92329,8619,7515,7570,8626,913,41,111297cb1e62214d,https://xoso.com.vn/xsmt-13-11-2022.html,OK
2022-11-16,Wednesday,KHANH_HOA,226848,91458,86937,22862,90144,58377,67807,02310,39022,26692,20269,37940,1435,4662,1299,1593,818,62,0d3623b20a7497ae,https://xoso.com.vn/xsmt-16-11-2022.html,OK
2022-11-20,Sunday,KHANH_HOA,445077,96809,54819,12124,34067,38763,63522,62794,42994,80562,35604,21598,2971,5241,9905,4425,946,02,6cd61cde28e7b706,https://xoso.com.vn/xsmt-20-11-2022.html,OK
2022-11-23,Wednesday,KHANH_HOA,069787,57702,83086,12054,82180,10705,36493,97870,70629,35175,24828,37670,0640,2806,9014,0888,520,58,3a1db19720045029,https://xoso.com.vn/xsmt-23-11-2022.html,OK
2022-11-27,Sunday,KHANH_HOA,392878,25923,26728,13683,95581,37407,33560,35756,47889,87077,20806,69745,4577,4523,7875,7632,732,39,a258cfd42b85a9e7,https://xoso.com.vn/xsmt-27-11-2022.html,OK
2022-11-30,Wednesday,KHANH_HOA,265909,37641,15013,74922,25136,04323,03733,02133,25500,25922,40764,57116,4852,1382,1489,1863,902,71,13773eb0132b69e4,https://xoso.com.vn/xsmt-30-11-2022.html,OK
2022-12-04,Sunday,KHANH_HOA,853245,95905,76327,79187,53643,58234,71041,50957,75053,98724,50581,89490,3869,2904,8722,7632,115,40,0323bc6bfbc16608,https://xoso.com.vn/xsmt-04-12-2022.html,OK
2022-12-07,Wednesday,KHANH_HOA,683516,23842,03552,22579,94535,40045,84826,10606,28327,19538,52046,40178,5035,8329,8572,3666,694,90,9c66b30f297a61af,https://xoso.com.vn/xsmt-07-12-2022.html,OK
2022-12-11,Sunday,KHANH_HOA,196869,52721,79998,59387,89345,34958,34873,49221,41079,99599,62960,34187,5525,1412,7069,5502,770,46,50466ad81801c88d,https://xoso.com.vn/xsmt-11-12-2022.html,OK
2022-12-14,Wednesday,KHANH_HOA,253246,30917,81423,08062,57383,45254,95283,33178,52953,65944,69771,51146,3495,5364,9982,3204,901,08,29cba22c9a9e2943,https://xoso.com.vn/xsmt-14-12-2022.html,OK
2022-12-18,Sunday,KHANH_HOA,640806,07930,73630,32011,82403,28751,76819,88605,09325,46423,98677,32273,0911,8355,5535,0769,926,70,68ecdcdc2c1396ba,https://xoso.com.vn/xsmt-18-12-2022.html,OK
2022-12-21,Wednesday,KHANH_HOA,020365,61008,43124,24384,18862,34197,80434,37673,62479,03060,19576,10479,7425,7824,6731,7888,873,62,a466dc76b00cb1da,https://xoso.com.vn/xsmt-21-12-2022.html,OK
2022-12-25,Sunday,KHANH_HOA,245326,96160,95926,64393,00639,32148,81647,34676,15426,14701,06239,25296,3442,2423,0319,6547,728,54,ce96da9ce9353f7f,https://xoso.com.vn/xsmt-25-12-2022.html,OK
2022-12-28,Wednesday,KHANH_HOA,310882,76741,11028,46051,10987,25716,87014,88748,16084,34905,36546,90045,1103,0884,2351,3227,252,93,279a4bc68b66cf24,https://xoso.com.vn/xsmt-28-12-2022.html,OK
2023-01-01,Sunday,KHANH_HOA,313644,88528,62140,55898,37552,42816,17683,21052,80002,98666,41587,52863,8291,4128,6164,1016,025,78,657744b70eb13e68,https://xoso.com.vn/xsmt-01-01-2023.html,OK
2023-01-04,Wednesday,KHANH_HOA,572718,86655,38852,48196,33335,84160,33412,88430,84858,74289,94751,05396,9364,8935,8762,3623,470,12,7ade3c04fe2aa535,https://xoso.com.vn/xsmt-04-01-2023.html,OK
2023-01-08,Sunday,KHANH_HOA,735768,80592,00132,44940,08822,23834,74903,05185,35353,21387,84017,16964,3338,0217,9591,8226,524,40,384ad207bdece5e3,https://xoso.com.vn/xsmt-08-01-2023.html,OK
2023-01-11,Wednesday,KHANH_HOA,356096,75155,10749,07448,54334,10216,91181,71908,36811,40528,19562,40243,5570,0626,8847,9330,178,25,5ccdc93b23215aeb,https://xoso.com.vn/xsmt-11-01-2023.html,OK
2023-01-15,Sunday,KHANH_HOA,416748,98474,63269,08873,96200,76044,14307,77067,22866,67697,12902,07372,4198,8855,3986,9802,145,00,b32e167a406d8fee,https://xoso.com.vn/xsmt-15-01-2023.html,OK
2023-01-18,Wednesday,KHANH_HOA,582736,25406,86266,69652,64299,87408,48562,78732,89016,09230,58439,25733,6904,3649,4563,4513,939,24,55d433180e81f524,https://xoso.com.vn/xsmt-18-01-2023.html,OK
2023-01-22,Sunday,KHANH_HOA,344924,71483,56791,34668,71278,37030,27075,65063,07556,11018,26108,22094,3839,8571,2060,0447,302,81,957dc166671ead1d,https://xoso.com.vn/xsmt-22-01-2023.html,OK
2023-01-25,Wednesday,KHANH_HOA,568906,93501,13907,39895,27890,51805,75735,83777,31308,91895,88079,13824,4132,4612,9537,9032,077,08,e9a457e7ff9eff56,https://xoso.com.vn/xsmt-25-01-2023.html,OK
2023-01-29,Sunday,KHANH_HOA,703228,11543,32987,30164,71539,13913,26331,39564,22770,48173,64714,10182,8828,2363,0100,1576,455,20,1f0bbbd35df69eb5,https://xoso.com.vn/xsmt-29-01-2023.html,OK
2023-02-01,Wednesday,KHANH_HOA,796653,32244,58726,48461,64982,00655,43071,37318,98316,47655,54075,13997,9339,1016,1680,4157,666,68,42449a1637ad3c7e,https://xoso.com.vn/xsmt-01-02-2023.html,OK
2023-02-05,Sunday,KHANH_HOA,478056,77852,78563,21742,26317,20104,62492,13155,79608,80867,87649,63220,8618,7729,6521,7771,073,86,8884bf6ca5109827,https://xoso.com.vn/xsmt-05-02-2023.html,OK
2023-02-08,Wednesday,KHANH_HOA,747598,62991,65010,08585,69958,63981,27400,85187,85499,56103,74542,96696,4661,8505,0422,8437,740,71,517b29e5afc6ffa8,https://xoso.com.vn/xsmt-08-02-2023.html,OK
2023-02-12,Sunday,KHANH_HOA,647452,89059,55167,12417,76345,44735,01913,09250,85357,89353,92535,02505,1245,8868,8683,5710,150,55,df2fe98a4323c5bd,https://xoso.com.vn/xsmt-12-02-2023.html,OK
2023-02-15,Wednesday,KHANH_HOA,279575,78242,09987,63037,39458,94574,97029,61877,36696,69811,98799,46409,1378,5396,4848,2718,954,90,9e5cae53261b6bc3,https://xoso.com.vn/xsmt-15-02-2023.html,OK
2023-02-19,Sunday,KHANH_HOA,612085,69995,66992,01069,89995,38364,20888,85210,06856,41168,94119,06018,0758,7689,0656,1973,747,88,a207f2b9aac5ab9b,https://xoso.com.vn/xsmt-19-02-2023.html,OK
2023-02-22,Wednesday,KHANH_HOA,163641,74576,78718,95387,80041,31354,80990,58531,22464,58053,66439,67828,0344,0851,1578,2302,529,24,53f98f19193959b5,https://xoso.com.vn/xsmt-22-02-2023.html,OK
2023-02-26,Sunday,KHANH_HOA,533895,60061,96320,60058,46844,42458,68653,81130,74666,39720,14944,89876,8128,4459,6778,0649,018,22,388a6fa22f1c4863,https://xoso.com.vn/xsmt-26-02-2023.html,OK
2023-03-01,Wednesday,KHANH_HOA,139727,06889,59677,08274,77453,03688,51181,42049,33530,32334,80559,50432,6857,9332,4895,9215,388,84,6ebd9917405605a3,https://xoso.com.vn/xsmt-01-03-2023.html,OK
2023-03-05,Sunday,KHANH_HOA,874783,76496,81535,90844,58815,49849,44054,11944,07813,43682,79279,35586,0524,3871,3336,7473,741,92,20decb02ccb98980,https://xoso.com.vn/xsmt-05-03-2023.html,OK
2023-03-08,Wednesday,KHANH_HOA,805278,50984,59937,24244,88582,51522,64973,30325,20830,56255,20679,84811,2581,5601,2000,9451,129,16,71cd56cc6f946034,https://xoso.com.vn/xsmt-08-03-2023.html,OK
2023-03-12,Sunday,KHANH_HOA,766924,63160,50094,87829,51392,12911,77809,44950,33571,49745,30336,94128,7049,0887,0529,5540,279,35,f1b906f94c1105e6,https://xoso.com.vn/xsmt-12-03-2023.html,OK
2023-03-15,Wednesday,KHANH_HOA,931669,51142,41769,73538,74388,17412,57594,38766,56387,97421,18027,83261,2930,6828,9808,0469,329,09,d7abd0befe05aced,https://xoso.com.vn/xsmt-15-03-2023.html,OK
2023-03-19,Sunday,KHANH_HOA,936909,19522,16726,07246,18598,32755,07527,88786,02632,88606,71287,75076,0399,7764,3669,2148,768,02,c95347246b4ca70e,https://xoso.com.vn/xsmt-19-03-2023.html,OK
2023-03-22,Wednesday,KHANH_HOA,995942,69292,90834,24881,66462,23598,93822,24675,26693,90556,23703,70954,3527,0751,4255,4058,601,54,68bdb523616a5520,https://xoso.com.vn/xsmt-22-03-2023.html,OK
2023-03-26,Sunday,KHANH_HOA,893750,39051,88822,56627,70788,42630,21918,34943,45089,39020,84086,85896,4311,7862,3917,8092,092,77,b1acbea9905eec94,https://xoso.com.vn/xsmt-26-03-2023.html,OK
2023-03-29,Wednesday,KHANH_HOA,905856,63803,03653,02486,93935,21772,77024,96800,48877,12933,85551,54750,6626,9966,0698,1788,662,84,0b9ecc7a8828a28a,https://xoso.com.vn/xsmt-29-03-2023.html,OK
2023-04-02,Sunday,KHANH_HOA,211832,84502,35889,14352,91177,32618,99498,31784,61636,90198,75888,79939,9915,1686,9473,0303,973,65,4d2139afc10f7218,https://xoso.com.vn/xsmt-02-04-2023.html,OK
2023-04-05,Wednesday,KHANH_HOA,150704,01492,90750,91254,18396,35452,23138,49660,17804,00529,00569,24150,4778,1736,3681,7570,942,85,e0459365e336c3d4,https://xoso.com.vn/xsmt-05-04-2023.html,OK
2023-04-09,Sunday,KHANH_HOA,364910,12062,25191,20542,01290,38454,69294,77292,92488,25508,41390,53936,9126,9883,9078,3697,691,01,00caef017b2a61bc,https://xoso.com.vn/xsmt-09-04-2023.html,OK
2023-04-12,Wednesday,KHANH_HOA,787288,40373,87233,05922,49492,71658,74910,88219,30440,91611,05691,73058,4047,2945,3728,7667,979,84,e511e18c3de38a0d,https://xoso.com.vn/xsmt-12-04-2023.html,OK
2023-04-16,Sunday,KHANH_HOA,016849,66228,59626,92510,88691,06459,07738,43676,43210,71246,32048,15165,6198,3594,5502,7298,253,05,018442cb1050d402,https://xoso.com.vn/xsmt-16-04-2023.html,OK
2023-04-19,Wednesday,KHANH_HOA,024139,75231,69608,37960,18737,15346,91276,56002,00701,64827,16338,74941,5099,0374,5321,1310,630,83,11a311b6af1321b4,https://xoso.com.vn/xsmt-19-04-2023.html,OK
2023-04-23,Sunday,KHANH_HOA,510739,08545,29627,09731,12920,02585,24865,14789,41426,35199,58914,20142,6453,8224,4202,8434,454,56,3898890d8287fd97,https://xoso.com.vn/xsmt-23-04-2023.html,OK
2023-04-26,Wednesday,KHANH_HOA,206574,84701,65582,84183,34077,78925,56799,77141,95736,87780,48859,28490,6294,8760,7531,8069,282,35,7d18994fc44a20d4,https://xoso.com.vn/xsmt-26-04-2023.html,OK
2023-04-30,Sunday,KHANH_HOA,336021,68750,62529,41290,58761,39764,57078,68349,21210,84388,12225,24181,4173,6712,1949,2221,617,86,41c4021dfea7835f,https://xoso.com.vn/xsmt-30-04-2023.html,OK
2023-05-03,Wednesday,KHANH_HOA,899589,44754,34518,87671,18687,89882,85983,21493,66861,19205,60701,12743,2650,3371,6064,9035,224,33,b7a23878fc9e4b7d,https://xoso.com.vn/xsmt-03-05-2023.html,OK
2023-05-07,Sunday,KHANH_HOA,661518,24408,94672,37080,19533,86902,23949,49870,77642,70613,30210,29499,0611,4359,5199,7422,810,74,3af9fe3abb2575a7,https://xoso.com.vn/xsmt-07-05-2023.html,OK
2023-05-10,Wednesday,KHANH_HOA,312173,26032,23408,79155,09342,73451,16648,88612,21431,35981,05546,02643,7453,2163,2051,7675,305,01,f1e6ae48629bab2e,https://xoso.com.vn/xsmt-10-05-2023.html,OK
2023-05-14,Sunday,KHANH_HOA,157684,75856,89546,44421,71221,23689,33216,73115,07404,15580,49151,47058,1999,2458,0005,0619,414,77,e82757d793c2fa9e,https://xoso.com.vn/xsmt-14-05-2023.html,OK
2023-05-17,Wednesday,KHANH_HOA,775469,34548,61863,18998,76807,77197,33936,11172,42440,13986,26313,84191,5384,6457,9183,7747,447,85,760f44cd57bf83b9,https://xoso.com.vn/xsmt-17-05-2023.html,OK
2023-05-21,Sunday,KHANH_HOA,727077,14086,14581,90472,28124,44358,24062,53421,09915,20534,50708,60352,3504,6424,0242,8430,342,14,c45d56df5bf9360c,https://xoso.com.vn/xsmt-21-05-2023.html,OK
2023-05-24,Wednesday,KHANH_HOA,038797,87881,02304,45734,66315,90033,43684,99827,99235,40630,81270,73590,9966,5724,6499,4808,336,94,803b9fe73e07647b,https://xoso.com.vn/xsmt-24-05-2023.html,OK
2023-05-28,Sunday,KHANH_HOA,505873,56333,64238,09705,93168,18569,62364,61613,91774,07677,13196,10591,6069,4439,7375,4163,072,63,bc27cc62115de8f5,https://xoso.com.vn/xsmt-28-05-2023.html,OK
2023-05-31,Wednesday,KHANH_HOA,626829,66266,52657,99220,11024,66699,84442,28907,54532,57584,24816,72451,9981,2857,7036,1215,852,28,e5c27448ccf233ca,https://xoso.com.vn/xsmt-31-05-2023.html,OK
2023-06-04,Sunday,KHANH_HOA,308701,63569,32838,84464,41199,05175,24975,29833,28922,38107,12293,28420,5322,4772,2924,2303,594,25,a0e37828d09baa8e,https://xoso.com.vn/xsmt-04-06-2023.html,OK
2023-06-07,Wednesday,KHANH_HOA,063123,19096,02628,58940,04491,48108,61790,28768,07755,28928,75837,80066,4358,4129,1903,8848,211,95,11faa0be86dfb8b0,https://xoso.com.vn/xsmt-07-06-2023.html,OK
2023-06-11,Sunday,KHANH_HOA,785358,68299,06290,28111,43175,76222,75941,80015,64699,46054,48519,79111,0313,6979,2166,9171,359,41,2aaaca5ddce35688,https://xoso.com.vn/xsmt-11-06-2023.html,OK
2023-06-14,Wednesday,KHANH_HOA,715573,38216,99429,01151,84285,64748,46340,88372,07985,25834,99266,59734,8187,0783,0686,3267,685,77,515acd9341399ae1,https://xoso.com.vn/xsmt-14-06-2023.html,OK
2023-06-18,Sunday,KHANH_HOA,547366,38155,33472,85134,95965,64454,13973,80404,18442,49550,42941,64904,8566,0869,9298,6864,954,93,3287eb4a3c4eecc8,https://xoso.com.vn/xsmt-18-06-2023.html,OK
2023-06-21,Wednesday,KHANH_HOA,765943,39776,53285,12807,75338,09294,91060,21854,30796,64165,45459,54064,3242,2073,1774,9198,783,67,5f68cab1f9954ddb,https://xoso.com.vn/xsmt-21-06-2023.html,OK
2023-06-25,Sunday,KHANH_HOA,066197,60639,52650,10223,76433,18327,80177,90446,97725,22723,36585,30512,8815,9215,7676,0409,809,77,39d0dc1a838da9ca,https://xoso.com.vn/xsmt-25-06-2023.html,OK
2023-06-28,Wednesday,KHANH_HOA,786961,67806,31250,39941,10091,58370,00454,92571,10509,81928,54769,22549,9035,3454,8994,5573,211,60,4f5e8f7473aa772f,https://xoso.com.vn/xsmt-28-06-2023.html,OK
2023-07-02,Sunday,KHANH_HOA,609829,86488,12734,05194,57726,67726,64180,00209,27778,84336,54505,92374,9918,3617,0401,5640,315,44,d41623b79fbda61c,https://xoso.com.vn/xsmt-02-07-2023.html,OK
2023-07-05,Wednesday,KHANH_HOA,796093,89806,35529,31664,59293,38373,16621,93878,08691,42647,30939,51555,5663,5916,9730,6455,826,65,64c83af1ef7beafc,https://xoso.com.vn/xsmt-05-07-2023.html,OK
2023-07-09,Sunday,KHANH_HOA,137996,38519,06600,73092,78330,53715,81683,37316,33524,71576,09534,30062,8025,6924,3049,5715,342,51,fb3d390f3bf9cf32,https://xoso.com.vn/xsmt-09-07-2023.html,OK
2023-07-12,Wednesday,KHANH_HOA,435591,01155,28337,56069,17462,73276,71599,58884,26440,13976,45533,93299,3671,4473,8120,5395,751,35,28e777ef2754df14,https://xoso.com.vn/xsmt-12-07-2023.html,OK
2023-07-16,Sunday,KHANH_HOA,508111,97489,79313,95867,75945,26474,38664,17266,01479,93582,46876,15331,2982,7067,1445,3314,879,44,43373eed2825dea6,https://xoso.com.vn/xsmt-16-07-2023.html,OK
2023-07-19,Wednesday,KHANH_HOA,642614,57239,73324,79080,59822,74363,38865,75518,21943,24791,99450,52531,2372,6668,0135,2613,404,97,4c78898c904f9a82,https://xoso.com.vn/xsmt-19-07-2023.html,OK
2023-07-23,Sunday,KHANH_HOA,477625,30784,82523,60762,49156,26992,61383,74449,83366,62789,02345,85722,4810,1124,4320,8728,623,51,bfde9c434b9ad875,https://xoso.com.vn/xsmt-23-07-2023.html,OK
2023-07-26,Wednesday,KHANH_HOA,839688,83012,31167,01813,59231,34096,10671,09776,46833,02771,19161,39139,8891,5373,9044,2621,844,06,dd3cbcd0d7f49cc2,https://xoso.com.vn/xsmt-26-07-2023.html,OK
2023-07-30,Sunday,KHANH_HOA,980539,28090,52931,00126,12225,30314,05348,54505,11999,72830,28878,23550,1156,8826,5443,6471,621,82,84ea5f58553f3c65,https://xoso.com.vn/xsmt-30-07-2023.html,OK
2023-08-02,Wednesday,KHANH_HOA,633052,96887,28138,35663,16493,05019,90269,56383,26389,18013,83345,83837,7758,3619,2204,5081,894,37,0dc715aa4d6e0268,https://xoso.com.vn/xsmt-02-08-2023.html,OK
2023-08-06,Sunday,KHANH_HOA,703929,80713,19827,43547,99703,10594,97648,78960,02054,55370,12123,92135,1553,1478,3340,1357,305,67,7ea6d870968d4425,https://xoso.com.vn/xsmt-06-08-2023.html,OK
2023-08-09,Wednesday,KHANH_HOA,871347,83642,25713,56368,29283,28467,30091,11069,07695,16123,33210,75216,3247,7163,2021,9892,099,79,5b41730f21b9978b,https://xoso.com.vn/xsmt-09-08-2023.html,OK
2023-08-13,Sunday,KHANH_HOA,285070,49413,65708,10432,61920,39795,47778,89887,87498,75724,96692,83687,0349,4843,1756,4022,246,26,dc009739f1b3e25c,https://xoso.com.vn/xsmt-13-08-2023.html,OK
2023-08-16,Wednesday,KHANH_HOA,130347,78944,86403,85553,98997,52622,70559,63334,92673,87998,90038,21983,5633,2005,0670,1933,912,56,80b8faf2b5115696,https://xoso.com.vn/xsmt-16-08-2023.html,OK
2023-08-20,Sunday,KHANH_HOA,817932,94280,68965,51688,50023,64228,59604,39368,26143,25897,15382,37847,9393,3868,0945,0456,340,80,35ef80acffb705ef,https://xoso.com.vn/xsmt-20-08-2023.html,OK
2023-08-23,Wednesday,KHANH_HOA,579877,78371,38703,51321,58928,93006,05833,18369,47468,04685,44534,21416,2819,4120,2470,1725,356,31,21f2e930f51c3ae4,https://xoso.com.vn/xsmt-23-08-2023.html,OK
2023-08-27,Sunday,KHANH_HOA,131029,06178,28064,88392,11932,28404,74500,29610,95871,92174,42796,84786,6668,1918,1708,0089,845,47,a06da93d96a4fadd,https://xoso.com.vn/xsmt-27-08-2023.html,OK
2023-08-30,Wednesday,KHANH_HOA,008755,40520,33442,12961,03984,94383,68799,96463,18751,81834,08902,19024,9991,2280,2320,7827,594,44,388d8dfbc670ccc2,https://xoso.com.vn/xsmt-30-08-2023.html,OK
2023-09-03,Sunday,KHANH_HOA,020954,72627,87630,27456,62422,92737,33997,18851,60864,32334,93266,82895,4029,4438,2920,1320,457,52,671759a2a76dd681,https://xoso.com.vn/xsmt-03-09-2023.html,OK
2023-09-06,Wednesday,KHANH_HOA,392296,90252,22471,81088,48245,46139,98421,34800,24766,51255,08147,74704,7327,5698,5262,1741,371,21,b496800a387623e2,https://xoso.com.vn/xsmt-06-09-2023.html,OK
2023-09-10,Sunday,KHANH_HOA,936350,32354,04503,65371,95959,17298,54207,14837,09200,02833,70265,61615,3413,1788,8417,8435,873,20,004bcce673701a89,https://xoso.com.vn/xsmt-10-09-2023.html,OK
2023-09-13,Wednesday,KHANH_HOA,424317,38478,25833,96302,86823,86906,59590,35757,52539,68646,68325,76419,2255,6537,6268,1397,362,42,049431179af5353c,https://xoso.com.vn/xsmt-13-09-2023.html,OK
2023-09-17,Sunday,KHANH_HOA,276788,61640,73129,94867,03750,02819,84047,59247,01352,11978,34597,58100,1398,4152,2429,5621,071,22,01277f42eff9338f,https://xoso.com.vn/xsmt-17-09-2023.html,OK
2023-09-20,Wednesday,KHANH_HOA,221985,97446,45585,89472,25303,83805,51621,30737,40360,78898,52869,47736,6078,9920,9610,8989,398,49,0ddc991478715130,https://xoso.com.vn/xsmt-20-09-2023.html,OK
2023-09-24,Sunday,KHANH_HOA,023054,08803,89762,14351,84767,59214,63985,97684,39588,19108,04526,27656,7260,4650,8285,2902,294,77,9b4da89d87f7d2f3,https://xoso.com.vn/xsmt-24-09-2023.html,OK
2023-09-27,Wednesday,KHANH_HOA,253781,53253,44930,13376,34075,66427,98230,34838,99536,60392,60634,75506,3232,9901,2447,9271,710,24,59135ecceef01331,https://xoso.com.vn/xsmt-27-09-2023.html,OK
2023-10-01,Sunday,KHANH_HOA,417218,90208,29338,98972,59878,19461,97828,92320,61721,90356,49959,68737,5229,1867,3645,0309,841,97,f7ee257265920c25,https://xoso.com.vn/xsmt-01-10-2023.html,OK
2023-10-04,Wednesday,KHANH_HOA,842358,23661,33893,31078,20393,64510,56390,13267,45085,75125,21105,62759,6893,2168,0828,9555,423,56,52f38a879d2ad13d,https://xoso.com.vn/xsmt-04-10-2023.html,OK
2023-10-08,Sunday,KHANH_HOA,249660,36268,51090,50532,32381,03514,88419,17221,78331,87167,61796,66330,2195,3585,7370,4062,255,65,df6e4a1056121c14,https://xoso.com.vn/xsmt-08-10-2023.html,OK
2023-10-11,Wednesday,KHANH_HOA,413689,93878,94280,55075,98996,42657,43178,46598,15429,86313,63495,55031,1653,3524,0510,3139,867,08,7e5218d2dff74f98,https://xoso.com.vn/xsmt-11-10-2023.html,OK
2023-10-15,Sunday,KHANH_HOA,116703,68283,28146,55416,01323,26936,42857,30012,86684,06357,48759,83981,4715,9790,7825,9902,724,11,d7a09db3e526f452,https://xoso.com.vn/xsmt-15-10-2023.html,OK
2023-10-18,Wednesday,KHANH_HOA,706466,63134,05328,81033,13086,32060,85228,91619,13739,52228,95183,55615,2464,8271,2242,1261,455,53,b8e1de647d355596,https://xoso.com.vn/xsmt-18-10-2023.html,OK
2023-10-22,Sunday,KHANH_HOA,307437,20006,61978,82647,45688,81449,16073,60865,11470,17288,78273,84473,7402,8680,3639,9458,903,83,91ed643594364a5b,https://xoso.com.vn/xsmt-22-10-2023.html,OK
2023-10-25,Wednesday,KHANH_HOA,888377,01001,46481,12765,62050,44576,42936,19586,32393,14706,10283,56885,4096,3710,8997,6942,432,55,c16bbae9f241322e,https://xoso.com.vn/xsmt-25-10-2023.html,OK
2023-10-29,Sunday,KHANH_HOA,758648,32520,64259,36471,30517,12198,28426,32467,47982,23168,84618,88111,8609,2227,1017,5371,615,54,447a7c4ecf392f1a,https://xoso.com.vn/xsmt-29-10-2023.html,OK
2023-11-01,Wednesday,KHANH_HOA,951961,17658,29404,80349,84363,25387,05282,78109,32083,55964,05699,38720,7203,9327,3515,9463,988,28,cc93e03d4cb64cd8,https://xoso.com.vn/xsmt-01-11-2023.html,OK
2023-11-05,Sunday,KHANH_HOA,508714,22128,58839,93693,77085,30571,31299,17022,30211,02267,83484,28092,9896,9019,6046,7742,674,06,b2fc920be85f6a31,https://xoso.com.vn/xsmt-05-11-2023.html,OK
2023-11-08,Wednesday,KHANH_HOA,132963,63154,62786,28398,38250,79717,54027,95805,38620,40015,49049,77312,6126,2454,6288,6128,047,26,7de2b343997ef164,https://xoso.com.vn/xsmt-08-11-2023.html,OK
2023-11-12,Sunday,KHANH_HOA,294353,62844,98684,02605,20353,84180,17109,80801,90445,38705,28201,39186,6928,7541,4406,5852,503,27,75b0ee291711b1b6,https://xoso.com.vn/xsmt-12-11-2023.html,OK
2023-11-15,Wednesday,KHANH_HOA,803902,35059,54245,44726,31363,18711,43035,45559,28875,25692,91374,78552,5648,7615,2689,1193,917,05,1bf6faebe9d510cd,https://xoso.com.vn/xsmt-15-11-2023.html,OK
2023-11-19,Sunday,KHANH_HOA,868856,68665,30304,51679,21923,18609,67905,49299,20667,61692,15493,52638,3829,2047,2308,4449,407,67,b44e2e46317c9df1,https://xoso.com.vn/xsmt-19-11-2023.html,OK
2023-11-22,Wednesday,KHANH_HOA,207691,35237,58544,82050,85104,86536,36660,72219,77764,55360,23559,03654,3572,0874,1591,7824,576,86,5f6afb8c8702fd6e,https://xoso.com.vn/xsmt-22-11-2023.html,OK
2023-11-26,Sunday,KHANH_HOA,882509,70164,82293,33658,91613,62942,99650,70886,38223,61845,04921,72881,9753,3302,4572,9142,798,97,92a63fd40b05c3a5,https://xoso.com.vn/xsmt-26-11-2023.html,OK
2023-11-29,Wednesday,KHANH_HOA,515249,50169,96978,00775,83639,22104,82235,89533,92080,21212,26698,59398,8623,9947,2252,4339,785,82,a380c2bc5c3e10a9,https://xoso.com.vn/xsmt-29-11-2023.html,OK
2023-12-03,Sunday,KHANH_HOA,497843,13873,44556,59596,42231,00627,68483,58673,46478,05235,03576,76171,1202,8808,7579,1614,715,09,d0a8f2ee596375a6,https://xoso.com.vn/xsmt-03-12-2023.html,OK
2023-12-06,Wednesday,KHANH_HOA,443916,93134,31626,59226,84942,66616,47558,91134,50132,57058,04599,71992,9157,4504,5537,9585,503,28,2b01a4e43ffd8eb0,https://xoso.com.vn/xsmt-06-12-2023.html,OK
2023-12-10,Sunday,KHANH_HOA,661321,58011,05727,55723,27991,28000,29538,46996,97798,26658,05209,44815,8118,1533,3615,4710,352,21,091ac60301c0a27a,https://xoso.com.vn/xsmt-10-12-2023.html,OK
2023-12-13,Wednesday,KHANH_HOA,700962,35275,36437,92789,15797,49414,95257,78023,28605,09683,57770,13122,5567,6164,1882,7845,323,95,8a03ff02b83d5efb,https://xoso.com.vn/xsmt-13-12-2023.html,OK
2023-12-17,Sunday,KHANH_HOA,164883,02887,28039,91907,36410,88449,93356,55429,83437,21552,15678,74579,9546,7887,6420,0971,256,17,ed839e98de462a54,https://xoso.com.vn/xsmt-17-12-2023.html,OK
2023-12-20,Wednesday,KHANH_HOA,010427,68384,42587,42210,30491,80779,26994,35867,35197,59331,62153,28942,4629,2874,3856,7673,232,07,ffc91fb61cf4c070,https://xoso.com.vn/xsmt-20-12-2023.html,OK
2023-12-24,Sunday,KHANH_HOA,991152,61746,44375,08112,08038,61279,12689,99631,34615,71015,86571,95229,7197,9917,5103,7469,996,28,0224f27b7dffa50d,https://xoso.com.vn/xsmt-24-12-2023.html,OK
2023-12-27,Wednesday,KHANH_HOA,682302,57197,70383,22491,80138,74981,20861,20377,51372,00122,38922,50104,4170,4813,6446,5591,594,97,f247cf87a90c3ed0,https://xoso.com.vn/xsmt-27-12-2023.html,OK
2023-12-31,Sunday,KHANH_HOA,807242,73140,36897,33939,99557,10255,59848,24904,80842,82657,78160,52518,0448,0337,1330,6261,859,16,1ed52f18aba7187e,https://xoso.com.vn/xsmt-31-12-2023.html,OK
2024-01-03,Wednesday,KHANH_HOA,689870,90564,66271,23577,42214,63299,56199,75451,91296,84922,22211,67748,8245,2382,2792,4208,149,05,7f939602271fdd98,https://xoso.com.vn/xsmt-03-01-2024.html,OK
2024-01-07,Sunday,KHANH_HOA,657289,94557,79962,08769,98649,77336,03171,23228,87229,85344,44723,49554,4101,9436,8081,7769,021,34,4a4881419276acb9,https://xoso.com.vn/xsmt-07-01-2024.html,OK
2024-01-10,Wednesday,KHANH_HOA,982711,97408,69411,15651,85802,37431,82023,14376,19492,84291,08573,21075,1488,7161,0215,3882,344,39,dbf19b07c569165f,https://xoso.com.vn/xsmt-10-01-2024.html,OK
2024-01-14,Sunday,KHANH_HOA,852112,62182,80012,31075,18577,83278,84794,61856,63822,51795,62188,53838,8631,5816,6888,7414,575,20,b63d0d8bebe12d9e,https://xoso.com.vn/xsmt-14-01-2024.html,OK
2024-01-17,Wednesday,KHANH_HOA,066469,06180,13475,62856,31058,52123,87312,31236,06495,48869,91420,73087,7871,4783,0210,4172,116,58,90498a4b4e06590e,https://xoso.com.vn/xsmt-17-01-2024.html,OK
2024-01-21,Sunday,KHANH_HOA,326998,80257,87142,45995,46843,83537,51007,45299,18553,81287,00662,94656,8873,2921,2593,9026,552,93,05d8dfaf7c45705c,https://xoso.com.vn/xsmt-21-01-2024.html,OK
2024-01-24,Wednesday,KHANH_HOA,097951,83610,13733,12980,57413,84488,19649,88401,80324,93667,24395,05974,0481,6412,3626,3463,016,40,4668272a5568fd3d,https://xoso.com.vn/xsmt-24-01-2024.html,OK
2024-01-28,Sunday,KHANH_HOA,075089,42734,82568,95984,60025,27262,50929,45324,38391,01865,50176,96931,8409,3759,0444,1589,137,66,22679bdbcb459e79,https://xoso.com.vn/xsmt-28-01-2024.html,OK
2024-01-31,Wednesday,KHANH_HOA,878327,17301,95209,46852,85169,07781,03565,03365,69419,13417,53466,72224,7986,9327,6358,1878,306,43,19297927d39eccec,https://xoso.com.vn/xsmt-31-01-2024.html,OK
2024-02-04,Sunday,KHANH_HOA,008488,86128,97467,55438,71877,65146,39860,73244,74402,51580,62490,95009,3993,2430,6634,9691,422,36,94c2ef6c44bfe84a,https://xoso.com.vn/xsmt-04-02-2024.html,OK
2024-02-07,Wednesday,KHANH_HOA,125098,87240,96997,31490,15893,80315,67568,31199,07542,88966,59470,16631,3168,5616,6320,1374,292,75,e92c5ab486dab10d,https://xoso.com.vn/xsmt-07-02-2024.html,OK
2024-02-11,Sunday,KHANH_HOA,881049,15341,72446,43684,00037,97673,26379,69224,94866,30623,57811,29048,9334,0932,1708,0202,572,98,49c2b73be7279430,https://xoso.com.vn/xsmt-11-02-2024.html,OK
2024-02-14,Wednesday,KHANH_HOA,611547,68831,68611,16707,86246,14962,08176,17189,01582,07424,20768,25733,1213,6403,2051,1271,330,87,d8ee11a36cf93941,https://xoso.com.vn/xsmt-14-02-2024.html,OK
2024-02-18,Sunday,KHANH_HOA,195624,68374,01875,13810,07635,25227,14820,04973,02259,01948,14335,00406,9945,8276,8989,3964,560,30,83390fbb9835968b,https://xoso.com.vn/xsmt-18-02-2024.html,OK
2024-02-21,Wednesday,KHANH_HOA,454123,08287,92146,96187,83915,01639,45273,63543,47778,08796,21887,43138,4674,0786,0917,1979,527,01,af0464494d1fcc6e,https://xoso.com.vn/xsmt-21-02-2024.html,OK
2024-02-25,Sunday,KHANH_HOA,057576,33864,09515,00632,68313,29164,92765,26820,07679,33160,25728,39535,2681,3805,6374,6658,515,13,9900db494b5280da,https://xoso.com.vn/xsmt-25-02-2024.html,OK
2024-02-28,Wednesday,KHANH_HOA,944394,74216,61241,16139,33695,41559,64798,00259,20075,08644,56602,90932,3032,9294,5261,0376,054,47,7d15430ca577fe9e,https://xoso.com.vn/xsmt-28-02-2024.html,OK
2024-03-03,Sunday,KHANH_HOA,659894,82786,92186,52607,96328,09622,77624,71597,50662,25735,40551,90671,7499,0977,6395,8414,857,45,886efa686b069515,https://xoso.com.vn/xsmt-03-03-2024.html,OK
2024-03-06,Wednesday,KHANH_HOA,045366,49418,10895,66197,77725,56814,41500,56393,46194,63914,95066,96021,5873,1901,1777,9503,640,72,50f29dce44044dc9,https://xoso.com.vn/xsmt-06-03-2024.html,OK
2024-03-10,Sunday,KHANH_HOA,937534,06866,32223,77985,22934,99025,09139,87914,03680,09547,95348,85084,2515,5186,2529,4201,825,36,5c181e2dbb3056f9,https://xoso.com.vn/xsmt-10-03-2024.html,OK
2024-03-13,Wednesday,KHANH_HOA,508499,14365,89055,85841,59590,26290,94003,68257,64991,40743,95111,48825,9186,4437,4251,3990,943,84,d5ce1e00247dcc10,https://xoso.com.vn/xsmt-13-03-2024.html,OK
2024-03-17,Sunday,KHANH_HOA,497602,88448,32694,64520,34414,02938,67525,36171,30314,23654,67002,66163,5489,1320,6907,2178,339,03,4a29e4f6659d1105,https://xoso.com.vn/xsmt-17-03-2024.html,OK
2024-03-20,Wednesday,KHANH_HOA,938059,40267,39028,03045,94840,88697,57438,88870,07298,01891,31377,16046,1245,8998,4155,9621,725,50,8b625dc1b0af6d69,https://xoso.com.vn/xsmt-20-03-2024.html,OK
2024-03-24,Sunday,KHANH_HOA,554694,66312,65417,57683,73338,34365,11011,29706,72307,24179,28765,95735,0620,8274,6397,5360,339,16,2e3d4f5bdc281aff,https://xoso.com.vn/xsmt-24-03-2024.html,OK
2024-03-27,Wednesday,KHANH_HOA,250326,72422,93241,21080,36638,66352,06727,37744,56052,10983,76759,98122,0061,5771,8601,5321,303,83,d792bd2e5bd6ebed,https://xoso.com.vn/xsmt-27-03-2024.html,OK
2024-03-31,Sunday,KHANH_HOA,210815,19088,92665,31772,04960,79740,45290,31863,88880,00604,39396,58006,7515,2133,0881,2310,240,82,165ee7aa0064ea97,https://xoso.com.vn/xsmt-31-03-2024.html,OK
2024-04-03,Wednesday,KHANH_HOA,376716,01791,55150,92325,16228,95154,70845,25808,95598,38980,94648,75675,7909,3938,9581,0706,859,70,fbbbcaf8de043205,https://xoso.com.vn/xsmt-03-04-2024.html,OK
2024-04-07,Sunday,KHANH_HOA,508281,91844,62429,40923,85849,85216,48697,42870,73019,16547,06113,40138,8297,7471,8401,5354,811,78,d75299a7cc28ae43,https://xoso.com.vn/xsmt-07-04-2024.html,OK
2024-04-10,Wednesday,KHANH_HOA,182714,90794,24687,61385,14283,02513,42784,54849,92229,68425,17801,30652,2222,6143,9713,8380,427,22,03a0f753d8c99d62,https://xoso.com.vn/xsmt-10-04-2024.html,OK
2024-04-14,Sunday,KHANH_HOA,473105,64599,07357,74158,70097,70016,40689,41806,42586,58812,54266,52441,0365,8557,0923,3565,351,01,d5dc138fb69cbe63,https://xoso.com.vn/xsmt-14-04-2024.html,OK
2024-04-17,Wednesday,KHANH_HOA,328534,08403,67973,76608,22388,70544,94700,31933,70592,94300,59075,22990,3689,5307,9172,8611,648,31,94ee4ce402022288,https://xoso.com.vn/xsmt-17-04-2024.html,OK
2024-04-21,Sunday,KHANH_HOA,615582,08666,56741,53015,79895,61471,42185,72739,39051,63788,42453,49378,6122,0503,5307,4010,145,71,3b1008c08c3db4ac,https://xoso.com.vn/xsmt-21-04-2024.html,OK
2024-04-24,Wednesday,KHANH_HOA,862862,37738,49955,31764,93711,24797,69979,61652,52893,92653,03905,88137,0263,8059,1121,8406,463,05,17a4c4b1a0b64a30,https://xoso.com.vn/xsmt-24-04-2024.html,OK
2024-04-28,Sunday,KHANH_HOA,014259,19874,85874,73119,64036,42835,21521,37930,00826,33550,92100,98962,5194,7221,9368,0733,230,68,15e4cc05beb11f7a,https://xoso.com.vn/xsmt-28-04-2024.html,OK
2024-05-01,Wednesday,KHANH_HOA,846835,41026,93371,76313,74509,20644,99177,77616,98745,53372,24576,70708,6972,0615,5539,6274,823,02,f954619e8574f508,https://xoso.com.vn/xsmt-01-05-2024.html,OK
2024-05-05,Sunday,KHANH_HOA,300892,93932,51587,78645,26516,31542,19625,46707,68415,55146,28062,08743,2433,5891,0155,9660,662,99,f6c6feb102c190b8,https://xoso.com.vn/xsmt-05-05-2024.html,OK
2024-05-08,Wednesday,KHANH_HOA,136971,85209,96078,02666,16854,84856,29929,45998,44405,39904,31729,76944,3755,7080,8393,4653,803,23,66f3ca8f4bd0999c,https://xoso.com.vn/xsmt-08-05-2024.html,OK
2024-05-12,Sunday,KHANH_HOA,293762,39521,76408,41565,29865,83982,69176,08056,29710,45718,19143,64764,4966,6759,1156,1636,422,42,eeb87ee0e76eb5cc,https://xoso.com.vn/xsmt-12-05-2024.html,OK
2024-05-15,Wednesday,KHANH_HOA,861225,08006,14039,92375,59315,15214,15989,09343,44446,81217,36222,08386,3127,5479,5582,9976,682,00,714c92c2813b4414,https://xoso.com.vn/xsmt-15-05-2024.html,OK
2024-05-19,Sunday,KHANH_HOA,298117,15570,38556,58839,94058,75272,79848,81975,67348,91011,67044,00610,3538,7919,3574,2056,425,39,5774d52b1c7c26a6,https://xoso.com.vn/xsmt-19-05-2024.html,OK
2024-05-22,Wednesday,KHANH_HOA,890557,38925,30175,14607,73089,36423,29143,84044,27784,45861,20252,99028,3815,3916,7719,9904,657,01,c79c28960d45efba,https://xoso.com.vn/xsmt-22-05-2024.html,OK
2024-05-26,Sunday,KHANH_HOA,051987,83429,85452,02839,96116,98918,21097,92334,65407,28483,25384,85512,8751,5196,3481,3243,285,79,a23db63c8960d22b,https://xoso.com.vn/xsmt-26-05-2024.html,OK
2024-05-29,Wednesday,KHANH_HOA,749809,16049,18628,26127,63914,35202,36593,77991,11864,21473,49762,15619,8944,9329,2274,5079,552,21,0a7cea2759f3423e,https://xoso.com.vn/xsmt-29-05-2024.html,OK
2024-06-02,Sunday,KHANH_HOA,084132,55513,61804,58346,75275,28421,40072,95592,37620,68406,76710,05247,8751,9123,8720,3539,422,34,5e5fc1590b8e5109,https://xoso.com.vn/xsmt-02-06-2024.html,OK
2024-06-05,Wednesday,KHANH_HOA,206039,76366,20908,13038,94150,45677,27647,42031,16608,45285,53304,48394,4769,3195,1167,0278,418,98,85a7dbff9430dc25,https://xoso.com.vn/xsmt-05-06-2024.html,OK
2024-06-09,Sunday,KHANH_HOA,720703,68310,62907,87560,34287,88096,09398,75555,68340,44903,34139,53589,2747,0050,8918,5702,937,22,1b659fcd3ae7667a,https://xoso.com.vn/xsmt-09-06-2024.html,OK
2024-06-12,Wednesday,KHANH_HOA,268689,04189,78547,50957,41738,45383,48590,51721,94444,22781,75101,81247,8414,5443,6402,7710,657,78,2544f763d03ddf65,https://xoso.com.vn/xsmt-12-06-2024.html,OK
2024-06-16,Sunday,KHANH_HOA,168831,88134,37145,43477,49775,73401,12082,61136,51238,71154,11014,74719,4876,2633,6973,9013,620,42,288c76ebc61550bf,https://xoso.com.vn/xsmt-16-06-2024.html,OK
2024-06-19,Wednesday,KHANH_HOA,290340,19828,87584,07712,31442,49538,50361,69124,03791,73475,85951,34984,2788,2006,0062,5217,630,97,43f85b8cee532832,https://xoso.com.vn/xsmt-19-06-2024.html,OK
2024-06-23,Sunday,KHANH_HOA,019015,31961,53703,93424,81808,43079,74695,68343,40928,85151,01364,11342,1688,5364,4922,7534,861,48,cdec9bdde461518a,https://xoso.com.vn/xsmt-23-06-2024.html,OK
2024-06-26,Wednesday,KHANH_HOA,855306,46460,62399,70467,47672,84922,31546,89836,87355,54897,93146,89992,1284,0358,0972,1455,233,25,7f8bc373c809ed59,https://xoso.com.vn/xsmt-26-06-2024.html,OK
2024-06-30,Sunday,KHANH_HOA,204068,65734,63237,04775,98633,55145,06842,49119,15160,53200,46667,50065,3092,7392,8453,4011,820,37,0126ef4f8f34fdea,https://xoso.com.vn/xsmt-30-06-2024.html,OK
2024-07-03,Wednesday,KHANH_HOA,300596,10122,58413,65063,98305,93632,64746,04073,09011,28883,51624,89831,8459,2726,4775,9684,306,21,5460e39c5370903c,https://xoso.com.vn/xsmt-03-07-2024.html,OK
2024-07-07,Sunday,KHANH_HOA,268289,44544,33377,00148,00640,53158,29496,71820,57103,50862,94556,25681,7606,9658,9658,3767,555,36,27b23ad17057c8d9,https://xoso.com.vn/xsmt-07-07-2024.html,OK
2024-07-10,Wednesday,KHANH_HOA,473146,61105,65235,08893,36465,05815,92995,53537,59634,69976,86489,14576,5273,4241,1194,2134,738,26,d4cdfa4411cd0a01,https://xoso.com.vn/xsmt-10-07-2024.html,OK
2024-07-14,Sunday,KHANH_HOA,530557,83216,08096,15516,27197,31590,59192,31359,22843,35641,09772,84411,2155,8861,0103,7238,253,11,183c4c3457d93550,https://xoso.com.vn/xsmt-14-07-2024.html,OK
2024-07-17,Wednesday,KHANH_HOA,074387,00497,80627,13979,71713,66806,28271,63435,10298,08799,89829,39584,9233,2062,7964,6373,395,98,bcd1f4899512ba0e,https://xoso.com.vn/xsmt-17-07-2024.html,OK
2024-07-21,Sunday,KHANH_HOA,465951,75397,15282,15542,05979,30252,77982,55493,20999,66023,88202,21091,7230,7673,0779,6808,284,90,a0a7a87966a00035,https://xoso.com.vn/xsmt-21-07-2024.html,OK
2024-07-24,Wednesday,KHANH_HOA,840895,70430,73132,13366,29308,84666,35379,68893,30255,79626,98855,21671,9372,2176,4879,1469,073,26,b52761b84d96ef83,https://xoso.com.vn/xsmt-24-07-2024.html,OK
2024-07-28,Sunday,KHANH_HOA,965222,91629,30773,22809,90792,56223,58548,49964,59013,25786,69147,14352,9535,7168,2715,1475,283,88,c08f22cbcfbbcb79,https://xoso.com.vn/xsmt-28-07-2024.html,OK
2024-07-31,Wednesday,KHANH_HOA,004781,03190,85177,49447,41090,03065,06112,85561,95070,27683,15678,96621,8649,3534,0188,3398,698,36,3f46b73f6fa91e95,https://xoso.com.vn/xsmt-31-07-2024.html,OK
2024-08-04,Sunday,KHANH_HOA,789860,47634,16610,18617,36482,46784,78030,95178,69603,28331,74576,54065,7439,0278,2369,6387,919,40,cb13eb58c8af7bb2,https://xoso.com.vn/xsmt-04-08-2024.html,OK
2024-08-07,Wednesday,KHANH_HOA,701722,40848,70507,23817,88962,86979,78184,63711,92970,29486,53733,71379,4731,7244,5002,8988,467,61,68239e38372efc98,https://xoso.com.vn/xsmt-07-08-2024.html,OK
2024-08-11,Sunday,KHANH_HOA,282354,58285,36996,28962,90873,11460,53854,86230,17846,92498,31287,21871,1288,5288,3391,9707,073,20,1f5a818450e0cb55,https://xoso.com.vn/xsmt-11-08-2024.html,OK
2024-08-14,Wednesday,KHANH_HOA,216727,29126,99551,25260,50965,45830,45548,16285,72263,89345,85632,13447,6529,9250,0050,9418,655,58,c3bf4ae402edf45f,https://xoso.com.vn/xsmt-14-08-2024.html,OK
2024-08-18,Sunday,KHANH_HOA,703638,40973,89308,00842,82669,67533,44125,94082,53995,53886,85196,92864,9615,6958,3941,3424,092,71,77a480919473cc73,https://xoso.com.vn/xsmt-18-08-2024.html,OK
2024-08-21,Wednesday,KHANH_HOA,295291,11838,12576,87090,02444,63892,94469,07699,56812,00992,79969,81685,7118,2306,6729,2629,209,10,47f8a7b21d925328,https://xoso.com.vn/xsmt-21-08-2024.html,OK
2024-08-25,Sunday,KHANH_HOA,187633,40857,70081,59762,80353,08255,19068,13784,59879,46773,72010,54844,9626,4740,2514,0877,120,47,e2f9416ff0ff1ca4,https://xoso.com.vn/xsmt-25-08-2024.html,OK
2024-08-28,Wednesday,KHANH_HOA,642386,25728,97738,75820,36201,63974,94487,71635,65943,26912,51731,66987,0813,0826,7539,9694,617,43,a61346872d2eb55a,https://xoso.com.vn/xsmt-28-08-2024.html,OK
2024-09-01,Sunday,KHANH_HOA,355094,93132,47413,00198,44431,44769,65547,20972,83451,30871,59375,52472,3757,8489,5155,6852,057,42,9b8c8e086fa9e86b,https://xoso.com.vn/xsmt-01-09-2024.html,OK
2024-09-04,Wednesday,KHANH_HOA,126015,06869,68941,18996,12403,22228,17476,00347,94037,91901,99073,02621,9451,7192,2586,7558,033,95,b08876f7b38ecf8c,https://xoso.com.vn/xsmt-04-09-2024.html,OK
2024-09-08,Sunday,KHANH_HOA,616209,91512,90125,53741,25120,56562,42346,00001,65135,11444,90930,23254,7322,5315,9940,7812,977,77,c58e66940dbc2326,https://xoso.com.vn/xsmt-08-09-2024.html,OK
2024-09-11,Wednesday,KHANH_HOA,146986,39804,48462,90874,36844,64830,69355,69629,82587,53417,28575,41540,9883,9357,2718,0004,110,23,c07ccb05fd6d5ed7,https://xoso.com.vn/xsmt-11-09-2024.html,OK
2024-09-15,Sunday,KHANH_HOA,683737,74009,07736,44629,24166,46922,12736,86536,25797,45380,99585,90460,6908,1608,2350,0509,139,58,ac8d7b1eb7f73bc3,https://xoso.com.vn/xsmt-15-09-2024.html,OK
2024-09-18,Wednesday,KHANH_HOA,258782,98366,49553,86507,28803,53695,85635,03015,05915,08053,08588,06736,3794,7133,3591,8883,917,27,431a7447dc5eac42,https://xoso.com.vn/xsmt-18-09-2024.html,OK
2024-09-22,Sunday,KHANH_HOA,297118,35455,00545,13124,43093,84128,85454,65066,71625,37110,42863,24336,7035,4399,2704,5678,020,29,71ac4dd8454d06b5,https://xoso.com.vn/xsmt-22-09-2024.html,OK
2024-09-25,Wednesday,KHANH_HOA,455093,44936,46553,94465,59018,61264,24389,53699,06335,60067,11244,76367,8431,3365,6833,3957,569,33,f03ae3d1f55f33de,https://xoso.com.vn/xsmt-25-09-2024.html,OK
2024-09-29,Sunday,KHANH_HOA,854940,29487,70333,05428,21901,58635,75684,86004,84239,03496,87118,96408,4597,9094,7905,9900,323,20,618e281bfc0a3d8b,https://xoso.com.vn/xsmt-29-09-2024.html,OK
2024-10-02,Wednesday,KHANH_HOA,193108,52656,78347,83161,53810,63298,74642,42548,30811,17000,66891,25437,1623,2503,7949,1766,911,59,e155622622299913,https://xoso.com.vn/xsmt-02-10-2024.html,OK
2024-10-06,Sunday,KHANH_HOA,905378,74051,49727,30664,00146,34332,17771,27005,06299,84680,12282,77033,1229,7878,2680,8094,070,10,af864bb385c3896f,https://xoso.com.vn/xsmt-06-10-2024.html,OK
2024-10-09,Wednesday,KHANH_HOA,932806,90493,42216,91118,12653,56067,80221,99938,95065,88644,16725,90948,5374,4959,0828,8780,917,35,08109a975bcec206,https://xoso.com.vn/xsmt-09-10-2024.html,OK
2024-10-13,Sunday,KHANH_HOA,102182,43574,52830,77377,18774,33879,32074,34053,11993,42308,53208,55781,2827,7530,0665,3503,520,76,b96e1f3b461b352d,https://xoso.com.vn/xsmt-13-10-2024.html,OK
2024-10-16,Wednesday,KHANH_HOA,322496,08506,91790,57705,70833,53951,15311,50677,56561,07837,41598,93151,3540,6750,8359,6441,143,51,9886b7a2ff04e2eb,https://xoso.com.vn/xsmt-16-10-2024.html,OK
2024-10-20,Sunday,KHANH_HOA,853766,23018,67489,50080,26042,46907,10519,04154,67179,82013,32671,80752,0045,5892,5919,2340,301,88,7140e0c0878a0f04,https://xoso.com.vn/xsmt-20-10-2024.html,OK
2024-10-23,Wednesday,KHANH_HOA,647225,86046,21548,12316,56289,17341,56318,16072,15220,06422,60770,80853,9152,5339,1151,5731,530,61,b182d0fe24a826f1,https://xoso.com.vn/xsmt-23-10-2024.html,OK
2024-10-27,Sunday,KHANH_HOA,577483,74754,05020,82286,10965,61605,68574,03426,94249,50672,16638,42039,3684,4376,7715,1159,647,68,0e32bd108b09ae47,https://xoso.com.vn/xsmt-27-10-2024.html,OK
2024-10-30,Wednesday,KHANH_HOA,145723,80096,86770,93655,59193,71213,11474,03569,30894,66005,36352,43835,1678,1535,9876,1365,943,68,d06375b70bb3fb18,https://xoso.com.vn/xsmt-30-10-2024.html,OK
2024-11-03,Sunday,KHANH_HOA,950381,06086,06282,48440,53399,29684,49912,44835,93528,60719,56764,35487,3255,3761,4582,0572,601,62,591678b19d01624d,https://xoso.com.vn/xsmt-03-11-2024.html,OK
2024-11-06,Wednesday,KHANH_HOA,863063,87516,24140,46575,75067,44356,26034,26291,13500,42810,04058,35942,4187,7748,3022,9266,061,33,2248ff13d78865cb,https://xoso.com.vn/xsmt-06-11-2024.html,OK
2024-11-10,Sunday,KHANH_HOA,620914,60601,52172,96600,34049,92439,64002,46432,34644,11209,66043,35733,8806,2844,6439,8142,597,29,a421d0dc281322d9,https://xoso.com.vn/xsmt-10-11-2024.html,OK
2024-11-13,Wednesday,KHANH_HOA,318229,58304,89685,72631,91602,41805,16442,33093,77104,22938,81494,03398,4099,2369,3216,0054,390,63,ca968f019c24e88d,https://xoso.com.vn/xsmt-13-11-2024.html,OK
2024-11-17,Sunday,KHANH_HOA,082849,42379,81204,43060,72083,31883,17532,96722,58639,12291,94921,89372,3822,8496,9379,6484,567,68,ad142f464c707183,https://xoso.com.vn/xsmt-17-11-2024.html,OK
2024-11-20,Wednesday,KHANH_HOA,451065,54587,76544,49027,18784,79480,42813,24745,15083,27126,50505,65022,9499,0787,3305,2641,670,81,d11f51d58902dad4,https://xoso.com.vn/xsmt-20-11-2024.html,OK
2024-11-24,Sunday,KHANH_HOA,890780,30279,14276,04615,91319,11083,23605,70809,04908,45043,32430,43027,0784,2516,4571,2537,655,10,0c15a85f8ea80127,https://xoso.com.vn/xsmt-24-11-2024.html,OK
2024-11-27,Wednesday,KHANH_HOA,999670,21084,59275,52819,30546,13018,56080,22080,75711,11769,06240,79148,0137,8909,0404,3531,144,90,93d7d82d9760295e,https://xoso.com.vn/xsmt-27-11-2024.html,OK
2024-12-01,Sunday,KHANH_HOA,139966,94347,11214,80188,64678,62372,28172,79718,65625,12186,65583,12136,4598,9845,0147,6053,140,81,1194190ddae80d30,https://xoso.com.vn/xsmt-01-12-2024.html,OK
2024-12-04,Wednesday,KHANH_HOA,889586,98981,30396,75398,04110,99698,29084,50017,95497,29641,08384,55359,1826,8808,0188,3330,429,07,88457bef929fd623,https://xoso.com.vn/xsmt-04-12-2024.html,OK
2024-12-08,Sunday,KHANH_HOA,595848,16011,34090,58742,66240,43356,46332,94131,56938,09733,10932,54490,2772,2656,4137,8798,625,72,2f093bd2e8a0b870,https://xoso.com.vn/xsmt-08-12-2024.html,OK
2024-12-11,Wednesday,KHANH_HOA,261394,91112,63849,06079,10015,32441,40700,80966,96957,32366,87754,81464,8631,7995,0010,7973,440,88,dda15c271879d1bc,https://xoso.com.vn/xsmt-11-12-2024.html,OK
2024-12-15,Sunday,KHANH_HOA,085943,69054,96954,26636,01122,56302,73709,06402,88910,39759,21396,78416,3603,9241,5228,7228,549,69,cf07ea76fa64fc73,https://xoso.com.vn/xsmt-15-12-2024.html,OK
2024-12-18,Wednesday,KHANH_HOA,182546,64213,66768,03814,04276,79054,44309,81080,33603,23644,22695,16721,6840,1420,7796,4112,890,26,da91723b7560be47,https://xoso.com.vn/xsmt-18-12-2024.html,OK
2024-12-22,Sunday,KHANH_HOA,760556,18327,57480,95033,00048,05748,19488,72922,34207,16025,13024,64961,2816,4898,7408,2735,733,08,b4f4dc171a5e56d5,https://xoso.com.vn/xsmt-22-12-2024.html,OK
2024-12-25,Wednesday,KHANH_HOA,791057,20431,23068,77913,87799,82685,34940,67856,95252,26114,02185,52199,9008,5625,2797,0489,551,10,1c4744236e4e54a5,https://xoso.com.vn/xsmt-25-12-2024.html,OK
2024-12-29,Sunday,KHANH_HOA,608216,86540,62559,38791,37654,84856,58134,39002,33234,17266,61558,02721,6328,6039,3333,4654,010,32,dac20ba8578e4af1,https://xoso.com.vn/xsmt-29-12-2024.html,OK
2025-01-01,Wednesday,KHANH_HOA,866605,22946,71797,45885,41921,30001,55234,60691,93910,07485,77321,80383,6198,1275,3000,3947,191,67,b47fa61ebc72ba50,https://xoso.com.vn/xsmt-01-01-2025.html,OK
2025-01-05,Sunday,KHANH_HOA,381413,54024,42182,14752,03472,24038,23519,37168,92816,61728,15609,50904,4625,3295,3104,7045,339,74,1c2f0c19068c34c9,https://xoso.com.vn/xsmt-05-01-2025.html,OK
2025-01-08,Wednesday,KHANH_HOA,784788,02857,54180,57922,15866,91450,77906,77503,50943,19052,73949,05331,6040,0527,5241,0048,921,82,987b1b13842fbc09,https://xoso.com.vn/xsmt-08-01-2025.html,OK
2025-01-12,Sunday,KHANH_HOA,058023,99020,86151,72556,16529,78147,01746,25397,86073,24156,26753,61804,1613,5842,0891,0709,308,00,7427611dbd1c7817,https://xoso.com.vn/xsmt-12-01-2025.html,OK
2025-01-15,Wednesday,KHANH_HOA,657186,90939,21951,99579,25130,95873,43636,34583,79067,67975,40513,26297,8401,8742,4341,6098,586,87,7cbf3fa41196795a,https://xoso.com.vn/xsmt-15-01-2025.html,OK
2025-01-19,Sunday,KHANH_HOA,369244,63709,63348,20208,86779,09272,75170,93518,65575,10316,44966,78240,0713,2173,7758,6887,666,86,490a020abfedf9c6,https://xoso.com.vn/xsmt-19-01-2025.html,OK
2025-01-22,Wednesday,KHANH_HOA,623408,99328,54023,65306,67699,67666,37116,02613,71700,83837,03105,23467,6780,2069,7411,6828,793,21,9f59a62b7e4e503a,https://xoso.com.vn/xsmt-22-01-2025.html,OK
2025-01-26,Sunday,KHANH_HOA,957784,86993,92123,08263,87272,68330,24682,13921,37607,39284,68929,61918,9457,5950,6817,0286,011,95,77e8c8ef435655c8,https://xoso.com.vn/xsmt-26-01-2025.html,OK
2025-01-29,Wednesday,KHANH_HOA,499562,64245,81781,48758,64513,89158,59533,03240,69429,00621,57781,09174,9111,4903,3277,7868,435,94,9525faa57085b680,https://xoso.com.vn/xsmt-29-01-2025.html,OK
2025-02-02,Sunday,KHANH_HOA,734583,10576,84696,91947,46757,45283,53044,97653,37162,54733,91062,43318,7104,0808,6278,1161,079,24,c03b41b69e039800,https://xoso.com.vn/xsmt-02-02-2025.html,OK
2025-02-05,Wednesday,KHANH_HOA,562636,38572,76284,26116,92833,38609,94862,97458,28437,57119,08567,45542,4584,9258,2415,7858,186,39,a0be7cef04c11d6c,https://xoso.com.vn/xsmt-05-02-2025.html,OK
2025-02-09,Sunday,KHANH_HOA,118869,41464,88720,23896,21193,64649,27524,01420,75023,79358,19833,93541,2384,0326,3086,8378,746,82,61e65d6ca76b904b,https://xoso.com.vn/xsmt-09-02-2025.html,OK
2025-02-12,Wednesday,KHANH_HOA,731833,73009,31123,40694,92376,69656,92158,76429,14306,47942,15216,78688,6007,5515,7144,7134,376,24,a5b9ac095d0d76ec,https://xoso.com.vn/xsmt-12-02-2025.html,OK
2025-02-16,Sunday,KHANH_HOA,392530,74783,25621,18368,60228,68961,29539,41490,28512,48305,73541,55326,5271,9787,3936,1092,114,57,bf28c870378d3a89,https://xoso.com.vn/xsmt-16-02-2025.html,OK
2025-02-19,Wednesday,KHANH_HOA,874465,02580,99264,17024,05072,02289,30687,83273,00650,61577,94209,72775,9646,4200,7062,9480,671,19,1c944c95191abca6,https://xoso.com.vn/xsmt-19-02-2025.html,OK
2025-02-23,Sunday,KHANH_HOA,101247,30825,82642,99247,75422,21455,14927,01759,55137,21554,76255,82713,5789,6173,8118,3298,137,43,b7bf6b457fda8458,https://xoso.com.vn/xsmt-23-02-2025.html,OK
2025-02-26,Wednesday,KHANH_HOA,849939,60470,05986,81690,13435,56164,61044,43752,95258,19396,06551,99047,9434,5792,6071,6175,447,73,6bc1dacbe4c4c7ae,https://xoso.com.vn/xsmt-26-02-2025.html,OK
2025-03-02,Sunday,KHANH_HOA,280890,76754,64127,65533,98042,70998,42116,55417,65873,20655,20861,27046,1697,9686,9239,7969,848,86,9acb345a75d0c2fa,https://xoso.com.vn/xsmt-02-03-2025.html,OK
2025-03-05,Wednesday,KHANH_HOA,467902,64269,99218,91658,69799,71088,17987,55494,87476,27550,19977,34463,3588,3373,3791,8377,367,05,190ea64994fae935,https://xoso.com.vn/xsmt-05-03-2025.html,OK
2025-03-09,Sunday,KHANH_HOA,010529,15528,40632,47894,20904,10558,51093,14672,27471,52171,65338,13869,8908,8415,9498,5908,646,69,87e39543cee35d39,https://xoso.com.vn/xsmt-09-03-2025.html,OK
2025-03-12,Wednesday,KHANH_HOA,244349,38369,45716,84488,57246,73171,55284,18364,10832,41773,24271,02089,6076,7190,7710,5532,376,78,a4880a1b87509c72,https://xoso.com.vn/xsmt-12-03-2025.html,OK
2025-03-16,Sunday,KHANH_HOA,097725,65255,51010,04207,38666,82912,08671,04007,38777,21427,24678,88213,7179,0090,1275,8137,165,54,af12f56e88bd100e,https://xoso.com.vn/xsmt-16-03-2025.html,OK
2025-03-19,Wednesday,KHANH_HOA,469924,25732,25406,51626,41578,41194,95923,20655,57230,93580,74960,23148,0377,6506,1269,9456,814,07,3e38fd8e0a1578d1,https://xoso.com.vn/xsmt-19-03-2025.html,OK
2025-03-23,Sunday,KHANH_HOA,847965,81003,15225,77739,03974,48751,08662,33475,70524,53262,44863,94510,8282,0513,3058,2411,150,81,b7904f8f9f846569,https://xoso.com.vn/xsmt-23-03-2025.html,OK
2025-03-26,Wednesday,KHANH_HOA,070941,78537,73036,28897,08992,68752,05135,55909,61108,11092,99336,23638,7634,1016,0877,7479,099,53,594b7a927fe0df2e,https://xoso.com.vn/xsmt-26-03-2025.html,OK
2025-03-30,Sunday,KHANH_HOA,229641,12547,99492,50274,98634,69975,25973,17853,27369,01374,18985,49164,0070,4139,8982,2096,413,87,3b14aaf60212ce4f,https://xoso.com.vn/xsmt-30-03-2025.html,OK
2025-04-02,Wednesday,KHANH_HOA,734202,50378,04799,23109,88675,91236,43415,93219,22799,16250,85992,70294,3593,6660,4639,6904,384,96,9bcc49edf55b7f20,https://xoso.com.vn/xsmt-02-04-2025.html,OK
2025-04-06,Sunday,KHANH_HOA,798289,61420,24711,44577,61260,69404,62790,72526,73091,10157,41943,21612,2085,8424,0119,5414,625,23,7bb85c21df304132,https://xoso.com.vn/xsmt-06-04-2025.html,OK
2025-04-09,Wednesday,KHANH_HOA,997212,40784,80024,35388,42954,03076,32079,70074,31378,95047,30033,18079,1540,7290,3741,1993,073,27,a7103572a817e3fe,https://xoso.com.vn/xsmt-09-04-2025.html,OK
2025-04-13,Sunday,KHANH_HOA,922294,60811,44778,10721,91572,48504,09412,45266,65455,36082,72046,74636,4038,0835,4183,6860,789,75,f7df15f76ed06566,https://xoso.com.vn/xsmt-13-04-2025.html,OK
2025-04-16,Wednesday,KHANH_HOA,468623,64830,55134,24327,10093,66819,21329,78286,03490,80485,19605,40432,4533,6014,7825,8627,676,66,7b3fb55b1633a049,https://xoso.com.vn/xsmt-16-04-2025.html,OK
2025-04-20,Sunday,KHANH_HOA,584049,40298,83132,38253,83387,04659,54634,88494,12809,96339,36514,22895,7106,2136,5037,5394,790,04,acde89817c835933,https://xoso.com.vn/xsmt-20-04-2025.html,OK
2025-04-23,Wednesday,KHANH_HOA,256823,10471,37215,57777,11824,38719,68251,84155,85848,79467,64487,51518,1626,2763,6670,9943,992,56,9098e86eab7e650d,https://xoso.com.vn/xsmt-23-04-2025.html,OK
2025-04-27,Sunday,KHANH_HOA,104211,10560,08566,59938,74698,74089,28953,89181,91204,42978,02564,47704,1203,9335,7332,0013,097,18,dca8f4849bf23655,https://xoso.com.vn/xsmt-27-04-2025.html,OK
2025-04-30,Wednesday,KHANH_HOA,828672,89692,67837,74772,56831,80837,80292,59230,21570,68318,44043,59774,0904,9319,5532,8408,964,33,744ca334b5439ac9,https://xoso.com.vn/xsmt-30-04-2025.html,OK
2025-05-04,Sunday,KHANH_HOA,490294,52069,01879,17282,41206,33716,94651,94275,14937,78083,81004,61969,8336,8690,5299,0896,307,18,6f8f4d974c395ad1,https://xoso.com.vn/xsmt-04-05-2025.html,OK
2025-05-07,Wednesday,KHANH_HOA,736870,05206,54143,53194,66217,75182,48608,99592,75623,46609,20072,39099,6206,6511,8072,3820,066,22,8ffa3eae12abceb1,https://xoso.com.vn/xsmt-07-05-2025.html,OK
2025-05-11,Sunday,KHANH_HOA,438959,00667,55884,26420,38300,97257,86648,14757,86418,70052,38951,45520,4474,7859,2997,2658,967,41,a9be1378d28b5b4e,https://xoso.com.vn/xsmt-11-05-2025.html,OK
2025-05-14,Wednesday,KHANH_HOA,778422,25091,85735,78580,01739,04555,35762,88648,13298,36879,34352,85195,0148,2096,3850,2533,879,69,e0623f4601236cc9,https://xoso.com.vn/xsmt-14-05-2025.html,OK
2025-05-18,Sunday,KHANH_HOA,965658,59855,78841,09204,16492,14903,06349,81396,81851,93406,09983,84198,8420,3950,8418,1276,675,12,eded11faf2f89030,https://xoso.com.vn/xsmt-18-05-2025.html,OK
2025-05-21,Wednesday,KHANH_HOA,241867,51631,73730,94343,85570,35644,41336,84180,00604,97663,53061,96465,3236,3884,8703,4550,760,85,8ba8ba7fb3f4955b,https://xoso.com.vn/xsmt-21-05-2025.html,OK
2025-05-25,Sunday,KHANH_HOA,336105,94003,15896,13583,96641,91680,55453,58216,09105,70080,60539,85819,7193,6491,1997,1507,237,92,8b2a476b74f54dac,https://xoso.com.vn/xsmt-25-05-2025.html,OK
2025-05-28,Wednesday,KHANH_HOA,928729,36891,38463,07885,25507,14032,40162,75650,95881,11723,68843,95700,4533,6986,6953,5456,585,23,7257d6cfc4b4a686,https://xoso.com.vn/xsmt-28-05-2025.html,OK
2025-06-01,Sunday,KHANH_HOA,372927,10103,94245,18830,80823,64767,68092,18892,30563,36553,54320,73900,3447,2310,0908,5185,341,10,4370589cd0725029,https://xoso.com.vn/xsmt-01-06-2025.html,OK
2025-06-04,Wednesday,KHANH_HOA,654371,77200,03192,64136,71006,85423,84865,66691,32982,68261,82627,61911,0287,5245,0842,5561,618,22,3b5d711979ff46b9,https://xoso.com.vn/xsmt-04-06-2025.html,OK
2025-06-08,Sunday,KHANH_HOA,378570,51122,35948,19208,04189,12910,53723,03325,93341,84847,37319,34878,4370,2420,4395,0665,016,81,8e440187c5cb3df2,https://xoso.com.vn/xsmt-08-06-2025.html,OK
2025-06-11,Wednesday,KHANH_HOA,238159,46696,13250,43763,10518,33432,50922,23224,06501,24408,60712,99935,5740,3966,6186,7556,652,83,743ab2057ce0b1d6,https://xoso.com.vn/xsmt-11-06-2025.html,OK
2025-06-15,Sunday,KHANH_HOA,285872,80334,43280,25901,00446,36019,58839,13649,88587,05085,50525,91223,1033,7463,1010,4474,336,93,88fb4a92215d54c7,https://xoso.com.vn/xsmt-15-06-2025.html,OK
2025-06-18,Wednesday,KHANH_HOA,451029,21180,36364,20925,31578,81745,25710,64721,41998,22976,48953,64206,8068,1988,1170,7461,417,11,36a56b0c03199fe9,https://xoso.com.vn/xsmt-18-06-2025.html,OK
2025-06-22,Sunday,KHANH_HOA,435534,07076,74414,29277,89990,35850,15032,22073,06655,16089,72715,46675,4139,5637,6926,3967,697,75,dd12668438deb590,https://xoso.com.vn/xsmt-22-06-2025.html,OK
2025-06-25,Wednesday,KHANH_HOA,611853,07054,17643,94148,58978,42863,88244,19411,89449,17412,15699,17596,3281,5468,3380,9188,775,52,fcb1621c96c70e53,https://xoso.com.vn/xsmt-25-06-2025.html,OK
2025-06-29,Sunday,KHANH_HOA,699541,19898,90139,07856,61379,84255,93519,67900,70419,82437,58357,66224,2845,6990,1297,1301,545,43,5a47aa8194717f52,https://xoso.com.vn/xsmt-29-06-2025.html,OK
2025-07-02,Wednesday,KHANH_HOA,400517,30145,35928,68795,48752,48048,95169,42926,41379,98215,15960,13982,6862,6439,2170,6809,577,25,a63597b3aadd3e71,https://xoso.com.vn/xsmt-02-07-2025.html,OK
2025-07-06,Sunday,KHANH_HOA,020311,62317,65060,27624,16398,16499,57860,20469,27950,21874,90095,25390,0097,1943,4001,3150,643,35,24b8fba1f161581f,https://xoso.com.vn/xsmt-06-07-2025.html,OK
2025-07-09,Wednesday,KHANH_HOA,856081,74328,41644,08241,06042,79484,08132,71493,47324,45895,28608,01540,0957,5061,7213,9790,552,69,daa00ad2ca220088,https://xoso.com.vn/xsmt-09-07-2025.html,OK
2025-07-13,Sunday,KHANH_HOA,152011,34444,05190,44500,07117,29020,12489,21072,52667,03729,21708,29039,6099,6635,1409,0361,384,74,0091b5e41bc8b0cb,https://xoso.com.vn/xsmt-13-07-2025.html,OK
2025-07-16,Wednesday,KHANH_HOA,295281,96996,01228,10140,32261,09496,92583,81829,93934,94499,46109,03760,9455,1035,0314,0600,866,56,c9856e4a68e52da2,https://xoso.com.vn/xsmt-16-07-2025.html,OK
2025-07-20,Sunday,KHANH_HOA,719643,16956,91970,04549,42920,29979,87401,13172,42361,82515,34210,33418,9142,2972,0596,9967,308,86,c41c1dcd79583167,https://xoso.com.vn/xsmt-20-07-2025.html,OK
2025-07-23,Wednesday,KHANH_HOA,551150,70834,10923,01632,36473,01180,07926,84927,03250,90869,77933,56748,1339,9663,1135,3132,869,33,98dc40ab1ea37faa,https://xoso.com.vn/xsmt-23-07-2025.html,OK
2025-07-27,Sunday,KHANH_HOA,817417,80526,13801,21561,90425,46945,78986,27678,54547,62814,84873,07394,7832,3657,6913,7243,041,54,4d3d1e27e0cd435a,https://xoso.com.vn/xsmt-27-07-2025.html,OK
2025-07-30,Wednesday,KHANH_HOA,461776,57087,34467,59601,10506,91945,07642,62508,04415,51324,42921,12282,5056,6022,3568,8191,166,85,d7c4f21f4451947b,https://xoso.com.vn/xsmt-30-07-2025.html,OK
2025-08-03,Sunday,KHANH_HOA,421772,40923,60790,56177,96331,15566,93776,70161,28506,65624,08524,98317,1095,2276,1279,3983,752,56,cb54bd1da2a410e2,https://xoso.com.vn/xsmt-03-08-2025.html,OK
2025-08-06,Wednesday,KHANH_HOA,319574,19891,74654,32219,19661,54975,54693,53882,78864,35002,12063,11846,2162,1392,2120,4877,466,19,46c2bfb6fb863a48,https://xoso.com.vn/xsmt-06-08-2025.html,OK
2025-08-10,Sunday,KHANH_HOA,987034,04399,72991,44149,28665,75358,43808,79969,28559,56582,09190,92920,3505,2923,8729,0965,544,02,90ca68deba0a8822,https://xoso.com.vn/xsmt-10-08-2025.html,OK
2025-08-13,Wednesday,KHANH_HOA,235966,64115,99551,09711,80864,73035,45969,90574,87795,48714,53205,42470,8052,8691,6039,8689,473,63,494ae928d14ae251,https://xoso.com.vn/xsmt-13-08-2025.html,OK
2025-08-17,Sunday,KHANH_HOA,022480,67743,28665,04568,49479,99523,62125,60246,06548,39172,80515,70055,1107,5386,6573,2900,914,29,2c09094257fc019c,https://xoso.com.vn/xsmt-17-08-2025.html,OK
2025-08-20,Wednesday,KHANH_HOA,102551,42131,61399,93334,28614,29287,93673,48093,61047,09504,51041,48888,0044,4164,9367,1154,288,30,4da8e371fb1ea0d7,https://xoso.com.vn/xsmt-20-08-2025.html,OK
2025-08-24,Sunday,KHANH_HOA,236110,50412,21974,30906,88422,95295,38538,53200,64443,43045,65687,78354,6745,5955,0249,9777,863,10,75597810ebae5e2a,https://xoso.com.vn/xsmt-24-08-2025.html,OK
2025-08-27,Wednesday,KHANH_HOA,166372,55306,83133,84689,44676,35886,05075,76661,45382,13134,00580,69026,2759,4200,3667,5618,576,25,a6230adae4755d92,https://xoso.com.vn/xsmt-27-08-2025.html,OK
2025-08-31,Sunday,KHANH_HOA,150300,39319,60779,06754,86209,23094,00274,23523,86382,75463,78869,54024,4565,2482,3573,9187,524,91,466faf2f30be31bb,https://xoso.com.vn/xsmt-31-08-2025.html,OK
2025-09-03,Wednesday,KHANH_HOA,015034,50437,72525,50894,01062,30628,66486,54673,71757,52676,16347,60786,9177,0584,6423,5549,669,47,ce8e7a3c5243a728,https://xoso.com.vn/xsmt-03-09-2025.html,OK
2025-09-07,Sunday,KHANH_HOA,336943,70139,66446,22828,73519,41920,52002,45042,89550,33551,98189,21968,3786,9787,3834,2273,322,65,f6a7206c6e993e95,https://xoso.com.vn/xsmt-07-09-2025.html,OK
2025-09-10,Wednesday,KHANH_HOA,993831,11925,22258,27283,66878,32941,56347,28980,59727,74934,03692,10225,6343,3981,5216,4173,980,47,2841b72fec05112a,https://xoso.com.vn/xsmt-10-09-2025.html,OK
2025-09-14,Sunday,KHANH_HOA,728799,40043,51178,19346,79234,31884,62918,54104,98501,75309,26673,15494,3004,3519,8515,3592,150,20,0d3a3ec8ae89d5c1,https://xoso.com.vn/xsmt-14-09-2025.html,OK
2025-09-17,Wednesday,KHANH_HOA,908261,90557,58434,87129,98401,71599,61991,78492,89217,76443,59042,56083,0139,5550,9274,3688,439,88,7ce03b8925b8aa6e,https://xoso.com.vn/xsmt-17-09-2025.html,OK
2025-09-21,Sunday,KHANH_HOA,185435,34240,66736,49456,34503,48432,92366,81391,81185,63052,33544,76416,6440,4096,4788,3507,881,59,b870852609c51d2b,https://xoso.com.vn/xsmt-21-09-2025.html,OK
2025-09-24,Wednesday,KHANH_HOA,861914,32578,61911,88161,52565,10160,47977,62282,82137,18706,22957,51734,6664,2660,2696,8221,739,59,d729fa3877439eb7,https://xoso.com.vn/xsmt-24-09-2025.html,OK
2025-09-28,Sunday,KHANH_HOA,134441,83371,28825,55190,77052,16602,21137,98219,49099,97464,76459,49716,5045,8800,1649,4816,612,60,442a99e58b0d03a9,https://xoso.com.vn/xsmt-28-09-2025.html,OK
2025-10-01,Wednesday,KHANH_HOA,960515,12850,85450,25756,42811,85118,24429,63863,69151,71718,78401,06119,0047,7581,5609,4447,432,40,2c7f78d36a89d2de,https://xoso.com.vn/xsmt-01-10-2025.html,OK
2025-10-05,Sunday,KHANH_HOA,013901,38767,08745,34731,02906,43304,32563,85417,34506,30986,17267,64761,7070,5244,2369,6031,004,15,a6cee89f5dd22e3c,https://xoso.com.vn/xsmt-05-10-2025.html,OK
2025-10-08,Wednesday,KHANH_HOA,077346,83543,44193,63836,59489,50785,31650,91351,80998,39785,91011,52334,7479,3039,3631,8651,960,15,fc7cdf467d9a8a97,https://xoso.com.vn/xsmt-08-10-2025.html,OK
2025-10-12,Sunday,KHANH_HOA,094610,92044,00403,67510,71482,03696,99478,27769,51685,68459,98818,97032,4714,4722,0799,9437,684,11,cf4213f6781a32ae,https://xoso.com.vn/xsmt-12-10-2025.html,OK
2025-10-15,Wednesday,KHANH_HOA,951958,87771,74264,09896,84936,16318,20584,66729,66366,99731,17424,22239,5607,5003,3883,5273,146,17,f31b22e710dff08c,https://xoso.com.vn/xsmt-15-10-2025.html,OK
2025-10-19,Sunday,KHANH_HOA,351241,18606,14956,16858,53656,64508,58771,11664,66003,36072,96177,81593,7132,2955,0353,2982,266,70,53a5b43d31b6bc02,https://xoso.com.vn/xsmt-19-10-2025.html,OK
2025-10-22,Wednesday,KHANH_HOA,091803,92797,62264,48996,90337,66191,87501,50879,59186,18589,42145,13138,5617,4808,2833,1260,133,28,4aa1b6c7274a0e76,https://xoso.com.vn/xsmt-22-10-2025.html,OK
2025-10-26,Sunday,KHANH_HOA,797511,60802,01970,42307,43512,70199,76296,24777,83326,81939,75931,76546,2711,9421,2755,0891,383,97,c15e1e1d56425ca1,https://xoso.com.vn/xsmt-26-10-2025.html,OK
2025-10-29,Wednesday,KHANH_HOA,069132,25461,05343,46861,98716,26718,58199,42243,99963,85989,35968,26356,3750,0199,9813,3103,245,02,3bd331488bc0a8af,https://xoso.com.vn/xsmt-29-10-2025.html,OK
2025-11-02,Sunday,KHANH_HOA,471493,18234,36902,92569,33339,59159,31465,44770,25686,44102,63367,47672,7479,1234,1967,2391,306,37,ef959d99dcdf777b,https://xoso.com.vn/xsmt-02-11-2025.html,OK
2025-11-05,Wednesday,KHANH_HOA,819251,58849,15397,89642,65634,01849,62408,15231,44255,05828,80328,54103,1600,5664,0799,4479,718,96,354e8f9476978473,https://xoso.com.vn/xsmt-05-11-2025.html,OK
2025-11-09,Sunday,KHANH_HOA,405762,90315,33441,46338,52021,82879,75076,14242,59557,05318,78013,05057,1392,9788,6817,3536,869,90,0ef460f89ab8932f,https://xoso.com.vn/xsmt-09-11-2025.html,OK
2025-11-12,Wednesday,KHANH_HOA,525928,08581,86092,56105,92723,42269,31668,49852,45786,26458,38739,90102,3768,3720,7830,4240,303,99,bde92d74aa2cc948,https://xoso.com.vn/xsmt-12-11-2025.html,OK
2025-11-16,Sunday,KHANH_HOA,657743,88967,64505,88178,87811,17944,03970,23949,39166,36069,96389,69672,0564,6264,3701,3378,655,33,b97fdf6aa0a8f5dc,https://xoso.com.vn/xsmt-16-11-2025.html,OK
2025-11-19,Wednesday,KHANH_HOA,283708,67214,35767,10475,51930,73087,96629,32605,97530,29756,09657,30333,7026,0342,7875,3707,117,45,02c9ffa186186b5e,https://xoso.com.vn/xsmt-19-11-2025.html,OK
2025-11-23,Sunday,KHANH_HOA,384211,78244,94144,01904,85150,21453,13066,05456,17320,98041,78903,43526,3054,5768,9507,0282,115,13,14730fa82e2ddfa2,https://xoso.com.vn/xsmt-23-11-2025.html,OK
2025-11-26,Wednesday,KHANH_HOA,281977,05830,67886,48060,12915,44197,90840,63074,68953,21795,92659,99317,4411,4192,1618,4918,553,14,c6859c389513cd03,https://xoso.com.vn/xsmt-26-11-2025.html,OK
2025-11-30,Sunday,KHANH_HOA,111890,83054,42773,25903,04051,28606,54979,97440,96453,34971,21360,57742,7875,7055,1710,4640,687,50,157cfa0e636039d0,https://xoso.com.vn/xsmt-30-11-2025.html,OK
2025-12-03,Wednesday,KHANH_HOA,259351,61358,76803,85371,80242,53677,73766,98832,49176,99955,62246,92448,2481,0809,1761,1117,161,70,c87afd5ee8c8f0fb,https://xoso.com.vn/xsmt-03-12-2025.html,OK
2025-12-07,Sunday,KHANH_HOA,710146,02739,83588,78796,57634,50492,87777,40143,15144,18669,78491,11858,2541,0281,8035,8570,958,67,40e34ac077cc9bbc,https://xoso.com.vn/xsmt-07-12-2025.html,OK
2025-12-10,Wednesday,KHANH_HOA,542231,78008,56237,50033,54385,94107,46570,50868,73507,15360,73025,19559,6888,4448,3686,9169,727,32,29b018e4d45e072d,https://xoso.com.vn/xsmt-10-12-2025.html,OK
2025-12-14,Sunday,KHANH_HOA,918405,41467,13455,48771,90305,15278,41804,23946,95321,95464,53315,24046,3689,8275,9814,7952,924,35,ed8c37da1d326330,https://xoso.com.vn/xsmt-14-12-2025.html,OK
2025-12-17,Wednesday,KHANH_HOA,397432,37823,31234,20839,94537,27797,82126,85824,53525,70486,23580,95786,4127,8558,0737,1602,656,59,f0ff2e85260c05c4,https://xoso.com.vn/xsmt-17-12-2025.html,OK
2025-12-21,Sunday,KHANH_HOA,195492,30283,03932,41801,58676,28777,37737,12315,18111,81567,64289,21663,2794,7784,7454,6921,106,55,5aade9e5229abeac,https://xoso.com.vn/xsmt-21-12-2025.html,OK
2025-12-24,Wednesday,KHANH_HOA,242340,18236,86205,54151,04951,70035,40526,08598,79536,40954,78990,87543,7694,5146,9169,2859,632,35,c7e8c35e30ceb9ad,https://xoso.com.vn/xsmt-24-12-2025.html,OK
2025-12-28,Sunday,KHANH_HOA,109059,20657,02336,70820,65052,30620,57108,10116,22870,60547,88580,52183,9167,9136,1571,9282,280,46,0304e4c1d8497f4f,https://xoso.com.vn/xsmt-28-12-2025.html,OK
2025-12-31,Wednesday,KHANH_HOA,085141,77824,88639,21007,54221,07252,69034,71393,78812,68039,28186,85187,0009,2609,5732,2842,918,33,ef351150eb3bb370,https://xoso.com.vn/xsmt-31-12-2025.html,OK
2026-01-04,Sunday,KHANH_HOA,631267,36948,28172,58521,79545,73304,80770,64453,62693,18789,68081,54978,2984,7098,1188,9957,942,27,e87a64bccac3bab4,https://xoso.com.vn/xsmt-04-01-2026.html,OK
2026-01-07,Wednesday,KHANH_HOA,319180,75304,48909,60843,65029,82796,88451,65833,77339,10252,08041,05535,2222,0440,9937,7105,561,76,98bb57d0655c1073,https://xoso.com.vn/xsmt-07-01-2026.html,OK
2026-01-11,Sunday,KHANH_HOA,935846,15456,27441,64417,92083,05661,00812,87685,24796,88592,38096,60001,8551,9299,0875,8511,993,37,0c9db62ac96a9f3e,https://xoso.com.vn/xsmt-11-01-2026.html,OK
2026-01-14,Wednesday,KHANH_HOA,507450,07369,48368,26379,13701,81666,12209,10607,40411,91149,17102,53891,0119,9774,2198,0454,768,66,5dd46358107c6d06,https://xoso.com.vn/xsmt-14-01-2026.html,OK
2026-01-18,Sunday,KHANH_HOA,418236,66265,28613,98886,32735,73945,92722,54232,21111,47034,34644,78382,7258,3358,1232,7064,292,27,6724097c5ee28575,https://xoso.com.vn/xsmt-18-01-2026.html,OK
2026-01-21,Wednesday,KHANH_HOA,765951,06740,92176,60160,80039,04364,43905,24086,04407,68858,82339,91549,4443,0855,8604,6631,765,15,c4620f5c4d51ac47,https://xoso.com.vn/xsmt-21-01-2026.html,OK
2026-01-25,Sunday,KHANH_HOA,557999,66388,08887,76837,17211,19234,76046,28542,99867,89867,54018,50142,2582,4016,1057,4652,361,80,52d833d539aa1851,https://xoso.com.vn/xsmt-25-01-2026.html,OK
2026-01-28,Wednesday,KHANH_HOA,132521,29814,66454,62805,55957,97260,03023,28727,39433,43609,88180,94386,8344,5770,2444,2906,444,75,7b59cbf9217ae7ee,https://xoso.com.vn/xsmt-28-01-2026.html,OK
2026-02-01,Sunday,KHANH_HOA,921053,51454,94857,42368,05222,42731,76196,26169,78241,21396,11397,97622,4667,8218,9497,9922,596,67,d14a952afb939015,https://xoso.com.vn/xsmt-01-02-2026.html,OK
2026-02-04,Wednesday,KHANH_HOA,362103,27525,43483,75369,27263,82493,73299,37895,29050,45347,49945,05490,2857,9205,1526,6039,424,20,8562995ccd75901b,https://xoso.com.vn/xsmt-04-02-2026.html,OK
2026-02-08,Sunday,KHANH_HOA,691162,21670,42055,98481,67162,30006,41981,82195,91312,14825,92599,24464,0715,9661,5379,2301,792,81,60b77bf3bfdf4c9e,https://xoso.com.vn/xsmt-08-02-2026.html,OK
2026-02-11,Wednesday,KHANH_HOA,598702,02802,80374,13309,14882,36769,41606,15563,08077,25619,03385,13700,9724,5271,2146,4545,582,57,1a7e2a3ceb19d52e,https://xoso.com.vn/xsmt-11-02-2026.html,OK
2026-02-15,Sunday,KHANH_HOA,904254,91051,27874,34819,64813,11536,05436,92106,30162,27432,13629,20425,6106,3643,7572,8919,082,20,8ccfd4cd8d7bd69a,https://xoso.com.vn/xsmt-15-02-2026.html,OK
2026-02-18,Wednesday,KHANH_HOA,843926,31276,20841,52557,32419,06072,27667,57976,74214,44490,63090,99528,2774,9542,2991,3754,698,80,6ed36cfd294152b5,https://xoso.com.vn/xsmt-18-02-2026.html,OK
2026-02-22,Sunday,KHANH_HOA,575533,38222,42532,93977,62834,04904,16638,05308,35548,21076,60165,20699,1866,3538,6954,0770,701,85,bcaa15d5fe7abe3a,https://xoso.com.vn/xsmt-22-02-2026.html,OK
2026-02-25,Wednesday,KHANH_HOA,551175,77855,35117,22910,55986,36806,05260,20290,86472,34513,87638,87729,2589,5339,3399,0426,058,89,819318b6494ab31d,https://xoso.com.vn/xsmt-25-02-2026.html,OK
2026-03-01,Sunday,KHANH_HOA,131340,18119,16102,63085,92351,75655,74979,70439,49138,05985,56847,12027,7615,0150,2944,4031,402,95,eeed1646669d3f9e,https://xoso.com.vn/xsmt-01-03-2026.html,OK
2026-03-04,Wednesday,KHANH_HOA,971174,78634,98458,36152,57187,75104,27882,46843,23845,72029,19737,70782,2074,2958,2372,5786,449,88,6950775ea6ddb6b0,https://xoso.com.vn/xsmt-04-03-2026.html,OK
2026-03-08,Sunday,KHANH_HOA,658034,45275,73727,88464,01521,30665,95635,88179,13762,04831,14586,70579,4846,5341,4072,0606,922,65,716676b510274132,https://xoso.com.vn/xsmt-08-03-2026.html,OK
2026-03-11,Wednesday,KHANH_HOA,866862,87359,38628,17502,64111,14548,08365,43457,02801,69899,81290,99816,0781,6648,9722,4424,377,87,334abda9cf946a69,https://xoso.com.vn/xsmt-11-03-2026.html,OK
2026-03-15,Sunday,KHANH_HOA,518891,84059,91486,60620,19038,04709,45425,06204,01306,03787,16667,96929,5912,9212,9798,4433,795,50,a08b7ca54957f90c,https://xoso.com.vn/xsmt-15-03-2026.html,OK
2026-03-18,Wednesday,KHANH_HOA,345636,13471,69711,31685,73035,18563,81343,68056,10085,50674,92505,72513,3258,6207,1854,9388,966,15,24e1e63df01ce7f3,https://xoso.com.vn/xsmt-18-03-2026.html,OK
2026-03-22,Sunday,KHANH_HOA,648581,27004,01647,61561,75310,43181,24576,37385,99808,90067,72708,34931,8074,9944,6291,6820,442,06,452c3c6db071cda3,https://xoso.com.vn/xsmt-22-03-2026.html,OK
2026-03-25,Wednesday,KHANH_HOA,037532,43284,44196,90133,31585,69759,79881,11279,55891,37546,81279,66265,0196,0308,3362,4966,382,09,73c1b2e55a5da487,https://xoso.com.vn/xsmt-25-03-2026.html,OK
2026-03-29,Sunday,KHANH_HOA,589049,14275,60044,36543,14112,39480,86251,87076,10908,79047,83601,72446,9406,9580,1046,6087,393,30,1441741183d61362,https://xoso.com.vn/xsmt-29-03-2026.html,OK
2026-04-01,Wednesday,KHANH_HOA,339568,27697,52567,11864,79213,12713,90705,86627,93595,70912,19100,62731,0207,3061,1132,1822,969,97,887b6b8455d33f34,https://xoso.com.vn/xsmt-01-04-2026.html,OK
2026-04-05,Sunday,KHANH_HOA,106834,47288,84197,73839,34242,10028,57691,31553,82736,79660,77093,71074,1146,3501,8515,3974,075,22,dc0eb2e7060cced8,https://xoso.com.vn/xsmt-05-04-2026.html,OK
2026-04-08,Wednesday,KHANH_HOA,732501,00392,14837,15567,85488,72175,23412,90076,15311,53934,89420,68512,2307,3016,1887,1983,043,07,9bce68efc917beba,https://xoso.com.vn/xsmt-08-04-2026.html,OK
2026-04-12,Sunday,KHANH_HOA,243524,70476,99482,76867,76983,19849,01141,05077,86647,30039,85452,68814,9817,6469,0928,9060,467,24,80551898d331c66c,https://xoso.com.vn/xsmt-12-04-2026.html,OK
2026-04-15,Wednesday,KHANH_HOA,665456,22308,67088,02256,51834,10783,26573,55511,95617,94206,29692,46252,1402,3849,7188,8671,049,80,88de7b0e4b8ac1e0,https://xoso.com.vn/xsmt-15-04-2026.html,OK
2026-04-19,Sunday,KHANH_HOA,459645,49854,09173,45634,07053,53704,81665,76044,66774,63239,45270,71400,7075,0548,0168,1089,276,03,a30e254f6e84fb75,https://xoso.com.vn/xsmt-19-04-2026.html,OK
2026-04-22,Wednesday,KHANH_HOA,573973,00755,30184,38315,48976,20238,30410,81930,75148,25799,02603,49218,9738,3446,5873,8720,272,35,9eb11b648be40fdf,https://xoso.com.vn/xsmt-22-04-2026.html,OK
2026-04-26,Sunday,KHANH_HOA,676666,33562,10575,15623,36831,68028,86231,96026,45819,67732,16683,99555,1871,2399,6445,6230,682,47,4d55a729003f34b2,https://xoso.com.vn/xsmt-26-04-2026.html,OK
2026-04-29,Wednesday,KHANH_HOA,933564,54085,67106,02538,49793,83357,18119,58185,53830,66919,72846,51862,0698,6302,5348,0067,139,74,d204897583688fdb,https://xoso.com.vn/xsmt-29-04-2026.html,OK
2026-05-03,Sunday,KHANH_HOA,150982,22453,82285,86920,54637,57963,19399,86601,08508,84531,97071,10787,4053,2119,5897,5221,478,09,8da978c101a03b6b,https://xoso.com.vn/xsmt-03-05-2026.html,OK
2026-05-06,Wednesday,KHANH_HOA,102504,35184,62629,16079,72434,06472,88012,26720,68748,02550,61911,01131,2937,6597,8802,9435,578,85,9a9e63d9dac479da,https://xoso.com.vn/xsmt-06-05-2026.html,OK
2026-05-10,Sunday,KHANH_HOA,150818,22809,12754,10839,82767,23175,57914,76800,07192,87952,57966,16827,3354,8024,4193,8269,815,29,2a9f2d91790117fb,https://xoso.com.vn/xsmt-10-05-2026.html,OK
2026-05-13,Wednesday,KHANH_HOA,413370,51445,59208,77545,35285,16012,77738,09524,21868,89661,55948,98184,1119,8659,1887,8391,265,58,325021d0df5fae35,https://xoso.com.vn/xsmt-13-05-2026.html,OK
2026-05-17,Sunday,KHANH_HOA,899519,01758,74790,82295,83822,25405,14398,34494,98180,12448,17439,47051,0322,8874,8146,6648,333,12,3c383a550616c805,https://xoso.com.vn/xsmt-17-05-2026.html,OK
2026-05-20,Wednesday,KHANH_HOA,914016,43462,55773,01544,92194,37705,60499,16419,13718,91139,45302,22005,6713,6691,7549,0767,387,28,b88b24b03e5e04e1,https://xoso.com.vn/xsmt-20-05-2026.html,OK
2026-05-24,Sunday,KHANH_HOA,554022,67779,52406,95071,13120,34555,25147,07197,12545,38482,93353,72378,2778,8501,7750,4098,289,32,5e23e6d6ad52f2dd,https://xoso.com.vn/xsmt-24-05-2026.html,OK
2026-05-27,Wednesday,KHANH_HOA,295812,40057,27422,69556,90651,63964,82000,76915,89358,09408,15704,91392,5045,3438,8260,5218,633,31,eb407804e3587711,https://xoso.com.vn/xsmt-27-05-2026.html,OK
2026-05-31,Sunday,KHANH_HOA,536294,18276,82755,84813,28041,80908,25391,32789,32586,91873,16459,78802,0068,2161,5810,1059,765,31,a75e08aee6f4f5d0,https://xoso.com.vn/xsmt-31-05-2026.html,OK
2026-06-03,Wednesday,KHANH_HOA,863914,40960,70789,38452,01760,36454,07068,21238,98793,13806,40414,15906,1094,8811,5557,3749,887,71,ccad88ce3a34b82f,https://xoso.com.vn/xsmt-03-06-2026.html,OK
2026-06-07,Sunday,KHANH_HOA,838736,26801,72888,80897,59285,13277,18750,10634,64185,56799,29597,51784,9077,7924,5053,9552,774,88,2417298fe091c25c,https://xoso.com.vn/xsmt-07-06-2026.html,OK
2026-06-10,Wednesday,KHANH_HOA,087038,07985,32147,32276,56291,53630,28080,28722,29138,61709,53109,41368,6592,0631,3069,2118,217,78,2ccaa0d7ce691a2c,https://xoso.com.vn/xsmt-10-06-2026.html,OK
2026-06-14,Sunday,KHANH_HOA,309580,23860,96426,70829,67954,31740,97589,98291,63545,58946,06064,53378,2833,7984,8651,4941,390,40,20e41853a3b0d568,https://xoso.com.vn/xsmt-14-06-2026.html,OK
2026-06-17,Wednesday,KHANH_HOA,089399,33934,13157,98052,92923,98138,41482,89264,60801,17618,48564,80802,7717,6932,1660,3996,572,03,21b92b4d2c36db0d,https://xoso.com.vn/xsmt-17-06-2026.html,OK
2026-06-21,Sunday,KHANH_HOA,024130,62122,39826,10827,15443,76814,78355,81750,72329,80699,51961,53181,0220,8271,5840,7257,393,93,931687a6ed8079ca,https://xoso.com.vn/xsmt-21-06-2026.html,OK
2026-06-24,Wednesday,KHANH_HOA,323992,74122,94328,63631,85489,56352,96919,38922,15759,58094,23593,06712,9943,4222,7727,0232,677,81,3dc52c0ae113eb6c,https://xoso.com.vn/xsmt-24-06-2026.html,OK
2026-06-28,Sunday,KHANH_HOA,866764,64297,42723,14592,47139,99249,59052,97722,47862,97442,96757,75611,6221,4025,8532,1027,904,51,22cbd8460ed22446,https://xoso.com.vn/xsmt-28-06-2026.html,OK
2026-07-01,Wednesday,KHANH_HOA,835168,51255,43844,49671,03438,99320,19254,37559,27469,30568,09735,58095,0837,1578,6872,1946,495,01,1e124bbb9d06a379,https://xoso.com.vn/xsmt-01-07-2026.html,OK
2026-07-05,Sunday,KHANH_HOA,326063,33780,90374,74635,07311,41086,01024,13066,39502,99050,54892,42596,8688,7724,3711,5653,964,84,dae8fa0c3cfa2944,https://xoso.com.vn/xsmt-05-07-2026.html,OK
2026-07-08,Wednesday,KHANH_HOA,918917,49246,34174,53763,80018,06448,42825,02908,46814,55279,83027,62021,0140,6107,9681,1214,414,34,38b6726731570fa0,https://xoso.com.vn/xsmt-08-07-2026.html,OK
2026-07-12,Sunday,KHANH_HOA,437936,66267,05845,78059,24566,63804,73588,30479,06527,58990,90754,78132,3949,5556,4073,0942,147,10,35e04be702bfb8cf,https://xoso.com.vn/xsmt-12-07-2026.html,OK
2026-07-15,Wednesday,KHANH_HOA,193826,92329,25997,56183,77559,49055,57346,90325,24231,25640,75688,59596,8957,4395,1897,3188,482,57,04ee6a5920804765,https://xoso.com.vn/xsmt-15-07-2026.html,OK
2026-07-19,Sunday,KHANH_HOA,048363,84290,02883,38024,75151,64467,33451,43916,67060,99831,31952,41050,4023,5410,8953,6326,727,44,afc75faf21d4918a,https://xoso.com.vn/xsmt-19-07-2026.html,OK
2026-07-22,Wednesday,KHANH_HOA,232147,41562,73353,27325,94665,42730,71770,98134,14579,09120,16246,27927,8528,7349,0203,8432,407,93,ff95fbceda35e4e2,https://xoso.com.vn/xsmt-22-07-2026.html,OK
2026-07-26,Sunday,KHANH_HOA,672739,06942,93302,07613,59525,10352,60099,86992,68274,36410,59020,56758,4481,2022,8596,3262,038,38,61b3775b699ad8cd,https://xoso.com.vn/xsmt-26-07-2026.html,OK
2026-07-29,Wednesday,KHANH_HOA,351055,41584,57507,78950,60248,89786,21049,75899,49698,10751,86722,85494,2425,1667,2482,1583,936,98,bffc04f7ca556085,https://xoso.com.vn/xsmt-29-07-2026.html,OK
2026-08-02,Sunday,KHANH_HOA,840173,16395,60120,42440,40451,79317,07514,90360,77799,20532,36680,39774,0949,3324,3262,5569,721,64,5b6460381f6cc8bc,https://xoso.com.vn/xsmt-02-08-2026.html,OK
2026-08-05,Wednesday,KHANH_HOA,659414,27674,46176,20480,73676,60342,49155,66952,29528,61028,40900,33926,2008,1704,7745,7258,266,95,ddcf18819bc2c751,https://xoso.com.vn/xsmt-05-08-2026.html,OK
2026-08-09,Sunday,KHANH_HOA,610030,67223,55622,62787,91361,79240,37977,05221,39659,31362,43082,58339,7914,4655,6444,2746,158,82,ac27f85c0ca79b6c,https://xoso.com.vn/xsmt-09-08-2026.html,OK
2026-08-12,Wednesday,KHANH_HOA,053232,48012,55076,96102,75916,12335,71405,30931,35288,80849,84689,47702,6931,4929,8265,0425,094,54,481c3852ec129070,https://xoso.com.vn/xsmt-12-08-2026.html,OK
2026-08-16,Sunday,KHANH_HOA,685303,02314,48343,44080,31645,95216,23398,91377,50636,92931,99601,40949,8888,5108,9119,2854,973,86,43e0c499e583a945,https://xoso.com.vn/xsmt-16-08-2026.html,OK
2026-08-19,Wednesday,KHANH_HOA,167249,10559,60622,09943,35933,49719,42269,35555,19769,86416,42497,21332,0848,8108,7489,8764,929,27,ce34de348c021187,https://xoso.com.vn/xsmt-19-08-2026.html,OK
